1.2523201808482196,4.569894047228482,6.512957997754956,2.856838186234819,0.05,0.0,0.0012150000000000002,-0.85,-0.9,0.0012150000000000002,-4.45,0.9,0.0012150000000000002,-4.45,-4.5,0.0012150000000000002,-0.85,-2.7,0.0012150000000000002
1.2384079764814286,4.540028876931251,6.304802150524849,2.8421526695225032,0.1,0.0,0.004860000000000001,-0.8,-0.9,0.004860000000000001,-4.4,0.9,0.004860000000000001,-4.4,-4.5,0.004860000000000001,-0.8,-2.7,0.004860000000000001
1.180675085248165,4.522845044993362,6.335892068049733,2.8690565554036787,0.15000000000000002,0.0,0.010935000000000002,-0.75,-0.9,0.010935000000000002,-4.35,0.9,0.010935000000000002,-4.35,-4.5,0.010935000000000002,-0.75,-2.7,0.010935000000000002
1.1430791340692195,4.45745843911864,6.330117450910503,2.844775339141974,0.2,0.0,0.019440000000000002,-0.7,-0.9,0.019440000000000002,-4.3,0.9,0.019440000000000002,-4.3,-4.5,0.019440000000000002,-0.7,-2.7,0.019440000000000002
1.1262139333615906,4.370649691317868,6.202002665712252,2.818655611848681,0.25,0.0,0.030375,-0.65,-0.9,0.030375,-4.25,0.9,0.030375,-4.25,-4.5,0.030375,-0.65,-2.7,0.030375
1.0930913863273182,4.39397582914846,6.252240339021809,2.772342747666803,0.3,0.0,0.043739999999999994,-0.6000000000000001,-0.9,0.043739999999999994,-4.2,0.9,0.043739999999999994,-4.2,-4.5,0.043739999999999994,-0.6000000000000001,-2.7,0.043739999999999994
1.0637659342989854,4.371921023988771,6.194117468287284,2.7967175205015007,0.35,0.0,0.05953499999999999,-0.55,-0.9,0.05953499999999999,-4.15,0.9,0.05953499999999999,-4.15,-4.5,0.05953499999999999,-0.55,-2.7,0.05953499999999999
1.046312801602647,4.275151911605353,6.117828897450642,2.757184911282512,0.39999999999999997,0.0,0.07775999999999998,-0.5,-0.9,0.07775999999999998,-4.1,0.9,0.07775999999999998,-4.1,-4.5,0.07775999999999998,-0.5,-2.7,0.07775999999999998
1.0247024203095498,4.234259942718819,6.138983434847573,2.763851135501475,0.44999999999999996,0.0,0.09841499999999997,-0.45000000000000007,-0.9,0.09841499999999997,-4.05,0.9,0.09841499999999997,-4.05,-4.5,0.09841499999999997,-0.45000000000000007,-2.7,0.09841499999999997
1.00452034185318,4.1881173559733735,6.027870742459893,2.7524663009030474,0.49999999999999994,0.0,0.12149999999999997,-0.4000000000000001,-0.9,0.12149999999999997,-4.0,0.9,0.12149999999999997,-4.0,-4.5,0.12149999999999997,-0.4000000000000001,-2.7,0.12149999999999997
0.9985350396377065,4.129574716386839,6.148351506877973,2.7703729044386107,0.5499999999999999,0.0,0.14701499999999995,-0.3500000000000001,-0.9,0.14701499999999995,-3.95,0.9,0.14701499999999995,-3.95,-4.5,0.14701499999999995,-0.3500000000000001,-2.7,0.14701499999999995
0.9664194514644109,4.024388775719414,5.9810331747336924,2.8015431447179804,0.6,0.0,0.17495999999999998,-0.30000000000000004,-0.9,0.17495999999999998,-3.9,0.9,0.17495999999999998,-3.9,-4.5,0.17495999999999998,-0.30000000000000004,-2.7,0.17495999999999998
0.9839447994029561,3.959144488456853,5.9638857713153115,2.761076107680535,0.65,0.0,0.20533500000000002,-0.25,-0.9,0.20533500000000002,-3.85,0.9,0.20533500000000002,-3.85,-4.5,0.20533500000000002,-0.25,-2.7,0.20533500000000002
0.9567407184853416,3.9994419007957096,6.04205363127199,2.7487505921396105,0.7000000000000001,0.0,0.23814000000000005,-0.19999999999999996,-0.9,0.23814000000000005,-3.8,0.9,0.23814000000000005,-3.8,-4.5,0.23814000000000005,-0.19999999999999996,-2.7,0.23814000000000005
0.9722193476989525,3.968491878217275,6.028186949905122,2.722329534429846,0.7500000000000001,0.0,0.2733750000000001,-0.1499999999999999,-0.9,0.2733750000000001,-3.75,0.9,0.2733750000000001,-3.75,-4.5,0.2733750000000001,-0.1499999999999999,-2.7,0.2733750000000001
0.967665017403218,3.8796266807351847,5.909913301760211,2.761603740699464,0.8000000000000002,0.0,0.3110400000000001,-0.09999999999999987,-0.9,0.3110400000000001,-3.6999999999999997,0.9,0.3110400000000001,-3.6999999999999997,-4.5,0.3110400000000001,-0.09999999999999987,-2.7,0.3110400000000001
0.9674415192758427,3.85284217668144,5.914845089559156,2.784939029100613,0.8500000000000002,0.0,0.35113500000000014,-0.04999999999999982,-0.9,0.35113500000000014,-3.65,0.9,0.35113500000000014,-3.65,-4.5,0.35113500000000014,-0.04999999999999982,-2.7,0.35113500000000014
1.008455928459557,3.8377364457313647,5.897724168398971,2.8006462734250923,0.9000000000000002,0.0,0.3936600000000002,2.220446049250313e-16,-0.9,0.3936600000000002,-3.5999999999999996,0.9,0.3936600000000002,-3.5999999999999996,-4.5,0.3936600000000002,2.220446049250313e-16,-2.7,0.3936600000000002
1.009156367935967,3.785434026043655,5.8295967670795,2.7996972053965994,0.9500000000000003,0.0,0.43861500000000025,0.050000000000000266,-0.9,0.43861500000000025,-3.55,0.9,0.43861500000000025,-3.55,-4.5,0.43861500000000025,0.050000000000000266,-2.7,0.43861500000000025
1.0399419456570305,3.697375977426841,5.759110505465046,2.7969488403157525,1.0000000000000002,0.0,0.4860000000000002,0.1000000000000002,-0.9,0.4860000000000002,-3.5,0.9,0.4860000000000002,-3.5,-4.5,0.4860000000000002,0.1000000000000002,-2.7,0.4860000000000002
1.0819858840338394,3.6602013183268154,5.794585427958674,2.796494879457254,1.0500000000000003,0.0,0.5358150000000003,0.15000000000000024,-0.9,0.5358150000000003,-3.4499999999999997,0.9,0.5358150000000003,-3.4499999999999997,-4.5,0.5358150000000003,0.15000000000000024,-2.7,0.5358150000000003
1.1255563926930106,3.6182509855032587,5.78739094585449,2.8285479051181284,1.1000000000000003,0.0,0.5880600000000002,0.2000000000000003,-0.9,0.5880600000000002,-3.3999999999999995,0.9,0.5880600000000002,-3.3999999999999995,-4.5,0.5880600000000002,0.2000000000000003,-2.7,0.5880600000000002
1.156521141449167,3.609510846196229,5.717728308876733,2.848028805494347,1.1500000000000004,0.0,0.6427350000000004,0.25000000000000033,-0.9,0.6427350000000004,-3.3499999999999996,0.9,0.6427350000000004,-3.3499999999999996,-4.5,0.6427350000000004,0.25000000000000033,-2.7,0.6427350000000004
1.2105955216300586,3.539604141704892,5.778702923907524,2.818535434754161,1.2000000000000004,0.0,0.6998400000000005,0.3000000000000004,-0.9,0.6998400000000005,-3.3,0.9,0.6998400000000005,-3.3,-4.5,0.6998400000000005,0.3000000000000004,-2.7,0.6998400000000005
0.9412761404019427,3.6464841908174077,5.541634551261893,2.4953315353820367,1.1500000000000004,0.3442382895611686,0.7098400000000005,0.25000000000000033,-0.5557617104388315,0.7098400000000005,-3.3499999999999996,1.2442382895611686,0.7098400000000005,-3.3499999999999996,-4.155761710438831,0.7098400000000005,0.25000000000000033,-2.3557617104388315,0.7098400000000005
0.8627772069791093,3.814223818301674,5.418264676742898,2.3524798728582192,1.1000000000000003,0.4806245936279158,0.7198400000000005,0.2000000000000003,-0.4193754063720842,0.7198400000000005,-3.3999999999999995,1.3806245936279158,0.7198400000000005,-3.3999999999999995,-4.019375406372085,0.7198400000000005,0.2000000000000003,-2.2193754063720843,0.7198400000000005
0.8302258484050538,3.8735288832316517,5.2908770348965515,2.3112339773230297,1.0500000000000003,0.5818075283115537,0.7298400000000005,0.15000000000000024,-0.31819247168844633,0.7298400000000005,-3.4499999999999997,1.4818075283115537,0.7298400000000005,-3.4499999999999997,-3.9181924716884464,0.7298400000000005,0.15000000000000024,-2.1181924716884466,0.7298400000000005
0.7838129563560639,4.011981401073255,5.2857680331332,2.201740336794726,1.0000000000000002,0.6640783086353592,0.7398400000000005,0.1000000000000002,-0.2359216913646408,0.7398400000000005,-3.5,1.5640783086353593,0.7398400000000005,-3.5,-3.835921691364641,0.7398400000000005,0.1000000000000002,-2.035921691364641,0.7398400000000005
0.7811343089829332,4.038837515237073,5.349341204547171,2.1124602343042844,0.9500000000000002,0.7338255923582929,0.7498400000000005,0.050000000000000155,-0.1661744076417071,0.7498400000000005,-3.55,1.633825592358293,0.7498400000000005,-3.55,-3.766174407641707,0.7498400000000005,0.050000000000000155,-1.9661744076417071,0.7498400000000005
0.7832568633702337,4.071095765045235,5.3699291362923125,2.0526717388845994,0.9000000000000001,0.7943550843294197,0.7598400000000005,1.1102230246251565e-16,-0.10564491567058032,0.7598400000000005,-3.5999999999999996,1.6943550843294197,0.7598400000000005,-3.5999999999999996,-3.70564491567058,0.7598400000000005,1.1102230246251565e-16,-1.9056449156705804,0.7598400000000005
0.7931133777949299,4.171474319173908,5.3155842310311145,2.0472692974914626,0.8500000000000001,0.8476437931112335,0.7698400000000005,-0.04999999999999993,-0.05235620688876652,0.7698400000000005,-3.65,1.7476437931112336,0.7698400000000005,-3.65,-3.6523562068887667,0.7698400000000005,-0.04999999999999993,-1.8523562068887667,0.7698400000000005
0.792354490729142,4.294123838660137,5.351754532543139,2.0019071475343737,0.8,0.8949860334105777,0.7798400000000005,-0.09999999999999998,-0.005013966589422325,0.7798400000000005,-3.7,1.7949860334105776,0.7798400000000005,-3.7,-3.6050139665894223,0.7798400000000005,-0.09999999999999998,-1.8050139665894225,0.7798400000000005
0.8116266037145219,4.284420623439674,5.336392805884414,1.9670940817305376,0.75,0.9372833082905082,0.7898400000000005,-0.15000000000000002,0.03728330829050819,0.7898400000000005,-3.75,1.8372833082905082,0.7898400000000005,-3.75,-3.562716691709492,0.7898400000000005,-0.15000000000000002,-1.762716691709492,0.7898400000000005
0.8340161116315602,4.38804936630288,5.375300624152841,1.9226010577213226,0.7,0.9751922887307917,0.7998400000000006,-0.20000000000000007,0.07519228873079165,0.7998400000000006,-3.8,1.8751922887307917,0.7998400000000006,-3.8,-3.5248077112692084,0.7998400000000006,-0.20000000000000007,-1.7248077112692086,0.7998400000000006
0.8686783740602033,4.496139458826172,5.364892740730974,1.9360839634915294,0.6499999999999999,1.0092076099594176,0.8098400000000006,-0.2500000000000001,0.10920760995941758,0.8098400000000006,-3.85,1.9092076099594175,0.8098400000000006,-3.85,-3.4907923900405824,0.8098400000000006,-0.2500000000000001,-1.6907923900405826,0.8098400000000006
0.8952103533700723,4.459688794773842,5.351440863863907,1.9037343792739543,0.5999999999999999,1.0397114984456024,0.8198400000000006,-0.30000000000000016,0.13971149844560238,0.8198400000000006,-3.9000000000000004,1.9397114984456025,0.8198400000000006,-3.9000000000000004,-3.4602885015543974,0.8198400000000006,-0.30000000000000016,-1.6602885015543978,0.8198400000000006
0.9302412923017107,4.592081639002232,5.360585819120467,1.912964551491182,0.5499999999999998,1.0670051546267245,0.8298400000000006,-0.3500000000000002,0.1670051546267245,0.8298400000000006,-3.95,1.9670051546267247,0.8298400000000006,-3.95,-3.4329948453732753,0.8298400000000006,-0.3500000000000002,-1.6329948453732757,0.8298400000000006
0.9621908982871337,4.633569946707465,5.325291611729482,1.86273388913095,0.49999999999999983,1.0913294644606641,0.8398400000000006,-0.4000000000000002,0.19132946446066412,0.8398400000000006,-4.0,1.991329464460664,0.8398400000000006,-4.0,-3.408670535539336,0.8398400000000006,-0.4000000000000002,-1.608670535539336,0.8398400000000006
1.0116148377175307,4.670308527820276,5.470878400934981,1.8856797562211747,0.44999999999999984,1.1128791488746654,0.8498400000000006,-0.4500000000000002,0.2128791488746654,0.8498400000000006,-4.05,2.0128791488746653,0.8498400000000006,-4.05,-3.3871208511253346,0.8498400000000006,-0.4500000000000002,-1.5871208511253347,0.8498400000000006
1.0373739327294138,4.725664052158755,5.375983649128567,1.879307888937321,0.39999999999999986,1.1318127053536728,0.8598400000000006,-0.5000000000000002,0.23181270535367282,0.8598400000000006,-4.1000000000000005,2.0318127053536728,0.8598400000000006,-4.1000000000000005,-3.368187294646327,0.8598400000000006,-0.5000000000000002,-1.5681872946463273,0.8598400000000006
1.0835525218621946,4.837733643794319,5.473117218691266,1.915468902272035,0.34999999999999987,1.1482595525402783,0.8698400000000006,-0.5500000000000002,0.24825955254027832,0.8698400000000006,-4.15,2.0482595525402782,0.8698400000000006,-4.15,-3.3517404474597217,0.8698400000000006,-0.5500000000000002,-1.5517404474597218,0.8698400000000006
1.1209381458400582,4.903139700325966,5.5622918092705,1.8745733022605517,0.2999999999999999,1.1623252556836232,0.8798400000000006,-0.6000000000000001,0.2623252556836232,0.8798400000000006,-4.2,2.062325255683623,0.8798400000000006,-4.2,-3.337674744316377,0.8798400000000006,-0.6000000000000001,-1.537674744316377,0.8798400000000006
1.155446419251299,4.847117075999646,5.529178848956333,1.8921995327525791,0.2499999999999999,1.1740953964648697,0.8898400000000006,-0.6500000000000001,0.2740953964648697,0.8898400000000006,-4.25,2.0740953964648696,0.8898400000000006,-4.25,-3.3259046035351303,0.8898400000000006,-0.6500000000000001,-1.5259046035351305,0.8898400000000006
1.1797280233027438,4.927034255266885,5.50742016769557,1.909680255053656,0.1999999999999999,1.183638458314024,0.8998400000000006,-0.7000000000000002,0.283638458314024,0.8998400000000006,-4.3,2.083638458314024,0.8998400000000006,-4.3,-3.3163615416859757,0.8998400000000006,-0.7000000000000002,-1.5163615416859761,0.8998400000000006
1.2184324760854495,5.051815438859921,5.557082474894911,1.9344554387181463,0.1499999999999999,1.1910079764636339,0.9098400000000006,-0.7500000000000001,0.29100797646363386,0.9098400000000006,-4.35,2.091007976463634,0.9098400000000006,-4.35,-3.308992023536366,0.9098400000000006,-0.7500000000000001,-1.5089920235363663,0.9098400000000006
1.2659283390669989,4.992628333185512,5.628835824366515,1.9917863523603316,0.09999999999999991,1.196244122242613,0.9198400000000007,-0.8000000000000002,0.296244122242613,0.9198400000000007,-4.4,2.096244122242613,0.9198400000000007,-4.4,-3.303755877757387,0.9198400000000007,-0.8000000000000002,-1.5037558777573872,0.9198400000000007
1.315218715069188,5.029128769046361,5.679572974870767,1.9835092034415678,0.049999999999999906,1.199374837154757,0.9298400000000007,-0.8500000000000001,0.299374837154757,0.9298400000000007,-4.45,2.099374837154757,0.9298400000000007,-4.45,-3.300625162845243,0.9298400000000007,-0.8500000000000001,-1.5006251628452432,0.9298400000000007
1.3634899401387555,5.083903095225055,5.716041801573943,2.036146875976863,-9.71445146547012e-17,1.20041659435381,0.9398400000000007,-0.9000000000000001,0.3004165943538101,0.9398400000000007,-4.5,2.1004165943538102,0.9398400000000007,-4.5,-3.2995834056461897,0.9398400000000007,-0.9000000000000001,-1.49958340564619,0.9398400000000007
1.384103774414109,5.249441671838684,5.839113445871034,2.0361818810775865,-0.0500000000000001,1.199374837154757,0.9498400000000007,-0.9500000000000002,0.299374837154757,0.9498400000000007,-4.55,2.099374837154757,0.9498400000000007,-4.55,-3.300625162845243,0.9498400000000007,-0.9500000000000002,-1.5006251628452432,0.9498400000000007
1.4281929224741219,5.158341987028531,5.750885125753718,2.078169810065999,-0.1000000000000001,1.196244122242613,0.9598400000000007,-1.0000000000000002,0.296244122242613,0.9598400000000007,-4.6000000000000005,2.096244122242613,0.9598400000000007,-4.6000000000000005,-3.303755877757387,0.9598400000000007,-1.0000000000000002,-1.5037558777573872,0.9598400000000007
1.4896377111504995,5.235106589326078,5.801264858700478,2.1117451396090785,-0.1500000000000001,1.1910079764636339,0.9698400000000007,-1.05,0.29100797646363386,0.9698400000000007,-4.65,2.091007976463634,0.9698400000000007,-4.65,-3.308992023536366,0.9698400000000007,-1.05,-1.5089920235363663,0.9698400000000007
1.5100795724985794,5.27960004439608,5.838740358379882,2.1491551400216773,-0.20000000000000012,1.183638458314024,0.9798400000000007,-1.1,0.283638458314024,0.9798400000000007,-4.7,2.083638458314024,0.9798400000000007,-4.7,-3.3163615416859757,0.9798400000000007,-1.1,-1.5163615416859761,0.9798400000000007
1.575980429536471,5.3273058190148594,6.053398111730824,2.210325260126004,-0.2500000000000001,1.1740953964648697,0.9898400000000007,-1.1500000000000001,0.2740953964648697,0.9898400000000007,-4.75,2.0740953964648696,0.9898400000000007,-4.75,-3.3259046035351303,0.9898400000000007,-1.1500000000000001,-1.5259046035351305,0.9898400000000007
1.5949256588787994,5.415626420818817,6.047556571950132,2.1937895561030265,-0.3000000000000001,1.162325255683623,0.9998400000000007,-1.2000000000000002,0.26232525568362297,0.9998400000000007,-4.8,2.062325255683623,0.9998400000000007,-4.8,-3.3376747443163772,0.9998400000000007,-1.2000000000000002,-1.5376747443163772,0.9998400000000007
1.6647959838802073,5.399235991179044,6.15048283057317,2.2874784713138845,-0.3500000000000001,1.1482595525402781,1.0098400000000007,-1.25,0.2482595525402781,1.0098400000000007,-4.85,2.0482595525402782,1.0098400000000007,-4.85,-3.351740447459722,1.0098400000000007,-1.25,-1.551740447459722,1.0098400000000007
1.7064376816630535,5.4825943297723985,6.204654172115177,2.2785282514419865,-0.4000000000000001,1.1318127053536728,1.0198400000000007,-1.3,0.23181270535367282,1.0198400000000007,-4.9,2.0318127053536728,1.0198400000000007,-4.9,-3.368187294646327,1.0198400000000007,-1.3,-1.5681872946463273,1.0198400000000007
1.7349179324773496,5.58151764636295,6.113801296759714,2.347630556959435,-0.45000000000000007,1.1128791488746654,1.0298400000000008,-1.35,0.2128791488746654,1.0298400000000008,-4.95,2.0128791488746653,1.0298400000000008,-4.95,-3.3871208511253346,1.0298400000000008,-1.35,-1.5871208511253347,1.0298400000000008
1.7974146935104,5.624143571975801,6.3107316505292985,2.3976139835265027,-0.5000000000000001,1.0913294644606641,1.0398400000000008,-1.4000000000000001,0.19132946446066412,1.0398400000000008,-5.0,1.991329464460664,1.0398400000000008,-5.0,-3.408670535539336,1.0398400000000008,-1.4000000000000001,-1.608670535539336,1.0398400000000008
1.8483190907405476,5.654144476080294,6.354229706067737,2.4530086570033616,-0.5500000000000002,1.0670051546267243,1.0498400000000008,-1.4500000000000002,0.16700515462672427,1.0498400000000008,-5.05,1.9670051546267242,1.0498400000000008,-5.05,-3.4329948453732757,1.0498400000000008,-1.4500000000000002,-1.6329948453732759,1.0498400000000008
1.8609610669769352,5.589923976739771,6.310029274993634,2.4835709866544144,-0.6000000000000002,1.0397114984456022,1.0598400000000008,-1.5000000000000002,0.13971149844560216,1.0598400000000008,-5.1000000000000005,1.939711498445602,1.0598400000000008,-5.1000000000000005,-3.460288501554398,1.0598400000000008,-1.5000000000000002,-1.660288501554398,1.0598400000000008
1.888363793546104,5.657094776350417,6.409601527165984,2.539165024458084,-0.6500000000000002,1.0092076099594174,1.0698400000000008,-1.5500000000000003,0.10920760995941736,1.0698400000000008,-5.15,1.9092076099594175,1.0698400000000008,-5.15,-3.490792390040583,1.0698400000000008,-1.5500000000000003,-1.6907923900405828,1.0698400000000008
1.9730637442304517,5.728221411089807,6.447863506729093,2.6017379603030686,-0.7000000000000003,0.9751922887307914,1.0798400000000008,-1.6000000000000003,0.07519228873079142,1.0798400000000008,-5.2,1.8751922887307915,1.0798400000000008,-5.2,-3.5248077112692084,1.0798400000000008,-1.6000000000000003,-1.7248077112692086,1.0798400000000008
2.023944554349021,5.833946668216106,6.490754043042885,2.7131992183607703,-0.7500000000000003,0.9372833082905079,1.0898400000000008,-1.6500000000000004,0.037283308290507855,1.0898400000000008,-5.25,1.837283308290508,1.0898400000000008,-5.25,-3.5627166917094923,1.0898400000000008,-1.6500000000000004,-1.7627166917094923,1.0898400000000008
2.0827370310917797,5.816888520198035,6.68948079832734,2.7693415835772623,-0.8000000000000004,0.8949860334105775,1.0998400000000008,-1.7000000000000004,-0.005013966589422547,1.0998400000000008,-5.300000000000001,1.7949860334105776,1.0998400000000008,-5.300000000000001,-3.6050139665894223,1.0998400000000008,-1.7000000000000004,-1.8050139665894227,1.0998400000000008
2.1037782814003396,5.800254393088398,6.65784603203903,2.8214524856886096,-0.8500000000000004,0.8476437931112332,1.1098400000000008,-1.7500000000000004,-0.052356206888766854,1.1098400000000008,-5.3500000000000005,1.7476437931112332,1.1098400000000008,-5.3500000000000005,-3.6523562068887667,1.1098400000000008,-1.7500000000000004,-1.852356206888767,1.1098400000000008
2.174484714828628,5.932511592299953,6.673171661248468,2.8657707534314047,-0.9000000000000005,0.7943550843294194,1.1198400000000008,-1.8000000000000005,-0.10564491567058065,1.1198400000000008,-5.4,1.6943550843294193,1.1198400000000008,-5.4,-3.7056449156705806,1.1198400000000008,-1.8000000000000005,-1.9056449156705808,1.1198400000000008
2.187742330902098,5.804234996772226,6.890003271573018,2.9813247226322255,-0.9500000000000005,0.7338255923582925,1.1298400000000008,-1.8500000000000005,-0.16617440764170754,1.1298400000000008,-5.45,1.6338255923582925,1.1298400000000008,-5.45,-3.7661744076417074,1.1298400000000008,-1.8500000000000005,-1.9661744076417076,1.1298400000000008
2.278876980988089,5.956352278108255,6.821985954542067,3.0113917365910483,-1.0000000000000004,0.6640783086353589,1.1398400000000009,-1.9000000000000004,-0.23592169136464114,1.1398400000000009,-5.5,1.564078308635359,1.1398400000000009,-5.5,-3.835921691364641,1.1398400000000009,-1.9000000000000004,-2.035921691364641,1.1398400000000009
2.353047867981706,5.932480388776519,6.953916005338085,3.1794883938753626,-1.0500000000000005,0.5818075283115534,1.1498400000000009,-1.9500000000000006,-0.31819247168844667,1.1498400000000009,-5.550000000000001,1.4818075283115535,1.1498400000000009,-5.550000000000001,-3.918192471688447,1.1498400000000009,-1.9500000000000006,-2.118192471688447,1.1498400000000009
2.354537362716673,5.912454315428683,7.123602213641794,3.209690701851587,-1.1000000000000005,0.4806245936279153,1.1598400000000009,-2.0000000000000004,-0.4193754063720847,1.1598400000000009,-5.6000000000000005,1.3806245936279153,1.1598400000000009,-5.6000000000000005,-4.019375406372085,1.1598400000000009,-2.0000000000000004,-2.2193754063720847,1.1598400000000009
2.482210916310144,5.929330871764826,7.244990772033346,3.3727362656263695,-1.1500000000000006,0.3442382895611679,1.1698400000000009,-2.0500000000000007,-0.5557617104388322,1.1698400000000009,-5.65,1.2442382895611679,1.1698400000000009,-5.65,-4.155761710438832,1.1698400000000009,-2.0500000000000007,-2.3557617104388324,1.1698400000000009
2.585128230317697,5.896791177190792,7.499272228454381,3.638156340624959,-1.2000000000000006,0.031622776601657465,1.1798400000000009,-2.1000000000000005,-0.8683772233983426,1.1798400000000009,-5.700000000000001,0.9316227766016575,1.1798400000000009,-5.700000000000001,-4.468377223398343,1.1798400000000009,-2.1000000000000005,-2.668377223398343,1.1798400000000009
2.755792221771348,5.9369441094444895,7.713324373520022,3.8911816315099905,-1.1500000000000006,-0.3442382895611679,1.189840000000001,-2.0500000000000007,-1.2442382895611679,1.189840000000001,-5.65,0.5557617104388322,1.189840000000001,-5.65,-4.844238289561168,1.189840000000001,-2.0500000000000007,-3.044238289561168,1.189840000000001
2.759133205935158,5.757166758578597,7.8071146706252055,3.969186100575726,-1.1000000000000005,-0.4806245936279153,1.199840000000001,-2.0000000000000004,-1.3806245936279153,1.199840000000001,-5.6000000000000005,0.4193754063720847,1.199840000000001,-5.6000000000000005,-4.980624593627915,1.199840000000001,-2.0000000000000004,-3.1806245936279156,1.199840000000001
2.7872874479567957,5.759771241947891,7.762979021689472,4.102205596263455,-1.0500000000000005,-0.5818075283115534,1.209840000000001,-1.9500000000000006,-1.4818075283115535,1.209840000000001,-5.550000000000001,0.31819247168844667,1.209840000000001,-5.550000000000001,-5.081807528311553,1.209840000000001,-1.9500000000000006,-3.2818075283115533,1.209840000000001
2.7993278106958797,5.681649303287603,7.746526741731276,4.096620363596759,-1.0000000000000004,-0.6640783086353589,1.219840000000001,-1.9000000000000004,-1.564078308635359,1.219840000000001,-5.5,0.23592169136464114,1.219840000000001,-5.5,-5.164078308635359,1.219840000000001,-1.9000000000000004,-3.364078308635359,1.219840000000001
2.8345837048468208,5.7224311710631754,7.728291851741728,4.1417357626332985,-0.9500000000000004,-0.7338255923582927,1.229840000000001,-1.8500000000000005,-1.6338255923582927,1.229840000000001,-5.45,0.16617440764170732,1.229840000000001,-5.45,-5.233825592358293,1.229840000000001,-1.8500000000000005,-3.4338255923582928,1.229840000000001
2.8306573142689175,5.636205981610351,7.842129932672567,4.145310358573399,-0.9000000000000004,-0.7943550843294196,1.239840000000001,-1.8000000000000003,-1.6943550843294197,1.239840000000001,-5.4,0.10564491567058043,1.239840000000001,-5.4,-5.294355084329419,1.239840000000001,-1.8000000000000003,-3.4943550843294195,1.239840000000001
2.8346185406679703,5.595874044118125,7.679738313458739,4.194333182581897,-0.8500000000000003,-0.8476437931112334,1.249840000000001,-1.7500000000000004,-1.7476437931112334,1.249840000000001,-5.3500000000000005,0.05235620688876663,1.249840000000001,-5.3500000000000005,-5.347643793111233,1.249840000000001,-1.7500000000000004,-3.5476437931112335,1.249840000000001
2.7816391983083952,5.5094073169056585,7.7851194866482505,4.268766337117627,-0.8000000000000003,-0.8949860334105775,1.259840000000001,-1.7000000000000002,-1.7949860334105776,1.259840000000001,-5.300000000000001,0.005013966589422547,1.259840000000001,-5.300000000000001,-5.394986033410578,1.259840000000001,-1.7000000000000002,-3.594986033410578,1.259840000000001
2.7948776317536472,5.539791411697552,7.883844648592042,4.28582294878943,-0.7500000000000002,-0.937283308290508,1.269840000000001,-1.6500000000000004,-1.837283308290508,1.269840000000001,-5.25,-0.037283308290507966,1.269840000000001,-5.25,-5.437283308290508,1.269840000000001,-1.6500000000000004,-3.6372833082905083,1.269840000000001
2.8570963155997102,5.456300622391907,7.866454075417603,4.319587445976291,-0.7000000000000002,-0.9751922887307916,1.279840000000001,-1.6,-1.8751922887307915,1.279840000000001,-5.2,-0.07519228873079153,1.279840000000001,-5.2,-5.475192288730792,1.279840000000001,-1.6,-3.6751922887307917,1.279840000000001
2.806621758251051,5.397586218645155,7.655625319362043,4.329423185541276,-0.6500000000000001,-1.0092076099594174,1.289840000000001,-1.5500000000000003,-1.9092076099594175,1.289840000000001,-5.15,-0.10920760995941736,1.289840000000001,-5.15,-5.509207609959417,1.289840000000001,-1.5500000000000003,-3.7092076099594173,1.289840000000001
2.8255918966696023,5.331860476142118,7.857749561627716,4.323882586290404,-0.6000000000000001,-1.0397114984456024,1.299840000000001,-1.5,-1.9397114984456025,1.299840000000001,-5.1,-0.13971149844560238,1.299840000000001,-5.1,-5.539711498445603,1.299840000000001,-1.5,-3.739711498445603,1.299840000000001
2.786344390025226,5.355820832979233,7.838571370977198,4.309664999227084,-0.55,-1.0670051546267243,1.309840000000001,-1.4500000000000002,-1.9670051546267242,1.309840000000001,-5.05,-0.16700515462672427,1.309840000000001,-5.05,-5.567005154626724,1.309840000000001,-1.4500000000000002,-3.7670051546267245,1.309840000000001
2.777431349306435,5.298251210474383,7.785381000940187,4.257590302815413,-0.5,-1.0913294644606641,1.319840000000001,-1.4,-1.991329464460664,1.319840000000001,-5.0,-0.19132946446066412,1.319840000000001,-5.0,-5.591329464460664,1.319840000000001,-1.4,-3.7913294644606643,1.319840000000001
2.7699843873450067,5.140120226259353,7.611147422881853,4.27880831170693,-0.45,-1.1128791488746654,1.329840000000001,-1.35,-2.0128791488746653,1.329840000000001,-4.95,-0.2128791488746654,1.329840000000001,-4.95,-5.612879148874665,1.329840000000001,-1.35,-3.8128791488746656,1.329840000000001
2.800377865486349,5.224072656555314,7.778441322406844,4.341713638763421,-0.4,-1.1318127053536728,1.339840000000001,-1.3,-2.0318127053536728,1.339840000000001,-4.9,-0.23181270535367282,1.339840000000001,-4.9,-5.631812705353672,1.339840000000001,-1.3,-3.831812705353673,1.339840000000001
2.819707937578298,5.065305537104852,7.690510160335182,4.385303436657413,-0.35000000000000003,-1.1482595525402781,1.349840000000001,-1.25,-2.0482595525402782,1.349840000000001,-4.85,-0.2482595525402781,1.349840000000001,-4.85,-5.648259552540278,1.349840000000001,-1.25,-3.848259552540278,1.349840000000001
2.821257735240464,5.112781488014896,7.6670570039715065,4.316366207298876,-0.30000000000000004,-1.162325255683623,1.359840000000001,-1.2000000000000002,-2.062325255683623,1.359840000000001,-4.8,-0.26232525568362297,1.359840000000001,-4.8,-5.662325255683623,1.359840000000001,-1.2000000000000002,-3.862325255683623,1.359840000000001
2.7627049127599155,4.999183330249265,7.68331565726891,4.390363400895207,-0.25000000000000006,-1.1740953964648697,1.369840000000001,-1.1500000000000001,-2.0740953964648696,1.369840000000001,-4.75,-0.2740953964648697,1.369840000000001,-4.75,-5.674095396464869,1.369840000000001,-1.1500000000000001,-3.87409539646487,1.369840000000001
2.7931220587271186,4.967073764662006,7.673634252869141,4.3210227843324684,-0.20000000000000007,-1.183638458314024,1.379840000000001,-1.1,-2.083638458314024,1.379840000000001,-4.7,-0.283638458314024,1.379840000000001,-4.7,-5.683638458314024,1.379840000000001,-1.1,-3.8836384583140244,1.379840000000001
2.786605580764305,5.0017617224547495,7.496715889181739,4.340719119819831,-0.15000000000000008,-1.1910079764636339,1.389840000000001,-1.05,-2.091007976463634,1.389840000000001,-4.65,-0.29100797646363386,1.389840000000001,-4.65,-5.691007976463634,1.389840000000001,-1.05,-3.891007976463634,1.389840000000001
2.757974094661513,4.838613225088622,7.543229615976775,4.368095103668694,-0.10000000000000007,-1.196244122242613,1.399840000000001,-1.0,-2.096244122242613,1.399840000000001,-4.6,-0.296244122242613,1.399840000000001,-4.6,-5.696244122242613,1.399840000000001,-1.0,-3.896244122242613,1.399840000000001
2.7125490216621158,4.910779094628852,7.469754021259598,4.377326524067084,-0.05000000000000007,-1.199374837154757,1.409840000000001,-0.9500000000000001,-2.099374837154757,1.409840000000001,-4.55,-0.299374837154757,1.409840000000001,-4.55,-5.699374837154757,1.409840000000001,-0.9500000000000001,-3.899374837154757,1.409840000000001
2.761630869134083,4.848651964610391,7.4846108028299945,4.256636504754664,-6.938893903907228e-17,-1.20041659435381,1.419840000000001,-0.9000000000000001,-2.1004165943538102,1.419840000000001,-4.5,-0.3004165943538101,1.419840000000001,-4.5,-5.70041659435381,1.419840000000001,-0.9000000000000001,-3.9004165943538105,1.419840000000001
2.752946421353924,4.707960524604314,7.4667551286337,4.246870047418371,0.04999999999999993,-1.199374837154757,1.429840000000001,-0.8500000000000001,-2.099374837154757,1.429840000000001,-4.45,-0.299374837154757,1.429840000000001,-4.45,-5.699374837154757,1.429840000000001,-0.8500000000000001,-3.899374837154757,1.429840000000001
2.706752604081363,4.7732115484829105,7.358420215484224,4.281591124001032,0.09999999999999994,-1.196244122242613,1.4398400000000011,-0.8,-2.096244122242613,1.4398400000000011,-4.4,-0.296244122242613,1.4398400000000011,-4.4,-5.696244122242613,1.4398400000000011,-0.8,-3.896244122242613,1.4398400000000011
2.6836853813078814,4.623569476519491,7.394639376156011,4.321149457337241,0.14999999999999994,-1.1910079764636339,1.4498400000000011,-0.7500000000000001,-2.091007976463634,1.4498400000000011,-4.35,-0.29100797646363386,1.4498400000000011,-4.35,-5.691007976463634,1.4498400000000011,-0.7500000000000001,-3.891007976463634,1.4498400000000011
2.6551109500921823,4.6450106836010345,7.465605870744899,4.247904209509695,0.19999999999999996,-1.183638458314024,1.4598400000000011,-0.7000000000000001,-2.083638458314024,1.4598400000000011,-4.3,-0.283638458314024,1.4598400000000011,-4.3,-5.683638458314024,1.4598400000000011,-0.7000000000000001,-3.8836384583140244,1.4598400000000011
2.690153065194015,4.507219704745018,7.40779307522365,4.256164507606171,0.24999999999999994,-1.1740953964648697,1.4698400000000011,-0.6500000000000001,-2.0740953964648696,1.4698400000000011,-4.25,-0.2740953964648697,1.4698400000000011,-4.25,-5.674095396464869,1.4698400000000011,-0.6500000000000001,-3.87409539646487,1.4698400000000011
2.6280835439494115,4.493361790590096,7.30371489485687,4.223639684465108,0.29999999999999993,-1.1623252556836232,1.4798400000000012,-0.6000000000000001,-2.062325255683623,1.4798400000000012,-4.2,-0.2623252556836232,1.4798400000000012,-4.2,-5.662325255683623,1.4798400000000012,-0.6000000000000001,-3.8623252556836234,1.4798400000000012
2.6136029582279328,4.5268341055655,7.204408143929103,4.199305250196088,0.3499999999999999,-1.1482595525402781,1.4898400000000012,-0.55,-2.0482595525402782,1.4898400000000012,-4.15,-0.2482595525402781,1.4898400000000012,-4.15,-5.648259552540278,1.4898400000000012,-0.55,-3.848259552540278,1.4898400000000012
2.6480376199243323,4.418630597521955,7.323235994757244,4.152169847255483,0.3999999999999999,-1.1318127053536728,1.4998400000000012,-0.5000000000000001,-2.0318127053536728,1.4998400000000012,-4.1,-0.23181270535367282,1.4998400000000012,-4.1,-5.631812705353672,1.4998400000000012,-0.5000000000000001,-3.831812705353673,1.4998400000000012
2.5919730503589107,4.447751757284137,7.280072476212358,4.233418826788355,0.4499999999999999,-1.1128791488746654,1.5098400000000012,-0.4500000000000001,-2.0128791488746653,1.5098400000000012,-4.05,-0.2128791488746654,1.5098400000000012,-4.05,-5.612879148874665,1.5098400000000012,-0.4500000000000001,-3.8128791488746656,1.5098400000000012
2.6095456570521653,4.327208242302404,7.211631338433954,4.189351436822283,0.4999999999999999,-1.0913294644606641,1.5198400000000012,-0.40000000000000013,-1.991329464460664,1.5198400000000012,-4.0,-0.19132946446066412,1.5198400000000012,-4.0,-5.591329464460664,1.5198400000000012,-0.40000000000000013,-3.7913294644606643,1.5198400000000012
2.581789838748476,4.28653214349899,7.061729878688323,4.1716241724254575,0.5499999999999999,-1.0670051546267243,1.5298400000000012,-0.3500000000000001,-1.9670051546267242,1.5298400000000012,-3.95,-0.16700515462672427,1.5298400000000012,-3.95,-5.567005154626724,1.5298400000000012,-0.3500000000000001,-3.7670051546267245,1.5298400000000012
2.5174217257886995,4.206970983348985,7.118869976373303,4.159584720293053,0.6,-1.0397114984456024,1.5398400000000012,-0.30000000000000004,-1.9397114984456025,1.5398400000000012,-3.9,-0.13971149844560238,1.5398400000000012,-3.9,-5.539711498445603,1.5398400000000012,-0.30000000000000004,-3.739711498445603,1.5398400000000012
2.4738802892557703,4.201274833736543,6.903467444582329,4.06489852792621,0.65,-1.0092076099594174,1.5498400000000012,-0.25,-1.9092076099594175,1.5498400000000012,-3.85,-0.10920760995941736,1.5498400000000012,-3.85,-5.509207609959417,1.5498400000000012,-0.25,-3.7092076099594173,1.5498400000000012
2.495561068081008,4.19176740549963,6.901443462814746,4.012468597909302,0.7000000000000001,-0.9751922887307917,1.5598400000000012,-0.19999999999999996,-1.8751922887307917,1.5598400000000012,-3.8,-0.07519228873079165,1.5598400000000012,-3.8,-5.475192288730792,1.5598400000000012,-0.19999999999999996,-3.6751922887307917,1.5598400000000012
2.4609713913212468,4.129719453231166,6.9194083303063625,4.081725100726215,0.7500000000000001,-0.9372833082905081,1.5698400000000012,-0.1499999999999999,-1.837283308290508,1.5698400000000012,-3.75,-0.03728330829050808,1.5698400000000012,-3.75,-5.4372833082905085,1.5698400000000012,-0.1499999999999999,-3.6372833082905083,1.5698400000000012
2.42637822250406,4.081748146106449,6.902371284436012,4.006853156879107,0.8000000000000002,-0.8949860334105777,1.5798400000000012,-0.09999999999999987,-1.7949860334105776,1.5798400000000012,-3.6999999999999997,0.005013966589422325,1.5798400000000012,-3.6999999999999997,-5.394986033410578,1.5798400000000012,-0.09999999999999987,-3.594986033410578,1.5798400000000012
2.403670829789578,4.069726820522941,6.808347482334462,3.927167724664016,0.8500000000000002,-0.8476437931112334,1.5898400000000013,-0.04999999999999982,-1.7476437931112334,1.5898400000000013,-3.65,0.05235620688876663,1.5898400000000013,-3.65,-5.347643793111233,1.5898400000000013,-0.04999999999999982,-3.5476437931112335,1.5898400000000013
2.344143775647561,4.008560758617231,6.700922567345604,3.924171329088902,0.9000000000000002,-0.7943550843294197,1.5998400000000013,2.220446049250313e-16,-1.6943550843294197,1.5998400000000013,-3.5999999999999996,0.10564491567058032,1.5998400000000013,-3.5999999999999996,-5.294355084329419,1.5998400000000013,2.220446049250313e-16,-3.49435508432942,1.5998400000000013
2.330901182027715,3.992160554672969,6.660120089420015,3.80250768452999,0.9500000000000003,-0.7338255923582928,1.6098400000000013,0.050000000000000266,-1.633825592358293,1.6098400000000013,-3.55,0.1661744076417072,1.6098400000000013,-3.55,-5.233825592358293,1.6098400000000013,0.050000000000000266,-3.4338255923582928,1.6098400000000013
2.267661037419846,3.8980977546203692,6.55934168100331,3.774667344451954,1.0000000000000002,-0.6640783086353592,1.6198400000000013,0.1000000000000002,-1.5640783086353593,1.6198400000000013,-3.5,0.2359216913646408,1.6198400000000013,-3.5,-5.164078308635359,1.6198400000000013,0.1000000000000002,-3.364078308635359,1.6198400000000013
2.2321381953350294,3.939587269440496,6.497074042471706,3.7575186503260367,1.0500000000000003,-0.5818075283115537,1.6298400000000013,0.15000000000000024,-1.4818075283115537,1.6298400000000013,-3.4499999999999997,0.31819247168844633,1.6298400000000013,-3.4499999999999997,-5.081807528311554,1.6298400000000013,0.15000000000000024,-3.2818075283115538,1.6298400000000013
2.1715786596802413,3.8924712412701408,6.383925124669802,3.6233059145869415,1.1000000000000003,-0.4806245936279158,1.6398400000000013,0.2000000000000003,-1.3806245936279158,1.6398400000000013,-3.3999999999999995,0.4193754063720842,1.6398400000000013,-3.3999999999999995,-4.980624593627915,1.6398400000000013,0.2000000000000003,-3.180624593627916,1.6398400000000013
2.11185729815501,3.8742866719173574,6.163043669386262,3.474507021992366,1.1500000000000004,-0.3442382895611686,1.6498400000000013,0.25000000000000033,-1.2442382895611686,1.6498400000000013,-3.3499999999999996,0.5557617104388315,1.6498400000000013,-3.3499999999999996,-4.844238289561169,1.6498400000000013,0.25000000000000033,-3.044238289561169,1.6498400000000013
1.968823470811691,3.880265506441127,6.0018465590625025,3.3028924435654523,1.2000000000000004,-0.031622776601664515,1.6598400000000013,0.3000000000000004,-0.9316227766016645,1.6598400000000013,-3.3,0.8683772233983356,1.6598400000000013,-3.3,-4.531622776601664,1.6598400000000013,0.3000000000000004,-2.7316227766016645,1.6598400000000013
1.8189073532283428,3.9575805066440997,5.612782833486896,2.942959127103756,1.1500000000000004,0.3442382895611686,1.6698400000000013,0.25000000000000033,-0.5557617104388315,1.6698400000000013,-3.3499999999999996,1.2442382895611686,1.6698400000000013,-3.3499999999999996,-4.155761710438831,1.6698400000000013,0.25000000000000033,-2.3557617104388315,1.6698400000000013
1.749247231812321,4.139390050524365,5.602624817470604,2.8095836216168015,1.1000000000000003,0.4806245936279158,1.6798400000000013,0.2000000000000003,-0.4193754063720842,1.6798400000000013,-3.3999999999999995,1.3806245936279158,1.6798400000000013,-3.3999999999999995,-4.019375406372085,1.6798400000000013,0.2000000000000003,-2.2193754063720843,1.6798400000000013
1.7314215139096116,4.172355788868492,5.586821013484456,2.7825404350912546,1.0500000000000003,0.5818075283115537,1.6898400000000013,0.15000000000000024,-0.31819247168844633,1.6898400000000013,-3.4499999999999997,1.4818075283115537,1.6898400000000013,-3.4499999999999997,-3.9181924716884464,1.6898400000000013,0.15000000000000024,-2.1181924716884466,1.6898400000000013
1.7508417765804178,4.311408591855373,5.480433558912628,2.6756221199221466,1.0000000000000002,0.6640783086353592,1.6998400000000013,0.1000000000000002,-0.2359216913646408,1.6998400000000013,-3.5,1.5640783086353593,1.6998400000000013,-3.5,-3.835921691364641,1.6998400000000013,0.1000000000000002,-2.035921691364641,1.6998400000000013
1.7619950102092885,4.329922258376431,5.597711607139793,2.6638878073298575,0.9500000000000002,0.7338255923582929,1.7098400000000014,0.050000000000000155,-0.1661744076417071,1.7098400000000014,-3.55,1.633825592358293,1.7098400000000014,-3.55,-3.766174407641707,1.7098400000000014,0.050000000000000155,-1.9661744076417071,1.7098400000000014
1.7713247582448206,4.410920793897774,5.5348649564279375,2.6005881297298235,0.9000000000000001,0.7943550843294197,1.7198400000000014,1.1102230246251565e-16,-0.10564491567058032,1.7198400000000014,-3.5999999999999996,1.6943550843294197,1.7198400000000014,-3.5999999999999996,-3.70564491567058,1.7198400000000014,1.1102230246251565e-16,-1.9056449156705804,1.7198400000000014
1.7481419732554735,4.446608504625077,5.582056903023113,2.539700590947865,0.8500000000000001,0.8476437931112335,1.7298400000000014,-0.04999999999999993,-0.05235620688876652,1.7298400000000014,-3.65,1.7476437931112336,1.7298400000000014,-3.65,-3.6523562068887667,1.7298400000000014,-0.04999999999999993,-1.8523562068887667,1.7298400000000014
1.794802595990648,4.551438996369198,5.489014204608055,2.534665877598923,0.8,0.8949860334105777,1.7398400000000014,-0.09999999999999998,-0.005013966589422325,1.7398400000000014,-3.7,1.7949860334105776,1.7398400000000014,-3.7,-3.6050139665894223,1.7398400000000014,-0.09999999999999998,-1.8050139665894225,1.7398400000000014
1.8056929597262301,4.595944615377647,5.473132337331569,2.5125414522718668,0.75,0.9372833082905082,1.7498400000000014,-0.15000000000000002,0.03728330829050819,1.7498400000000014,-3.75,1.8372833082905082,1.7498400000000014,-3.75,-3.562716691709492,1.7498400000000014,-0.15000000000000002,-1.762716691709492,1.7498400000000014
1.796763358669106,4.672215136176179,5.491154974182811,2.5440008950822866,0.7,0.9751922887307917,1.7598400000000014,-0.20000000000000007,0.07519228873079165,1.7598400000000014,-3.8,1.8751922887307917,1.7598400000000014,-3.8,-3.5248077112692084,1.7598400000000014,-0.20000000000000007,-1.7248077112692086,1.7598400000000014
1.7958021998693916,4.7441554079985115,5.6152145896141805,2.471102051490358,0.6499999999999999,1.0092076099594176,1.7698400000000014,-0.2500000000000001,0.10920760995941758,1.7698400000000014,-3.85,1.9092076099594175,1.7698400000000014,-3.85,-3.4907923900405824,1.7698400000000014,-0.2500000000000001,-1.6907923900405826,1.7698400000000014
1.8303438837648744,4.804790072983794,5.584237654127097,2.506614939010169,0.5999999999999999,1.0397114984456024,1.7798400000000014,-0.30000000000000016,0.13971149844560238,1.7798400000000014,-3.9000000000000004,1.9397114984456025,1.7798400000000014,-3.9000000000000004,-3.4602885015543974,1.7798400000000014,-0.30000000000000016,-1.6602885015543978,1.7798400000000014
1.8661413765884385,4.786307567608585,5.629794181401493,2.500597565773037,0.5499999999999998,1.0670051546267245,1.7898400000000014,-0.3500000000000002,0.1670051546267245,1.7898400000000014,-3.95,1.9670051546267247,1.7898400000000014,-3.95,-3.4329948453732753,1.7898400000000014,-0.3500000000000002,-1.6329948453732757,1.7898400000000014
1.8570521455894684,4.8548560232423,5.627812723980877,2.4848081032703035,0.49999999999999983,1.0913294644606641,1.7998400000000014,-0.4000000000000002,0.19132946446066412,1.7998400000000014,-4.0,1.991329464460664,1.7998400000000014,-4.0,-3.408670535539336,1.7998400000000014,-0.4000000000000002,-1.608670535539336,1.7998400000000014
1.9169234420644354,4.978461914220286,5.694762908099979,2.5022694382706003,0.44999999999999984,1.1128791488746654,1.8098400000000014,-0.4500000000000002,0.2128791488746654,1.8098400000000014,-4.05,2.0128791488746653,1.8098400000000014,-4.05,-3.3871208511253346,1.8098400000000014,-0.4500000000000002,-1.5871208511253347,1.8098400000000014
1.95057409440998,4.965980231291619,5.733303197379804,2.4925832041932017,0.39999999999999986,1.1318127053536728,1.8198400000000015,-0.5000000000000002,0.23181270535367282,1.8198400000000015,-4.1000000000000005,2.0318127053536728,1.8198400000000015,-4.1000000000000005,-3.368187294646327,1.8198400000000015,-0.5000000000000002,-1.5681872946463273,1.8198400000000015
1.9498712269257932,5.039937771186758,5.779864784752226,2.504326667369748,0.34999999999999987,1.1482595525402783,1.8298400000000015,-0.5500000000000002,0.24825955254027832,1.8298400000000015,-4.15,2.0482595525402782,1.8298400000000015,-4.15,-3.3517404474597217,1.8298400000000015,-0.5500000000000002,-1.5517404474597218,1.8298400000000015
1.9848737632424829,5.131498210901892,5.762703286800453,2.5184928780209304,0.2999999999999999,1.1623252556836232,1.8398400000000015,-0.6000000000000001,0.2623252556836232,1.8398400000000015,-4.2,2.062325255683623,1.8398400000000015,-4.2,-3.337674744316377,1.8398400000000015,-0.6000000000000001,-1.537674744316377,1.8398400000000015
1.986926642407101,5.222023461814877,5.7359805010203555,2.5498501722970137,0.2499999999999999,1.1740953964648697,1.8498400000000015,-0.6500000000000001,0.2740953964648697,1.8498400000000015,-4.25,2.0740953964648696,1.8498400000000015,-4.25,-3.3259046035351303,1.8498400000000015,-0.6500000000000001,-1.5259046035351305,1.8498400000000015
2.0413452904975222,5.216106794259973,5.827483660137217,2.50285503301275,0.1999999999999999,1.183638458314024,1.8598400000000015,-0.7000000000000002,0.283638458314024,1.8598400000000015,-4.3,2.083638458314024,1.8598400000000015,-4.3,-3.3163615416859757,1.8598400000000015,-0.7000000000000002,-1.5163615416859761,1.8598400000000015
2.039736663715618,5.224696713016076,5.8545785646488975,2.544347929336394,0.1499999999999999,1.1910079764636339,1.8698400000000015,-0.7500000000000001,0.29100797646363386,1.8698400000000015,-4.35,2.091007976463634,1.8698400000000015,-4.35,-3.308992023536366,1.8698400000000015,-0.7500000000000001,-1.5089920235363663,1.8698400000000015
2.095211277009941,5.2509657216383205,5.960537197746933,2.567725874418186,0.09999999999999991,1.196244122242613,1.8798400000000015,-0.8000000000000002,0.296244122242613,1.8798400000000015,-4.4,2.096244122242613,1.8798400000000015,-4.4,-3.303755877757387,1.8798400000000015,-0.8000000000000002,-1.5037558777573872,1.8798400000000015
2.0976887981385035,5.295592221898272,6.0162083899899335,2.603050233067452,0.049999999999999906,1.199374837154757,1.8898400000000015,-0.8500000000000001,0.299374837154757,1.8898400000000015,-4.45,2.099374837154757,1.8898400000000015,-4.45,-3.300625162845243,1.8898400000000015,-0.8500000000000001,-1.5006251628452432,1.8898400000000015
2.1318171588781207,5.461901987566367,6.009347509748583,2.6010402937510255,-9.71445146547012e-17,1.20041659435381,1.8998400000000015,-0.9000000000000001,0.3004165943538101,1.8998400000000015,-4.5,2.1004165943538102,1.8998400000000015,-4.5,-3.2995834056461897,1.8998400000000015,-0.9000000000000001,-1.49958340564619,1.8998400000000015
2.1852790246303027,5.428743096961782,5.955387248402293,2.609058787482277,-0.0500000000000001,1.199374837154757,1.9098400000000015,-0.9500000000000002,0.299374837154757,1.9098400000000015,-4.55,2.099374837154757,1.9098400000000015,-4.55,-3.300625162845243,1.9098400000000015,-0.9500000000000002,-1.5006251628452432,1.9098400000000015
2.2287293207662744,5.501590969717095,6.076524632058575,2.687137446493383,-0.1000000000000001,1.196244122242613,1.9198400000000015,-1.0000000000000002,0.296244122242613,1.9198400000000015,-4.6000000000000005,2.096244122242613,1.9198400000000015,-4.6000000000000005,-3.303755877757387,1.9198400000000015,-1.0000000000000002,-1.5037558777573872,1.9198400000000015
2.2228691008102106,5.465036377639883,6.080698489800669,2.7001446855372437,-0.1500000000000001,1.1910079764636339,1.9298400000000016,-1.05,0.29100797646363386,1.9298400000000016,-4.65,2.091007976463634,1.9298400000000016,-4.65,-3.308992023536366,1.9298400000000016,-1.05,-1.5089920235363663,1.9298400000000016
2.289213559914472,5.601436067112553,6.1326717687390015,2.7103971262203843,-0.20000000000000012,1.183638458314024,1.9398400000000016,-1.1,0.283638458314024,1.9398400000000016,-4.7,2.083638458314024,1.9398400000000016,-4.7,-3.3163615416859757,1.9398400000000016,-1.1,-1.5163615416859761,1.9398400000000016
2.340217397479899,5.588101363026056,6.198525695734575,2.8028695361565448,-0.2500000000000001,1.1740953964648697,1.9498400000000016,-1.1500000000000001,0.2740953964648697,1.9498400000000016,-4.75,2.0740953964648696,1.9498400000000016,-4.75,-3.3259046035351303,1.9498400000000016,-1.1500000000000001,-1.5259046035351305,1.9498400000000016
2.313301988010691,5.66212615525463,6.239626393064742,2.8251926593197707,-0.3000000000000001,1.162325255683623,1.9598400000000016,-1.2000000000000002,0.26232525568362297,1.9598400000000016,-4.8,2.062325255683623,1.9598400000000016,-4.8,-3.3376747443163772,1.9598400000000016,-1.2000000000000002,-1.5376747443163772,1.9598400000000016
2.4130783302124987,5.667773922486258,6.216467203497526,2.807250232358512,-0.3500000000000001,1.1482595525402781,1.9698400000000016,-1.25,0.2482595525402781,1.9698400000000016,-4.85,2.0482595525402782,1.9698400000000016,-4.85,-3.351740447459722,1.9698400000000016,-1.25,-1.551740447459722,1.9698400000000016
2.3894078332648405,5.750855999915716,6.282726864580216,2.8725944591880355,-0.4000000000000001,1.1318127053536728,1.9798400000000016,-1.3,0.23181270535367282,1.9798400000000016,-4.9,2.0318127053536728,1.9798400000000016,-4.9,-3.368187294646327,1.9798400000000016,-1.3,-1.5681872946463273,1.9798400000000016
2.4723581906277055,5.823447369249826,6.50734518748607,2.8888991636805557,-0.45000000000000007,1.1128791488746654,1.9898400000000016,-1.35,0.2128791488746654,1.9898400000000016,-4.95,2.0128791488746653,1.9898400000000016,-4.95,-3.3871208511253346,1.9898400000000016,-1.35,-1.5871208511253347,1.9898400000000016
2.479433454819684,5.891901656709982,6.455553284347372,2.946217626873455,-0.5000000000000001,1.0913294644606641,1.9998400000000016,-1.4000000000000001,0.19132946446066412,1.9998400000000016,-5.0,1.991329464460664,1.9998400000000016,-5.0,-3.408670535539336,1.9998400000000016,-1.4000000000000001,-1.608670535539336,1.9998400000000016
2.5336975689336514,5.933697476858321,6.511539897334028,3.0430974513900853,-0.5500000000000002,1.0670051546267243,2.0098400000000014,-1.4500000000000002,0.16700515462672427,2.0098400000000014,-5.05,1.9670051546267242,2.0098400000000014,-5.05,-3.4329948453732757,2.0098400000000014,-1.4500000000000002,-1.6329948453732759,2.0098400000000014
2.5477287210270028,5.938569294139474,6.552759547450554,3.0433758240651954,-0.6000000000000002,1.0397114984456022,2.019840000000001,-1.5000000000000002,0.13971149844560216,2.019840000000001,-5.1000000000000005,1.939711498445602,2.019840000000001,-5.1000000000000005,-3.460288501554398,2.019840000000001,-1.5000000000000002,-1.660288501554398,2.019840000000001
2.5612345714965707,5.943236706491098,6.570438410524444,3.1039044743352617,-0.6500000000000002,1.0092076099594174,2.029840000000001,-1.5500000000000003,0.10920760995941736,2.029840000000001,-5.15,1.9092076099594175,2.029840000000001,-5.15,-3.490792390040583,2.029840000000001,-1.5500000000000003,-1.6907923900405828,2.029840000000001
2.647771161387462,5.998073538167711,6.628646320772146,3.201544845247435,-0.7000000000000003,0.9751922887307914,2.0398400000000008,-1.6000000000000003,0.07519228873079142,2.0398400000000008,-5.2,1.8751922887307915,2.0398400000000008,-5.2,-3.5248077112692084,2.0398400000000008,-1.6000000000000003,-1.7248077112692086,2.0398400000000008
2.673032428246019,5.948822936854186,6.764273674926514,3.1899932144372904,-0.7500000000000003,0.9372833082905079,2.0498400000000006,-1.6500000000000004,0.037283308290507855,2.0498400000000006,-5.25,1.837283308290508,2.0498400000000006,-5.25,-3.5627166917094923,2.0498400000000006,-1.6500000000000004,-1.7627166917094923,2.0498400000000006
2.731680075782034,6.1162665243782595,6.788413091700618,3.299044922607544,-0.8000000000000004,0.8949860334105775,2.0598400000000003,-1.7000000000000004,-0.005013966589422547,2.0598400000000003,-5.300000000000001,1.7949860334105776,2.0598400000000003,-5.300000000000001,-3.6050139665894223,2.0598400000000003,-1.7000000000000004,-1.8050139665894227,2.0598400000000003
2.7913661058647734,6.137345818049481,6.818363225181443,3.3410765172965777,-0.8500000000000004,0.8476437931112332,2.06984,-1.7500000000000004,-0.052356206888766854,2.06984,-5.3500000000000005,1.7476437931112332,2.06984,-5.3500000000000005,-3.6523562068887667,2.06984,-1.7500000000000004,-1.852356206888767,2.06984
2.7929685773510053,6.169252399124515,6.8980112919561005,3.3949425685168557,-0.9000000000000005,0.7943550843294194,2.07984,-1.8000000000000005,-0.10564491567058065,2.07984,-5.4,1.6943550843294193,2.07984,-5.4,-3.7056449156705806,2.07984,-1.8000000000000005,-1.9056449156705808,2.07984
2.8619784788905602,6.140832219896431,6.972188766427469,3.483906773214336,-0.9500000000000005,0.7338255923582925,2.0898399999999997,-1.8500000000000005,-0.16617440764170754,2.0898399999999997,-5.45,1.6338255923582925,2.0898399999999997,-5.45,-3.7661744076417074,2.0898399999999997,-1.8500000000000005,-1.9661744076417076,2.0898399999999997
2.8701088255130855,6.110215690356908,7.091039950337692,3.4957288808465443,-1.0000000000000004,0.6640783086353589,2.0998399999999995,-1.9000000000000004,-0.23592169136464114,2.0998399999999995,-5.5,1.564078308635359,2.0998399999999995,-5.5,-3.835921691364641,2.0998399999999995,-1.9000000000000004,-2.035921691364641,2.0998399999999995
2.9111470174158898,6.302457957453539,7.267840142445484,3.5973450734118932,-1.0500000000000005,0.5818075283115534,2.1098399999999993,-1.9500000000000006,-0.31819247168844667,2.1098399999999993,-5.550000000000001,1.4818075283115535,2.1098399999999993,-5.550000000000001,-3.918192471688447,2.1098399999999993,-1.9500000000000006,-2.118192471688447,2.1098399999999993
2.992366614427864,6.253958434342703,7.417620551920446,3.7567481383432235,-1.1000000000000005,0.4806245936279153,2.119839999999999,-2.0000000000000004,-0.4193754063720847,2.119839999999999,-5.6000000000000005,1.3806245936279153,2.119839999999999,-5.6000000000000005,-4.019375406372085,2.119839999999999,-2.0000000000000004,-2.2193754063720847,2.119839999999999
3.059701972786376,6.228671531931643,7.509386678952834,3.880558900817056,-1.1500000000000006,0.3442382895611679,2.129839999999999,-2.0500000000000007,-0.5557617104388322,2.129839999999999,-5.65,1.2442382895611679,2.129839999999999,-5.65,-4.155761710438832,2.129839999999999,-2.0500000000000007,-2.3557617104388324,2.129839999999999
3.202007160350419,6.25683891592505,7.736174901160308,4.066605361115601,-1.2000000000000006,0.031622776601657465,2.1398399999999986,-2.1000000000000005,-0.8683772233983426,2.1398399999999986,-5.700000000000001,0.9316227766016575,2.1398399999999986,-5.700000000000001,-4.468377223398343,2.1398399999999986,-2.1000000000000005,-2.668377223398343,2.1398399999999986
3.2887262809258466,6.129237049677863,7.884136189909388,4.321349927777584,-1.1500000000000006,-0.3442382895611679,2.1498399999999984,-2.0500000000000007,-1.2442382895611679,2.1498399999999984,-5.65,0.5557617104388322,2.1498399999999984,-5.65,-4.844238289561168,2.1498399999999984,-2.0500000000000007,-3.044238289561168,2.1498399999999984
3.28800994532963,6.0788704891031555,7.876098742226156,4.396996723823925,-1.1000000000000005,-0.4806245936279153,2.159839999999998,-2.0000000000000004,-1.3806245936279153,2.159839999999998,-5.6000000000000005,0.4193754063720847,2.159839999999998,-5.6000000000000005,-4.980624593627915,2.159839999999998,-2.0000000000000004,-3.1806245936279156,2.159839999999998
3.289047678807962,6.013373661046318,8.010286844302916,4.505918118812507,-1.0500000000000005,-0.5818075283115534,2.169839999999998,-1.9500000000000006,-1.4818075283115535,2.169839999999998,-5.550000000000001,0.31819247168844667,2.169839999999998,-5.550000000000001,-5.081807528311553,2.169839999999998,-1.9500000000000006,-3.2818075283115533,2.169839999999998
3.310465236928007,6.017805082198014,7.997059896938155,4.44350176370342,-1.0000000000000004,-0.6640783086353589,2.179839999999998,-1.9000000000000004,-1.564078308635359,2.179839999999998,-5.5,0.23592169136464114,2.179839999999998,-5.5,-5.164078308635359,2.179839999999998,-1.9000000000000004,-3.364078308635359,2.179839999999998
3.3075983661016095,5.977227115033984,8.021010359336506,4.490313450086096,-0.9500000000000004,-0.7338255923582927,2.1898399999999976,-1.8500000000000005,-1.6338255923582927,2.1898399999999976,-5.45,0.16617440764170732,2.1898399999999976,-5.45,-5.233825592358293,2.1898399999999976,-1.8500000000000005,-3.4338255923582928,2.1898399999999976
3.3775197315675407,5.973459688872822,8.037284637603447,4.540949654391126,-0.9000000000000004,-0.7943550843294196,2.1998399999999974,-1.8000000000000003,-1.6943550843294197,2.1998399999999974,-5.4,0.10564491567058043,2.1998399999999974,-5.4,-5.294355084329419,2.1998399999999974,-1.8000000000000003,-3.4943550843294195,2.1998399999999974
3.3829893521405903,5.82481355990399,7.944973951238813,4.552703852698259,-0.8500000000000003,-0.8476437931112334,2.209839999999997,-1.7500000000000004,-1.7476437931112334,2.209839999999997,-5.3500000000000005,0.05235620688876663,2.209839999999997,-5.3500000000000005,-5.347643793111233,2.209839999999997,-1.7500000000000004,-3.5476437931112335,2.209839999999997
3.3397824000035836,5.751722788477272,7.905851533892348,4.593032749739516,-0.8000000000000003,-0.8949860334105775,2.219839999999997,-1.7000000000000002,-1.7949860334105776,2.219839999999997,-5.300000000000001,0.005013966589422547,2.219839999999997,-5.300000000000001,-5.394986033410578,2.219839999999997,-1.7000000000000002,-3.594986033410578,2.219839999999997
3.374698685426372,5.86281598654397,8.085792910316256,4.660593349136989,-0.7500000000000002,-0.937283308290508,2.2298399999999967,-1.6500000000000004,-1.837283308290508,2.2298399999999967,-5.25,-0.037283308290507966,2.2298399999999967,-5.25,-5.437283308290508,2.2298399999999967,-1.6500000000000004,-3.6372833082905083,2.2298399999999967
3.379981738354886,5.677377083641237,7.893903975450131,4.675728106641153,-0.7000000000000002,-0.9751922887307916,2.2398399999999965,-1.6,-1.8751922887307915,2.2398399999999965,-5.2,-0.07519228873079153,2.2398399999999965,-5.2,-5.475192288730792,2.2398399999999965,-1.6,-3.6751922887307917,2.2398399999999965
3.410322784760954,5.724115531289146,7.961805471180086,4.653074198559615,-0.6500000000000001,-1.0092076099594174,2.2498399999999963,-1.5500000000000003,-1.9092076099594175,2.2498399999999963,-5.15,-0.10920760995941736,2.2498399999999963,-5.15,-5.509207609959417,2.2498399999999963,-1.5500000000000003,-3.7092076099594173,2.2498399999999963
3.4002715521679936,5.613874893851643,8.071746702188321,4.721508831463284,-0.6000000000000001,-1.0397114984456024,2.259839999999996,-1.5,-1.9397114984456025,2.259839999999996,-5.1,-0.13971149844560238,2.259839999999996,-5.1,-5.539711498445603,2.259839999999996,-1.5,-3.739711498445603,2.259839999999996
3.383441133132628,5.604103409005258,7.923319041338017,4.673805126255871,-0.55,-1.0670051546267243,2.269839999999996,-1.4500000000000002,-1.9670051546267242,2.269839999999996,-5.05,-0.16700515462672427,2.269839999999996,-5.05,-5.567005154626724,2.269839999999996,-1.4500000000000002,-3.7670051546267245,2.269839999999996
3.383367127396957,5.656673408430416,7.954735880262454,4.757079241025084,-0.5,-1.0913294644606641,2.2798399999999956,-1.4,-1.991329464460664,2.2798399999999956,-5.0,-0.19132946446066412,2.2798399999999956,-5.0,-5.591329464460664,2.2798399999999956,-1.4,-3.7913294644606643,2.2798399999999956
3.4174255986849964,5.565306555156114,7.8474672622300865,4.777296818955802,-0.45,-1.1128791488746654,2.2898399999999954,-1.35,-2.0128791488746653,2.2898399999999954,-4.95,-0.2128791488746654,2.2898399999999954,-4.95,-5.612879148874665,2.2898399999999954,-1.35,-3.8128791488746656,2.2898399999999954
3.413167941647982,5.498824197074322,7.98046934719315,4.783708562447873,-0.4,-1.1318127053536728,2.299839999999995,-1.3,-2.0318127053536728,2.299839999999995,-4.9,-0.23181270535367282,2.299839999999995,-4.9,-5.631812705353672,2.299839999999995,-1.3,-3.831812705353673,2.299839999999995
3.363261386620153,5.4880018180091845,7.869180516794055,4.764554172621747,-0.35000000000000003,-1.1482595525402781,2.309839999999995,-1.25,-2.0482595525402782,2.309839999999995,-4.85,-0.2482595525402781,2.309839999999995,-4.85,-5.648259552540278,2.309839999999995,-1.25,-3.848259552540278,2.309839999999995
3.351958186324809,5.436459732711354,7.930901196908218,4.750592315089409,-0.30000000000000004,-1.162325255683623,2.319839999999995,-1.2000000000000002,-2.062325255683623,2.319839999999995,-4.8,-0.26232525568362297,2.319839999999995,-4.8,-5.662325255683623,2.319839999999995,-1.2000000000000002,-3.862325255683623,2.319839999999995
3.3581092130291417,5.3604483000757766,7.811860267278236,4.730240438303446,-0.25000000000000006,-1.1740953964648697,2.3298399999999946,-1.1500000000000001,-2.0740953964648696,2.3298399999999946,-4.75,-0.2740953964648697,2.3298399999999946,-4.75,-5.674095396464869,2.3298399999999946,-1.1500000000000001,-3.87409539646487,2.3298399999999946
3.3542495047329415,5.258175364634715,7.797196980360563,4.722509426072054,-0.20000000000000007,-1.183638458314024,2.3398399999999944,-1.1,-2.083638458314024,2.3398399999999944,-4.7,-0.283638458314024,2.3398399999999944,-4.7,-5.683638458314024,2.3398399999999944,-1.1,-3.8836384583140244,2.3398399999999944
3.3267045186447834,5.307288757161464,7.881134965713914,4.7065598214488285,-0.15000000000000008,-1.1910079764636339,2.349839999999994,-1.05,-2.091007976463634,2.349839999999994,-4.65,-0.29100797646363386,2.349839999999994,-4.65,-5.691007976463634,2.349839999999994,-1.05,-3.891007976463634,2.349839999999994
3.3652725402163233,5.200129405003776,7.814565326807985,4.766962819061695,-0.10000000000000007,-1.196244122242613,2.359839999999994,-1.0,-2.096244122242613,2.359839999999994,-4.6,-0.296244122242613,2.359839999999994,-4.6,-5.696244122242613,2.359839999999994,-1.0,-3.896244122242613,2.359839999999994
3.341699661475798,5.273170354482093,7.803503020910244,4.77496589233047,-0.05000000000000007,-1.199374837154757,2.3698399999999937,-0.9500000000000001,-2.099374837154757,2.3698399999999937,-4.55,-0.299374837154757,2.3698399999999937,-4.55,-5.699374837154757,2.3698399999999937,-0.9500000000000001,-3.899374837154757,2.3698399999999937
3.371616233400078,5.238914741694428,7.661966132730858,4.743096863794483,-6.938893903907228e-17,-1.20041659435381,2.3798399999999935,-0.9000000000000001,-2.1004165943538102,2.3798399999999935,-4.5,-0.3004165943538101,2.3798399999999935,-4.5,-5.70041659435381,2.3798399999999935,-0.9000000000000001,-3.9004165943538105,2.3798399999999935
3.3192527419944113,5.161763444663148,7.717610701536376,4.692815556922352,0.04999999999999993,-1.199374837154757,2.3898399999999933,-0.8500000000000001,-2.099374837154757,2.3898399999999933,-4.45,-0.299374837154757,2.3898399999999933,-4.45,-5.699374837154757,2.3898399999999933,-0.8500000000000001,-3.899374837154757,2.3898399999999933
3.2997032768241454,5.030153700080626,7.648967571662457,4.65431026090956,0.09999999999999994,-1.196244122242613,2.399839999999993,-0.8,-2.096244122242613,2.399839999999993,-4.4,-0.296244122242613,2.399839999999993,-4.4,-5.696244122242613,2.399839999999993,-0.8,-3.896244122242613,2.399839999999993
3.296930757825011,5.063046881667397,7.587367995340332,4.701018234554371,0.14999999999999994,-1.1910079764636339,2.409839999999993,-0.7500000000000001,-2.091007976463634,2.409839999999993,-4.35,-0.29100797646363386,2.409839999999993,-4.35,-5.691007976463634,2.409839999999993,-0.7500000000000001,-3.891007976463634,2.409839999999993
3.3130394553489277,4.944252149905058,7.750627863747055,4.652251985955477,0.19999999999999996,-1.183638458314024,2.4198399999999927,-0.7000000000000001,-2.083638458314024,2.4198399999999927,-4.3,-0.283638458314024,2.4198399999999927,-4.3,-5.683638458314024,2.4198399999999927,-0.7000000000000001,-3.8836384583140244,2.4198399999999927
3.292488055168554,5.006544714805321,7.696413292145347,4.680480017666861,0.24999999999999994,-1.1740953964648697,2.4298399999999925,-0.6500000000000001,-2.0740953964648696,2.4298399999999925,-4.25,-0.2740953964648697,2.4298399999999925,-4.25,-5.674095396464869,2.4298399999999925,-0.6500000000000001,-3.87409539646487,2.4298399999999925
3.313244474856364,4.94340215841839,7.492891089829138,4.66048178679596,0.29999999999999993,-1.1623252556836232,2.4398399999999922,-0.6000000000000001,-2.062325255683623,2.4398399999999922,-4.2,-0.2623252556836232,2.4398399999999922,-4.2,-5.662325255683623,2.4398399999999922,-0.6000000000000001,-3.8623252556836234,2.4398399999999922
3.327559913917525,4.915422066222843,7.564611828906289,4.67135515648752,0.3499999999999999,-1.1482595525402781,2.449839999999992,-0.55,-2.0482595525402782,2.449839999999992,-4.15,-0.2482595525402781,2.449839999999992,-4.15,-5.648259552540278,2.449839999999992,-0.55,-3.848259552540278,2.449839999999992
3.261438115548864,4.882270961494371,7.446603452275979,4.653136739568615,0.3999999999999999,-1.1318127053536728,2.459839999999992,-0.5000000000000001,-2.0318127053536728,2.459839999999992,-4.1,-0.23181270535367282,2.459839999999992,-4.1,-5.631812705353672,2.459839999999992,-0.5000000000000001,-3.831812705353673,2.459839999999992
3.228482591671694,4.834926428606716,7.521045990007169,4.681987564686439,0.4499999999999999,-1.1128791488746654,2.4698399999999916,-0.4500000000000001,-2.0128791488746653,2.4698399999999916,-4.05,-0.2128791488746654,2.4698399999999916,-4.05,-5.612879148874665,2.4698399999999916,-0.4500000000000001,-3.8128791488746656,2.4698399999999916
3.219941809663008,4.774508220280551,7.4569803022533625,4.566513898286009,0.4999999999999999,-1.0913294644606641,2.4798399999999914,-0.40000000000000013,-1.991329464460664,2.4798399999999914,-4.0,-0.19132946446066412,2.4798399999999914,-4.0,-5.591329464460664,2.4798399999999914,-0.40000000000000013,-3.7913294644606643,2.4798399999999914
3.2863730196026286,4.6838199075346125,7.4388181950090475,4.541569635746509,0.5499999999999999,-1.0670051546267243,2.489839999999991,-0.3500000000000001,-1.9670051546267242,2.489839999999991,-3.95,-0.16700515462672427,2.489839999999991,-3.95,-5.567005154626724,2.489839999999991,-0.3500000000000001,-3.7670051546267245,2.489839999999991
3.2226830984961476,4.735343517184928,7.381399964740224,4.562578535194347,0.6,-1.0397114984456024,2.499839999999991,-0.30000000000000004,-1.9397114984456025,2.499839999999991,-3.9,-0.13971149844560238,2.499839999999991,-3.9,-5.539711498445603,2.499839999999991,-0.30000000000000004,-3.739711498445603,2.499839999999991
3.2317077470596938,4.695725018176211,7.342476549021036,4.527351332948941,0.65,-1.0092076099594174,2.5098399999999907,-0.25,-1.9092076099594175,2.5098399999999907,-3.85,-0.10920760995941736,2.5098399999999907,-3.85,-5.509207609959417,2.5098399999999907,-0.25,-3.7092076099594173,2.5098399999999907
3.208134171367079,4.588438710412964,7.272873286176676,4.488054297553972,0.7000000000000001,-0.9751922887307917,2.5198399999999905,-0.19999999999999996,-1.8751922887307917,2.5198399999999905,-3.8,-0.07519228873079165,2.5198399999999905,-3.8,-5.475192288730792,2.5198399999999905,-0.19999999999999996,-3.6751922887307917,2.5198399999999905
3.1453955913095673,4.640760281259907,7.097335585313556,4.454728230805321,0.7500000000000001,-0.9372833082905081,2.5298399999999903,-0.1499999999999999,-1.837283308290508,2.5298399999999903,-3.75,-0.03728330829050808,2.5298399999999903,-3.75,-5.4372833082905085,2.5298399999999903,-0.1499999999999999,-3.6372833082905083,2.5298399999999903
3.12176610421427,4.5765010168751825,7.064732737001625,4.4335896081987825,0.8000000000000002,-0.8949860334105777,2.53983999999999,-0.09999999999999987,-1.7949860334105776,2.53983999999999,-3.6999999999999997,0.005013966589422325,2.53983999999999,-3.6999999999999997,-5.394986033410578,2.53983999999999,-0.09999999999999987,-3.594986033410578,2.53983999999999
3.1021910264674983,4.5003838885105205,6.999217584706821,4.4625909199777665,0.8500000000000002,-0.8476437931112334,2.54983999999999,-0.04999999999999982,-1.7476437931112334,2.54983999999999,-3.65,0.05235620688876663,2.54983999999999,-3.65,-5.347643793111233,2.54983999999999,-0.04999999999999982,-3.5476437931112335,2.54983999999999
3.128624920941819,4.5013805270422305,7.05324912197737,4.443248677023054,0.9000000000000002,-0.7943550843294197,2.5598399999999897,2.220446049250313e-16,-1.6943550843294197,2.5598399999999897,-3.5999999999999996,0.10564491567058032,2.5598399999999897,-3.5999999999999996,-5.294355084329419,2.5598399999999897,2.220446049250313e-16,-3.49435508432942,2.5598399999999897
3.051557949040638,4.472621174832688,7.020002279381535,4.340084692145807,0.9500000000000003,-0.7338255923582928,2.5698399999999895,0.050000000000000266,-1.633825592358293,2.5698399999999895,-3.55,0.1661744076417072,2.5698399999999895,-3.55,-5.233825592358293,2.5698399999999895,0.050000000000000266,-3.4338255923582928,2.5698399999999895
3.0977313382208425,4.422448267958757,6.913944703318326,4.260221107533654,1.0000000000000002,-0.6640783086353592,2.5798399999999893,0.1000000000000002,-1.5640783086353593,2.5798399999999893,-3.5,0.2359216913646408,2.5798399999999893,-3.5,-5.164078308635359,2.5798399999999893,0.1000000000000002,-3.364078308635359,2.5798399999999893
3.018235313148828,4.351137371984125,6.78778126460491,4.285884672345391,1.0500000000000003,-0.5818075283115537,2.589839999999989,0.15000000000000024,-1.4818075283115537,2.589839999999989,-3.4499999999999997,0.31819247168844633,2.589839999999989,-3.4499999999999997,-5.081807528311554,2.589839999999989,0.15000000000000024,-3.2818075283115538,2.589839999999989
2.9945961322590136,4.341455499954048,6.655177767329561,4.116184633014464,1.1000000000000003,-0.4806245936279158,2.599839999999989,0.2000000000000003,-1.3806245936279158,2.599839999999989,-3.3999999999999995,0.4193754063720842,2.599839999999989,-3.3999999999999995,-4.980624593627915,2.599839999999989,0.2000000000000003,-3.180624593627916,2.599839999999989
2.988014245385873,4.365763034705851,6.44462243403054,4.0759288280810875,1.1500000000000004,-0.3442382895611686,2.6098399999999886,0.25000000000000033,-1.2442382895611686,2.6098399999999886,-3.3499999999999996,0.5557617104388315,2.6098399999999886,-3.3499999999999996,-4.844238289561169,2.6098399999999886,0.25000000000000033,-3.044238289561169,2.6098399999999886
2.867352833111956,4.38547963516013,6.239264925925386,3.851139168824512,1.2000000000000004,-0.031622776601664515,2.6198399999999884,0.3000000000000004,-0.9316227766016645,2.6198399999999884,-3.3,0.8683772233983356,2.6198399999999884,-3.3,-4.531622776601664,2.6198399999999884,0.3000000000000004,-2.7316227766016645,2.6198399999999884
2.757971686110739,4.537920437658126,6.12455135452429,3.5873550554026283,1.1500000000000004,0.3442382895611686,2.629839999999988,0.25000000000000033,-0.5557617104388315,2.629839999999988,-3.3499999999999996,1.2442382895611686,2.629839999999988,-3.3499999999999996,-4.155761710438831,2.629839999999988,0.25000000000000033,-2.3557617104388315,2.629839999999988
2.73799310376468,4.628268780993196,5.92521164258761,3.4870712190793998,1.1000000000000003,0.4806245936279158,2.639839999999988,0.2000000000000003,-0.4193754063720842,2.639839999999988,-3.3999999999999995,1.3806245936279158,2.639839999999988,-3.3999999999999995,-4.019375406372085,2.639839999999988,0.2000000000000003,-2.2193754063720843,2.639839999999988
2.6964851540457087,4.6813108930428955,6.025950039786719,3.4487133191528105,1.0500000000000003,0.5818075283115537,2.6498399999999878,0.15000000000000024,-0.31819247168844633,2.6498399999999878,-3.4499999999999997,1.4818075283115537,2.6498399999999878,-3.4499999999999997,-3.9181924716884464,2.6498399999999878,0.15000000000000024,-2.1181924716884466,2.6498399999999878
2.6939467636376233,4.696894316105935,5.89797811125908,3.434052095846055,1.0000000000000002,0.6640783086353592,2.6598399999999875,0.1000000000000002,-0.2359216913646408,2.6598399999999875,-3.5,1.5640783086353593,2.6598399999999875,-3.5,-3.835921691364641,2.6598399999999875,0.1000000000000002,-2.035921691364641,2.6598399999999875
2.712848252032563,4.791471575143427,5.993547169955644,3.3405452496581614,0.9500000000000002,0.7338255923582929,2.6698399999999873,0.050000000000000155,-0.1661744076417071,2.6698399999999873,-3.55,1.633825592358293,2.6698399999999873,-3.55,-3.766174407641707,2.6698399999999873,0.050000000000000155,-1.9661744076417071,2.6698399999999873
2.755084332879346,4.853423005586449,5.8716043357317735,3.302713644706859,0.9000000000000001,0.7943550843294197,2.679839999999987,1.1102230246251565e-16,-0.10564491567058032,2.679839999999987,-3.5999999999999996,1.6943550843294197,2.679839999999987,-3.5999999999999996,-3.70564491567058,2.679839999999987,1.1102230246251565e-16,-1.9056449156705804,2.679839999999987
2.738949754056067,4.974677194245971,5.848009410030738,3.2863524395846233,0.8500000000000001,0.8476437931112335,2.689839999999987,-0.04999999999999993,-0.05235620688876652,2.689839999999987,-3.65,1.7476437931112336,2.689839999999987,-3.65,-3.6523562068887667,2.689839999999987,-0.04999999999999993,-1.8523562068887667,2.689839999999987
2.721905153354239,4.921472981172064,5.979776589157283,3.324585113954059,0.8,0.8949860334105777,2.6998399999999867,-0.09999999999999998,-0.005013966589422325,2.6998399999999867,-3.7,1.7949860334105776,2.6998399999999867,-3.7,-3.6050139665894223,2.6998399999999867,-0.09999999999999998,-1.8050139665894225,2.6998399999999867
2.7181830297040768,5.087555977143479,5.979826643409554,3.300588940223511,0.75,0.9372833082905082,2.7098399999999865,-0.15000000000000002,0.03728330829050819,2.7098399999999865,-3.75,1.8372833082905082,2.7098399999999865,-3.75,-3.562716691709492,2.7098399999999865,-0.15000000000000002,-1.762716691709492,2.7098399999999865
2.8025569524089113,5.173142088878575,5.876400592030716,3.231241732839935,0.7,0.9751922887307917,2.7198399999999863,-0.20000000000000007,0.07519228873079165,2.7198399999999863,-3.8,1.8751922887307917,2.7198399999999863,-3.8,-3.5248077112692084,2.7198399999999863,-0.20000000000000007,-1.7248077112692086,2.7198399999999863
2.80841924887807,5.0990804687172,5.927039729602234,3.2257768654942858,0.6499999999999999,1.0092076099594176,2.729839999999986,-0.2500000000000001,0.10920760995941758,2.729839999999986,-3.85,1.9092076099594175,2.729839999999986,-3.85,-3.4907923900405824,2.729839999999986,-0.2500000000000001,-1.6907923900405826,2.729839999999986
2.78073265256731,5.2392612897428,5.9309773957770835,3.2827190381151254,0.5999999999999999,1.0397114984456024,2.739839999999986,-0.30000000000000016,0.13971149844560238,2.739839999999986,-3.9000000000000004,1.9397114984456025,2.739839999999986,-3.9000000000000004,-3.4602885015543974,2.739839999999986,-0.30000000000000016,-1.6602885015543978,2.739839999999986
2.85203311001354,5.221048584967133,6.038208264359032,3.255143561375651,0.5499999999999998,1.0670051546267245,2.7498399999999856,-0.3500000000000002,0.1670051546267245,2.7498399999999856,-3.95,1.9670051546267247,2.7498399999999856,-3.95,-3.4329948453732753,2.7498399999999856,-0.3500000000000002,-1.6329948453732757,2.7498399999999856
2.825749873952965,5.330880820756124,6.096148437799894,3.2560435379568697,0.49999999999999983,1.0913294644606641,2.7598399999999854,-0.4000000000000002,0.19132946446066412,2.7598399999999854,-4.0,1.991329464460664,2.7598399999999854,-4.0,-3.408670535539336,2.7598399999999854,-0.4000000000000002,-1.608670535539336,2.7598399999999854
2.829731051405857,5.3331680813092115,6.009352334125003,3.2625078708159956,0.44999999999999984,1.1128791488746654,2.769839999999985,-0.4500000000000002,0.2128791488746654,2.769839999999985,-4.05,2.0128791488746653,2.769839999999985,-4.05,-3.3871208511253346,2.769839999999985,-0.4500000000000002,-1.5871208511253347,2.769839999999985
2.868420751862964,5.462359883919853,6.118612464949077,3.262399660730998,0.39999999999999986,1.1318127053536728,2.779839999999985,-0.5000000000000002,0.23181270535367282,2.779839999999985,-4.1000000000000005,2.0318127053536728,2.779839999999985,-4.1000000000000005,-3.368187294646327,2.779839999999985,-0.5000000000000002,-1.5681872946463273,2.779839999999985
2.8798117756643284,5.563696397947588,6.190730781170957,3.2788465480243816,0.34999999999999987,1.1482595525402783,2.7898399999999848,-0.5500000000000002,0.24825955254027832,2.7898399999999848,-4.15,2.0482595525402782,2.7898399999999848,-4.15,-3.3517404474597217,2.7898399999999848,-0.5500000000000002,-1.5517404474597218,2.7898399999999848
2.9112506586653937,5.609764220826663,6.164499405413254,3.2860307822967494,0.2999999999999999,1.1623252556836232,2.7998399999999846,-0.6000000000000001,0.2623252556836232,2.7998399999999846,-4.2,2.062325255683623,2.7998399999999846,-4.2,-3.337674744316377,2.7998399999999846,-0.6000000000000001,-1.537674744316377,2.7998399999999846
2.9719137911834643,5.51352613472653,6.2540129682687535,3.289422334398997,0.2499999999999999,1.1740953964648697,2.8098399999999844,-0.6500000000000001,0.2740953964648697,2.8098399999999844,-4.25,2.0740953964648696,2.8098399999999844,-4.25,-3.3259046035351303,2.8098399999999844,-0.6500000000000001,-1.5259046035351305,2.8098399999999844
2.945725185248845,5.614916757350633,6.293479517724138,3.2838097274259215,0.1999999999999999,1.183638458314024,2.819839999999984,-0.7000000000000002,0.283638458314024,2.819839999999984,-4.3,2.083638458314024,2.819839999999984,-4.3,-3.3163615416859757,2.819839999999984,-0.7000000000000002,-1.5163615416859761,2.819839999999984
2.9637270331971677,5.63174938410827,6.251180617940305,3.3643190155152523,0.1499999999999999,1.1910079764636339,2.829839999999984,-0.7500000000000001,0.29100797646363386,2.829839999999984,-4.35,2.091007976463634,2.829839999999984,-4.35,-3.308992023536366,2.829839999999984,-0.7500000000000001,-1.5089920235363663,2.829839999999984
3.0344409162467234,5.780722338993653,6.192142248526873,3.3903860267543386,0.09999999999999991,1.196244122242613,2.8398399999999837,-0.8000000000000002,0.296244122242613,2.8398399999999837,-4.4,2.096244122242613,2.8398399999999837,-4.4,-3.303755877757387,2.8398399999999837,-0.8000000000000002,-1.5037558777573872,2.8398399999999837
3.051786704121839,5.8262018770877315,6.329264179624967,3.343518341226339,0.049999999999999906,1.199374837154757,2.8498399999999835,-0.8500000000000001,0.299374837154757,2.8498399999999835,-4.45,2.099374837154757,2.8498399999999835,-4.45,-3.300625162845243,2.8498399999999835,-0.8500000000000001,-1.5006251628452432,2.8498399999999835
3.0336593855955702,5.766663225138967,6.390970057396003,3.451649878028086,-9.71445146547012e-17,1.20041659435381,2.8598399999999833,-0.9000000000000001,0.3004165943538101,2.8598399999999833,-4.5,2.1004165943538102,2.8598399999999833,-4.5,-3.2995834056461897,2.8598399999999833,-0.9000000000000001,-1.49958340564619,2.8598399999999833
3.0800508137328193,5.839915091225194,6.44772441558744,3.421346046490258,-0.0500000000000001,1.199374837154757,2.869839999999983,-0.9500000000000002,0.299374837154757,2.869839999999983,-4.55,2.099374837154757,2.869839999999983,-4.55,-3.300625162845243,2.869839999999983,-0.9500000000000002,-1.5006251628452432,2.869839999999983
3.0741161326270157,5.845594511941444,6.447168978510636,3.449164072505623,-0.1000000000000001,1.196244122242613,2.879839999999983,-1.0000000000000002,0.296244122242613,2.879839999999983,-4.6000000000000005,2.096244122242613,2.879839999999983,-4.6000000000000005,-3.303755877757387,2.879839999999983,-1.0000000000000002,-1.5037558777573872,2.879839999999983
3.146048149711133,5.966883845557888,6.553481038156917,3.4614415923411865,-0.1500000000000001,1.1910079764636339,2.8898399999999826,-1.05,0.29100797646363386,2.8898399999999826,-4.65,2.091007976463634,2.8898399999999826,-4.65,-3.308992023536366,2.8898399999999826,-1.05,-1.5089920235363663,2.8898399999999826
3.148724873768931,6.0119000682168995,6.444109986921639,3.516652196851071,-0.20000000000000012,1.183638458314024,2.8998399999999824,-1.1,0.283638458314024,2.8998399999999824,-4.7,2.083638458314024,2.8998399999999824,-4.7,-3.3163615416859757,2.8998399999999824,-1.1,-1.5163615416859761,2.8998399999999824
3.226309505958363,6.035705883886955,6.607578573315556,3.544213542262392,-0.2500000000000001,1.1740953964648697,2.909839999999982,-1.1500000000000001,0.2740953964648697,2.909839999999982,-4.75,2.0740953964648696,2.909839999999982,-4.75,-3.3259046035351303,2.909839999999982,-1.1500000000000001,-1.5259046035351305,2.909839999999982
3.205437140277418,6.034574727175984,6.656602702481629,3.554740427381156,-0.3000000000000001,1.162325255683623,2.919839999999982,-1.2000000000000002,0.26232525568362297,2.919839999999982,-4.8,2.062325255683623,2.919839999999982,-4.8,-3.3376747443163772,2.919839999999982,-1.2000000000000002,-1.5376747443163772,2.919839999999982
3.25090712667849,6.081907081887178,6.627311607123178,3.5711605798149337,-0.3500000000000001,1.1482595525402781,2.929839999999982,-1.25,0.2482595525402781,2.929839999999982,-4.85,2.0482595525402782,2.929839999999982,-4.85,-3.351740447459722,2.929839999999982,-1.25,-1.551740447459722,2.929839999999982
3.2810099070581833,6.067860252120487,6.678666120838083,3.647272089361246,-0.4000000000000001,1.1318127053536728,2.9398399999999816,-1.3,0.23181270535367282,2.9398399999999816,-4.9,2.0318127053536728,2.9398399999999816,-4.9,-3.368187294646327,2.9398399999999816,-1.3,-1.5681872946463273,2.9398399999999816
3.2915496146910947,6.268158477124897,6.867885291986041,3.6589460790360193,-0.45000000000000007,1.1128791488746654,2.9498399999999814,-1.35,0.2128791488746654,2.9498399999999814,-4.95,2.0128791488746653,2.9498399999999814,-4.95,-3.3871208511253346,2.9498399999999814,-1.35,-1.5871208511253347,2.9498399999999814
3.334333687933851,6.306271193556987,6.753783511788298,3.658878366571452,-0.5000000000000001,1.0913294644606641,2.959839999999981,-1.4000000000000001,0.19132946446066412,2.959839999999981,-5.0,1.991329464460664,2.959839999999981,-5.0,-3.408670535539336,2.959839999999981,-1.4000000000000001,-1.608670535539336,2.959839999999981
3.321579012885754,6.280161592620129,6.875873863087157,3.687351512339163,-0.5500000000000002,1.0670051546267243,2.969839999999981,-1.4500000000000002,0.16700515462672427,2.969839999999981,-5.05,1.9670051546267242,2.969839999999981,-5.05,-3.4329948453732757,2.969839999999981,-1.4500000000000002,-1.6329948453732759,2.969839999999981
3.4298640881768008,6.232946436130772,6.957485898123077,3.764695063830978,-0.6000000000000002,1.0397114984456022,2.9798399999999807,-1.5000000000000002,0.13971149844560216,2.9798399999999807,-5.1000000000000005,1.939711498445602,2.9798399999999807,-5.1000000000000005,-3.460288501554398,2.9798399999999807,-1.5000000000000002,-1.660288501554398,2.9798399999999807
3.391268659351811,6.407468633044499,6.9216435893174735,3.824864243212192,-0.6500000000000002,1.0092076099594174,2.9898399999999805,-1.5500000000000003,0.10920760995941736,2.9898399999999805,-5.15,1.9092076099594175,2.9898399999999805,-5.15,-3.490792390040583,2.9898399999999805,-1.5500000000000003,-1.6907923900405828,2.9898399999999805
3.4042272559417537,6.304690357051026,7.093955636749836,3.819133746150133,-0.7000000000000003,0.9751922887307914,2.9998399999999803,-1.6000000000000003,0.07519228873079142,2.9998399999999803,-5.2,1.8751922887307915,2.9998399999999803,-5.2,-3.5248077112692084,2.9998399999999803,-1.6000000000000003,-1.7248077112692086,2.9998399999999803
