3.447010470053191,4.4162464276572395,3.711530795958658,5.5470048364791085,0.05,0.0,0.0016675000000000004,2.4499999999999997,2.4,-0.0983325,-2.35,2.4,-2.6983325000000002,-2.35,-2.4,-1.3983325,2.4499999999999997,-2.4,-4.1983325
3.5090826812074525,4.292101064543819,3.6925349371858744,5.575358347880594,0.1,0.0,0.0066700000000000014,2.5,2.4,-0.09333000000000001,-2.3,2.4,-2.69333,-2.3,-2.4,-1.39333,2.5,-2.4,-4.1933300000000004
3.5778927390101596,4.313597600531415,3.6283558127906086,5.547247843037192,0.15000000000000002,0.0,0.015007500000000007,2.55,2.4,-0.0849925,-2.25,2.4,-2.6849925000000003,-2.25,-2.4,-1.3849924999999998,2.55,-2.4,-4.1849925
3.5612605748725024,4.297169542599214,3.579756590602747,5.475399839749823,0.2,0.0,0.026680000000000006,2.6,2.4,-0.07332,-2.1999999999999997,2.4,-2.6733200000000004,-2.1999999999999997,-2.4,-1.3733199999999999,2.6,-2.4,-4.17332
3.6685084025810846,4.220589951736055,3.575047756457687,5.579585372404225,0.25,0.0,0.0416875,2.65,2.4,-0.0583125,-2.15,2.4,-2.6583125,-2.15,-2.4,-1.3583124999999998,2.65,-2.4,-4.1583125
3.629823102579982,4.18045550439184,3.508491519449153,5.603015523679015,0.3,0.0,0.06003,2.6999999999999997,2.4,-0.039970000000000006,-2.1,2.4,-2.6399700000000004,-2.1,-2.4,-1.3399699999999999,2.6999999999999997,-2.4,-4.13997
3.6952527771815227,4.216871839117765,3.4245678818681604,5.550823956719129,0.35,0.0,0.08170749999999999,2.75,2.4,-0.018292500000000017,-2.05,2.4,-2.6182925000000004,-2.05,-2.4,-1.3182924999999999,2.75,-2.4,-4.1182925
3.7229771812824235,4.1460108352637866,3.387523960697417,5.519342731883495,0.39999999999999997,0.0,0.10672,2.8,2.4,0.00671999999999999,-2.0,2.4,-2.59328,-2.0,-2.4,-1.29328,2.8,-2.4,-4.09328
3.7806690715065057,4.059522435552947,3.396337902052234,5.659913691782953,0.44999999999999996,0.0,0.13506749999999998,2.8499999999999996,2.4,0.035067499999999974,-1.95,2.4,-2.5649325000000003,-1.95,-2.4,-1.2649325,2.8499999999999996,-2.4,-4.0649325
3.83347091422687,4.060780045118901,3.325865629907701,5.583928289841886,0.49999999999999994,0.0,0.16674999999999998,2.9,2.4,0.06674999999999998,-1.9,2.4,-2.5332500000000002,-1.9,-2.4,-1.23325,2.9,-2.4,-4.03325
3.8048973372613193,4.017086678822741,3.2970432130997818,5.669074269556262,0.5499999999999999,0.0,0.20176749999999996,2.9499999999999997,2.4,0.10176749999999996,-1.85,2.4,-2.4982325000000003,-1.85,-2.4,-1.1982325,2.9499999999999997,-2.4,-3.9982325000000003
3.8560027992591106,3.9247235796746796,3.3068508995842,5.561496495642531,0.6,0.0,0.24012,3.0,2.4,0.14012,-1.7999999999999998,2.4,-2.45988,-1.7999999999999998,-2.4,-1.1598799999999998,3.0,-2.4,-3.95988
3.890743519366327,3.897190468558332,3.2621590960643854,5.528616687065771,0.65,0.0,0.28180750000000004,3.05,2.4,0.18180750000000004,-1.75,2.4,-2.4181925,-1.75,-2.4,-1.1181925,3.05,-2.4,-3.9181925
3.994123360232696,3.7957286888076447,3.139467799261388,5.543419482915213,0.7000000000000001,0.0,0.32683000000000006,3.1,2.4,0.22683000000000006,-1.6999999999999997,2.4,-2.37317,-1.6999999999999997,-2.4,-1.0731699999999997,3.1,-2.4,-3.87317
4.05493492438865,3.8326679332878495,3.1492793365994465,5.655245661558359,0.7500000000000001,0.0,0.3751875000000002,3.15,2.4,0.27518750000000014,-1.65,2.4,-2.3248125,-1.65,-2.4,-1.0248124999999997,3.15,-2.4,-3.8248125
4.07711473942059,3.693813474760962,3.0575332695253907,5.6593251315603945,0.8000000000000002,0.0,0.4268800000000002,3.2,2.4,0.32688000000000017,-1.5999999999999996,2.4,-2.27312,-1.5999999999999996,-2.4,-0.9731199999999998,3.2,-2.4,-3.77312
4.130337643082328,3.7190055136492806,3.0375126455708115,5.631255725776446,0.8500000000000002,0.0,0.48190750000000027,3.25,2.4,0.3819075000000003,-1.5499999999999998,2.4,-2.2180925,-1.5499999999999998,-2.4,-0.9180924999999996,3.25,-2.4,-3.7180925
4.208609809060223,3.626446696110778,2.993335509326433,5.6118344068777475,0.9000000000000002,0.0,0.5402700000000003,3.3000000000000003,2.4,0.4402700000000003,-1.4999999999999996,2.4,-2.1597299999999997,-1.4999999999999996,-2.4,-0.8597299999999997,3.3000000000000003,-2.4,-3.6597299999999997
4.205158260214859,3.544984430473282,2.9569037404309144,5.563860771550537,0.9500000000000003,0.0,0.6019675000000004,3.35,2.4,0.5019675000000005,-1.4499999999999997,2.4,-2.0980324999999995,-1.4499999999999997,-2.4,-0.7980324999999995,3.35,-2.4,-3.5980324999999995
4.243922543218478,3.5006845793514376,2.876821752469574,5.588233450399492,1.0000000000000002,0.0,0.6670000000000004,3.4000000000000004,2.4,0.5670000000000004,-1.3999999999999997,2.4,-2.033,-1.3999999999999997,-2.4,-0.7329999999999995,3.4000000000000004,-2.4,-3.533
4.303049368745168,3.442285323608268,2.9084449719834033,5.582287142885231,1.0500000000000003,0.0,0.7353675000000004,3.45,2.4,0.6353675000000004,-1.3499999999999996,2.4,-1.9646324999999998,-1.3499999999999996,-2.4,-0.6646324999999995,3.45,-2.4,-3.4646324999999996
4.318117359434986,3.3487719888129717,2.8251860086829086,5.577570606123682,1.1000000000000003,0.0,0.8070700000000005,3.5,2.4,0.7070700000000005,-1.2999999999999996,2.4,-1.8929299999999998,-1.2999999999999996,-2.4,-0.5929299999999994,3.5,-2.4,-3.39293
4.407940127628926,3.34391827399126,2.7837218444115654,5.458399656695384,1.1500000000000004,0.0,0.8821075000000006,3.5500000000000003,2.4,0.7821075000000006,-1.2499999999999996,2.4,-1.8178924999999997,-1.2499999999999996,-2.4,-0.5178924999999993,3.5500000000000003,-2.4,-3.3178924999999997
4.452325940541121,3.2790962008417686,2.7688117894539785,5.4943318613221575,1.2000000000000004,0.0,0.9604800000000008,3.6000000000000005,2.4,0.8604800000000008,-1.1999999999999995,2.4,-1.7395199999999993,-1.1999999999999995,-2.4,-0.43951999999999913,3.6000000000000005,-2.4,-3.2395199999999993
4.55902285486993,3.1891652655894287,2.755230906992381,5.399193850349208,1.2500000000000004,0.0,1.0421875000000007,3.6500000000000004,2.4,0.9421875000000007,-1.1499999999999995,2.4,-1.6578124999999995,-1.1499999999999995,-2.4,-0.3578124999999992,3.6500000000000004,-2.4,-3.1578124999999995
4.53942834457882,3.1435196102180196,2.725621064200795,5.517265817186195,1.3000000000000005,0.0,1.1272300000000008,3.7,2.4,1.0272300000000008,-1.0999999999999994,2.4,-1.5727699999999993,-1.0999999999999994,-2.4,-0.27276999999999907,3.7,-2.4,-3.0727699999999993
4.633531317158685,3.0425167828833986,2.660120358004158,5.4039494652812525,1.3500000000000005,0.0,1.215607500000001,3.7500000000000004,2.4,1.115607500000001,-1.0499999999999994,2.4,-1.4843924999999991,-1.0499999999999994,-2.4,-0.18439249999999885,3.7500000000000004,-2.4,-2.9843924999999993
4.712122650318199,2.9731739827286723,2.667434051280873,5.377075405581792,1.4000000000000006,0.0,1.3073200000000011,3.8000000000000007,2.4,1.207320000000001,-0.9999999999999993,2.4,-1.392679999999999,-0.9999999999999993,-2.4,-0.09267999999999876,3.8000000000000007,-2.4,-2.892679999999999
4.753113412752894,2.902549934874838,2.6416843399195824,5.440577548065653,1.4500000000000006,0.0,1.4023675000000013,3.8500000000000005,2.4,1.3023675000000012,-0.9499999999999993,2.4,-1.2976324999999989,-0.9499999999999993,-2.4,0.00236750000000141,3.8500000000000005,-2.4,-2.797632499999999
4.864321811314017,2.891377494327008,2.5991469908599756,5.391326676975474,1.5000000000000007,0.0,1.5007500000000016,3.9000000000000004,2.4,1.4007500000000015,-0.8999999999999992,2.4,-1.1992499999999986,-0.8999999999999992,-2.4,0.10075000000000167,3.9000000000000004,-2.4,-2.6992499999999984
4.878748340534353,2.9212089027941293,2.5833908149710294,5.391657002993349,1.4500000000000006,0.0,1.5016675,3.8500000000000005,2.4,1.4016674999999998,-0.9499999999999993,2.4,-1.1983325000000002,-0.9499999999999993,-2.4,0.10166750000000002,3.8500000000000005,-2.4,-2.6983325000000002
4.8069959968074985,2.930612808101244,2.6626540751668366,5.3831761310189865,1.4000000000000006,0.0,1.50667,3.8000000000000007,2.4,1.4066699999999999,-0.9999999999999993,2.4,-1.1933300000000002,-0.9999999999999993,-2.4,0.10667000000000004,3.8000000000000007,-2.4,-2.6933300000000004
4.689439555186528,2.9519249862106807,2.639698946672379,5.199625917052011,1.3500000000000005,0.0,1.5150074999999998,3.7500000000000004,2.4,1.4150074999999998,-1.0499999999999994,2.4,-1.1849925000000003,-1.0499999999999994,-2.4,0.11500749999999993,3.7500000000000004,-2.4,-2.6849925000000003
4.7166893638499845,2.965797233919977,2.6842156560938317,5.267152168354462,1.3000000000000005,0.0,1.5266799999999998,3.7,2.4,1.4266799999999997,-1.0999999999999994,2.4,-1.1733200000000004,-1.0999999999999994,-2.4,0.1266799999999999,3.7,-2.4,-2.6733200000000004
4.691677968917919,2.976828017840881,2.6923611280018966,5.196308812422336,1.2500000000000004,0.0,1.5416874999999999,3.6500000000000004,2.4,1.4416874999999998,-1.1499999999999995,2.4,-1.1583125000000003,-1.1499999999999995,-2.4,0.14168749999999997,3.6500000000000004,-2.4,-2.6583125
4.675844486516698,2.9232178859362286,2.7376496984496375,5.1991589474814575,1.2000000000000004,0.0,1.5600299999999998,3.6000000000000005,2.4,1.4600299999999997,-1.1999999999999995,2.4,-1.1399700000000004,-1.1999999999999995,-2.4,0.1600299999999999,3.6000000000000005,-2.4,-2.6399700000000004
4.616501996329992,2.9849779590905374,2.7361621664050495,5.1219407805366926,1.1500000000000004,0.0,1.5817074999999998,3.5500000000000003,2.4,1.4817074999999997,-1.2499999999999996,2.4,-1.1182925000000004,-1.2499999999999996,-2.4,0.1817074999999999,3.5500000000000003,-2.4,-2.6182925000000004
4.504084263922354,2.9961370349187817,2.80612004754321,5.0574139934186,1.1000000000000003,0.0,1.60672,3.5,2.4,1.5067199999999998,-1.2999999999999996,2.4,-1.0932800000000003,-1.2999999999999996,-2.4,0.20672000000000001,3.5,-2.4,-2.59328
4.586524186311163,2.999413280576965,2.7780855590088245,5.01058942792394,1.0500000000000003,0.0,1.6350675,3.45,2.4,1.5350674999999998,-1.3499999999999996,2.4,-1.0649325000000003,-1.3499999999999996,-2.4,0.23506749999999998,3.45,-2.4,-2.5649325000000003
4.5258453965010625,2.9976844280796695,2.7992393965843014,4.878949834596511,1.0000000000000002,0.0,1.66675,3.4000000000000004,2.4,1.5667499999999999,-1.3999999999999997,2.4,-1.0332500000000002,-1.3999999999999997,-2.4,0.26675000000000004,3.4000000000000004,-2.4,-2.5332500000000002
4.5183396841956505,2.986953057655502,2.8397627769087253,4.961078738192622,0.9500000000000002,0.0,1.7017674999999999,3.35,2.4,1.6017674999999998,-1.4499999999999997,2.4,-0.9982325000000003,-1.4499999999999997,-2.4,0.30176749999999997,3.35,-2.4,-2.4982325000000003
4.522081946259438,3.0106664048060674,2.916677889441809,4.82499134962921,0.9000000000000001,0.0,1.74012,3.3,2.4,1.6401199999999998,-1.4999999999999998,2.4,-0.9598800000000003,-1.4999999999999998,-2.4,0.34012,3.3,-2.4,-2.45988
4.405689168145034,3.047714784978496,2.8869340043444107,4.709242638236657,0.8500000000000001,0.0,1.7818075,3.25,2.4,1.6818075,-1.5499999999999998,2.4,-0.9181925000000002,-1.5499999999999998,-2.4,0.3818075000000001,3.25,-2.4,-2.4181925
4.462456974645319,3.0810037027956327,2.960111425298765,4.704581442031809,0.8,0.0,1.82683,3.2,2.4,1.7268299999999999,-1.5999999999999999,2.4,-0.8731700000000002,-1.5999999999999999,-2.4,0.42683000000000004,3.2,-2.4,-2.37317
4.392297547727233,3.060841763660931,3.018069207874956,4.6065352998083755,0.75,0.0,1.8751875,3.15,2.4,1.7751875,-1.65,2.4,-0.8248125000000002,-1.65,-2.4,0.4751875000000001,3.15,-2.4,-2.3248125
4.388588543257916,3.0658399720987513,2.9953881108682787,4.597623165056306,0.7,0.0,1.9268800000000001,3.0999999999999996,2.4,1.82688,-1.7,2.4,-0.77312,-1.7,-2.4,0.5268800000000002,3.0999999999999996,-2.4,-2.27312
4.419552500890501,3.0830351273046395,3.111469526692968,4.586210964170997,0.6499999999999999,0.0,1.9819075000000002,3.05,2.4,1.8819075,-1.75,2.4,-0.7180925,-1.75,-2.4,0.5819075000000002,3.05,-2.4,-2.2180925
4.346426343096328,3.120418756764175,3.1018598550225343,4.488667545180831,0.5999999999999999,0.0,2.0402700000000005,3.0,2.4,1.9402700000000004,-1.8,2.4,-0.6597299999999997,-1.8,-2.4,0.6402700000000006,3.0,-2.4,-2.1597299999999997
4.304516479798021,3.1425723109883665,3.1264732881367308,4.407281341202525,0.5499999999999998,0.0,2.1019675,2.9499999999999997,2.4,2.0019675,-1.85,2.4,-0.5980325,-1.85,-2.4,0.7019675000000003,2.9499999999999997,-2.4,-2.0980325
4.367651861058707,3.1685502036046533,3.1727275026600674,4.386942743271021,0.49999999999999983,0.0,2.1670000000000003,2.9,2.4,2.067,-1.9000000000000001,2.4,-0.5329999999999999,-1.9000000000000001,-2.4,0.7670000000000003,2.9,-2.4,-2.033
4.4021036020350985,3.170185628039269,3.2703414067718395,4.3164609456463605,0.44999999999999984,0.0,2.2353675000000006,2.8499999999999996,2.4,2.1353675000000005,-1.9500000000000002,2.4,-0.46463249999999956,-1.9500000000000002,-2.4,0.8353675000000007,2.8499999999999996,-2.4,-1.9646324999999996
4.328553008336105,3.1695613209199918,3.2617685730397086,4.187547094536431,0.39999999999999986,0.0,2.3070700000000004,2.8,2.4,2.2070700000000003,-2.0,2.4,-0.3929299999999998,-2.0,-2.4,0.9070700000000005,2.8,-2.4,-1.8929299999999998
4.399517331220978,3.2461092728648806,3.392540497121872,4.1396971925896615,0.34999999999999987,0.0,2.3821075,2.75,2.4,2.2821075,-2.05,2.4,-0.31789250000000013,-2.05,-2.4,0.9821075000000001,2.75,-2.4,-1.8178925000000001
4.425921605752383,3.2073391421784594,3.3833006496473943,4.090066092521426,0.2999999999999999,0.0,2.4604800000000004,2.6999999999999997,2.4,2.3604800000000004,-2.1,2.4,-0.23951999999999973,-2.1,-2.4,1.0604800000000005,2.6999999999999997,-2.4,-1.7395199999999997
4.356067565438781,3.276341792101692,3.470743038426576,3.99787948237655,0.2499999999999999,0.0,2.5421875,2.65,2.4,2.4421874999999997,-2.15,2.4,-0.15781250000000036,-2.15,-2.4,1.1421875,2.65,-2.4,-1.6578125000000004
4.356587663753876,3.2908025825419966,3.567820798466795,3.904717643099507,0.1999999999999999,0.0,2.62723,2.5999999999999996,2.4,2.52723,-2.2,2.4,-0.07277000000000022,-2.2,-2.4,1.22723,2.5999999999999996,-2.4,-1.5727700000000002
4.421253539286146,3.3253562691939473,3.5907260396663427,3.8879422513355,0.1499999999999999,0.0,2.7156075,2.55,2.4,2.6156075,-2.25,2.4,0.015607499999999774,-2.25,-2.4,1.3156075,2.55,-2.4,-1.4843925000000002
4.4227402058036915,3.3855213809893794,3.614403273067858,3.73557623679352,0.09999999999999991,0.0,2.8073200000000003,2.5,2.4,2.70732,-2.3,2.4,0.10732000000000008,-2.3,-2.4,1.4073200000000003,2.5,-2.4,-1.39268
4.4371026775768785,3.3723080641082337,3.7703174437780578,3.7086017547629506,0.049999999999999906,0.0,2.9023675000000004,2.4499999999999997,2.4,2.8023675000000003,-2.35,2.4,0.20236750000000026,-2.35,-2.4,1.5023675000000005,2.4499999999999997,-2.4,-1.2976324999999997
4.574780512112219,3.4398758233997437,3.8012170297270838,3.6445273903621622,-9.71445146547012e-17,0.0,3.00075,2.4,2.4,2.90075,-2.4,2.4,0.30074999999999985,-2.4,-2.4,1.6007500000000001,2.4,-2.4,-1.1992500000000001
4.516732581775775,3.509940522005745,3.8179758320388055,3.646121528745405,-9.71445146547012e-17,0.05,3.00075,2.4,2.4499999999999997,2.90075,-2.4,2.4499999999999997,0.30074999999999985,-2.4,-2.35,1.6007500000000001,2.4,-2.35,-1.1992500000000001
4.544130114396963,3.5533861570341245,3.757234567431066,3.6190566765771504,-9.71445146547012e-17,0.1,3.00075,2.4,2.5,2.90075,-2.4,2.5,0.30074999999999985,-2.4,-2.3,1.6007500000000001,2.4,-2.3,-1.1992500000000001
4.56016409916692,3.5762325823277563,3.6868134324072863,3.572533812520852,-9.71445146547012e-17,0.15000000000000002,3.00075,2.4,2.55,2.90075,-2.4,2.55,0.30074999999999985,-2.4,-2.25,1.6007500000000001,2.4,-2.25,-1.1992500000000001
4.636541946656292,3.6505126674572765,3.6916398507815984,3.474154117877881,-9.71445146547012e-17,0.2,3.00075,2.4,2.6,2.90075,-2.4,2.6,0.30074999999999985,-2.4,-2.1999999999999997,1.6007500000000001,2.4,-2.1999999999999997,-1.1992500000000001
4.730847293050445,3.6455868003689385,3.6098821236296135,3.511048090846611,-9.71445146547012e-17,0.25,3.00075,2.4,2.65,2.90075,-2.4,2.65,0.30074999999999985,-2.4,-2.15,1.6007500000000001,2.4,-2.15,-1.1992500000000001
4.737984202363448,3.7014133053663634,3.6611759656952376,3.4318589484293867,-9.71445146547012e-17,0.3,3.00075,2.4,2.6999999999999997,2.90075,-2.4,2.6999999999999997,0.30074999999999985,-2.4,-2.1,1.6007500000000001,2.4,-2.1,-1.1992500000000001
4.663398195174373,3.7324223659112468,3.6229391361447814,3.444846176523901,-9.71445146547012e-17,0.35,3.00075,2.4,2.75,2.90075,-2.4,2.75,0.30074999999999985,-2.4,-2.05,1.6007500000000001,2.4,-2.05,-1.1992500000000001
4.746339025553942,3.774491553434278,3.590232837937194,3.3468975925741127,-9.71445146547012e-17,0.39999999999999997,3.00075,2.4,2.8,2.90075,-2.4,2.8,0.30074999999999985,-2.4,-2.0,1.6007500000000001,2.4,-2.0,-1.1992500000000001
4.747518067762877,3.8244644065671607,3.5704298004385833,3.402499088142654,-9.71445146547012e-17,0.44999999999999996,3.00075,2.4,2.8499999999999996,2.90075,-2.4,2.8499999999999996,0.30074999999999985,-2.4,-1.95,1.6007500000000001,2.4,-1.95,-1.1992500000000001
4.799929990744766,3.805727111452663,3.55711406019685,3.307196489779273,-9.71445146547012e-17,0.49999999999999994,3.00075,2.4,2.9,2.90075,-2.4,2.9,0.30074999999999985,-2.4,-1.9,1.6007500000000001,2.4,-1.9,-1.1992500000000001
4.791272240788154,3.8558942802559293,3.480453572639295,3.35129200049857,-9.71445146547012e-17,0.5499999999999999,3.00075,2.4,2.9499999999999997,2.90075,-2.4,2.9499999999999997,0.30074999999999985,-2.4,-1.85,1.6007500000000001,2.4,-1.85,-1.1992500000000001
4.921241082299578,3.9318380962811945,3.4828653451163705,3.30823915751424,-9.71445146547012e-17,0.6,3.00075,2.4,3.0,2.90075,-2.4,3.0,0.30074999999999985,-2.4,-1.7999999999999998,1.6007500000000001,2.4,-1.7999999999999998,-1.1992500000000001
4.883960369450515,3.9305476281232963,3.410677486705988,3.2864605951112695,-9.71445146547012e-17,0.65,3.00075,2.4,3.05,2.90075,-2.4,3.05,0.30074999999999985,-2.4,-1.75,1.6007500000000001,2.4,-1.75,-1.1992500000000001
4.918931170494744,4.020784681361142,3.377010876499186,3.2399489604256853,-9.71445146547012e-17,0.7000000000000001,3.00075,2.4,3.1,2.90075,-2.4,3.1,0.30074999999999985,-2.4,-1.6999999999999997,1.6007500000000001,2.4,-1.6999999999999997,-1.1992500000000001
5.025678039366905,4.057607203857175,3.3367920926359678,3.2286191974950733,-9.71445146547012e-17,0.7500000000000001,3.00075,2.4,3.15,2.90075,-2.4,3.15,0.30074999999999985,-2.4,-1.65,1.6007500000000001,2.4,-1.65,-1.1992500000000001
4.979011709607702,4.076993328983943,3.3231655602668972,3.125702542726941,-9.71445146547012e-17,0.8000000000000002,3.00075,2.4,3.2,2.90075,-2.4,3.2,0.30074999999999985,-2.4,-1.5999999999999996,1.6007500000000001,2.4,-1.5999999999999996,-1.1992500000000001
5.06639077954618,4.170623657308265,3.2800680577999386,3.1325188222891596,-9.71445146547012e-17,0.8500000000000002,3.00075,2.4,3.25,2.90075,-2.4,3.25,0.30074999999999985,-2.4,-1.5499999999999998,1.6007500000000001,2.4,-1.5499999999999998,-1.1992500000000001
5.155567311804014,4.192282891674362,3.282344170221573,3.153022368760228,-9.71445146547012e-17,0.9000000000000002,3.00075,2.4,3.3000000000000003,2.90075,-2.4,3.3000000000000003,0.30074999999999985,-2.4,-1.4999999999999996,1.6007500000000001,2.4,-1.4999999999999996,-1.1992500000000001
5.084097520582045,4.243329770835166,3.250814873138158,3.137038977457976,-9.71445146547012e-17,0.9500000000000003,3.00075,2.4,3.35,2.90075,-2.4,3.35,0.30074999999999985,-2.4,-1.4499999999999997,1.6007500000000001,2.4,-1.4499999999999997,-1.1992500000000001
5.208448137210009,4.190158997667789,3.282079235693286,3.100950129701718,-9.71445146547012e-17,1.0000000000000002,3.00075,2.4,3.4000000000000004,2.90075,-2.4,3.4000000000000004,0.30074999999999985,-2.4,-1.3999999999999997,1.6007500000000001,2.4,-1.3999999999999997,-1.1992500000000001
5.109859996607674,4.235903593459739,3.228035707751897,3.072037434604271,-9.71445146547012e-17,1.0500000000000003,3.00075,2.4,3.45,2.90075,-2.4,3.45,0.30074999999999985,-2.4,-1.3499999999999996,1.6007500000000001,2.4,-1.3499999999999996,-1.1992500000000001
5.2262658012448435,4.374797078418248,3.236275739570134,3.0448997623398184,-9.71445146547012e-17,1.1000000000000003,3.00075,2.4,3.5,2.90075,-2.4,3.5,0.30074999999999985,-2.4,-1.2999999999999996,1.6007500000000001,2.4,-1.2999999999999996,-1.1992500000000001
5.2054891777638455,4.30104708339703,3.232398068003619,2.989130729024372,-9.71445146547012e-17,1.1500000000000004,3.00075,2.4,3.5500000000000003,2.90075,-2.4,3.5500000000000003,0.30074999999999985,-2.4,-1.2499999999999996,1.6007500000000001,2.4,-1.2499999999999996,-1.1992500000000001
5.324619226064458,4.393632699965637,3.174282938813686,3.006144177260081,-9.71445146547012e-17,1.2000000000000004,3.00075,2.4,3.6000000000000005,2.90075,-2.4,3.6000000000000005,0.30074999999999985,-2.4,-1.1999999999999995,1.6007500000000001,2.4,-1.1999999999999995,-1.1992500000000001
5.360899189783013,4.401152353026629,3.1479199915362552,2.940385511482042,-9.71445146547012e-17,1.2500000000000004,3.00075,2.4,3.6500000000000004,2.90075,-2.4,3.6500000000000004,0.30074999999999985,-2.4,-1.1499999999999995,1.6007500000000001,2.4,-1.1499999999999995,-1.1992500000000001
5.286154034258264,4.4735130906609575,3.1045582293896046,2.9363040578763626,-9.71445146547012e-17,1.3000000000000005,3.00075,2.4,3.7,2.90075,-2.4,3.7,0.30074999999999985,-2.4,-1.0999999999999994,1.6007500000000001,2.4,-1.0999999999999994,-1.1992500000000001
5.406530574124722,4.466563400993715,3.1401668399260414,2.9015190991500313,-9.71445146547012e-17,1.3500000000000005,3.00075,2.4,3.7500000000000004,2.90075,-2.4,3.7500000000000004,0.30074999999999985,-2.4,-1.0499999999999994,1.6007500000000001,2.4,-1.0499999999999994,-1.1992500000000001
5.455247327852829,4.5768310483591685,3.1276524767132607,2.9057868424114752,-9.71445146547012e-17,1.4000000000000006,3.00075,2.4,3.8000000000000007,2.90075,-2.4,3.8000000000000007,0.30074999999999985,-2.4,-0.9999999999999993,1.6007500000000001,2.4,-0.9999999999999993,-1.1992500000000001
5.4901582944068705,4.673026398852323,3.087470999602595,2.8846237320196737,-9.71445146547012e-17,1.4500000000000006,3.00075,2.4,3.8500000000000005,2.90075,-2.4,3.8500000000000005,0.30074999999999985,-2.4,-0.9499999999999993,1.6007500000000001,2.4,-0.9499999999999993,-1.1992500000000001
5.4450039374488615,4.716532519979302,3.0496829511960266,2.8324047282871896,-9.71445146547012e-17,1.5000000000000007,3.00075,2.4,3.9000000000000004,2.90075,-2.4,3.9000000000000004,0.30074999999999985,-2.4,-0.8999999999999992,1.6007500000000001,2.4,-0.8999999999999992,-1.1992500000000001
5.4460564855676745,4.746867286920818,3.1325421309320864,2.8102467412230028,-0.0500000000000001,1.5000000000000007,3.00075,2.3499999999999996,3.9000000000000004,2.90075,-2.45,3.9000000000000004,0.30074999999999985,-2.45,-0.8999999999999992,1.6007500000000001,2.3499999999999996,-0.8999999999999992,-1.1992500000000001
5.402787114219869,4.698617179218111,3.1321187212290376,2.751656115401223,-0.1000000000000001,1.5000000000000007,3.00075,2.3,3.9000000000000004,2.90075,-2.5,3.9000000000000004,0.30074999999999985,-2.5,-0.8999999999999992,1.6007500000000001,2.3,-0.8999999999999992,-1.1992500000000001
5.403731107055183,4.770421580389998,3.235379658746067,2.7208373963940993,-0.1500000000000001,1.5000000000000007,3.00075,2.25,3.9000000000000004,2.90075,-2.55,3.9000000000000004,0.30074999999999985,-2.55,-0.8999999999999992,1.6007500000000001,2.25,-0.8999999999999992,-1.1992500000000001
5.450433394510706,4.814851949696699,3.2165868514273486,2.7052508939286217,-0.20000000000000012,1.5000000000000007,3.00075,2.1999999999999997,3.9000000000000004,2.90075,-2.6,3.9000000000000004,0.30074999999999985,-2.6,-0.8999999999999992,1.6007500000000001,2.1999999999999997,-0.8999999999999992,-1.1992500000000001
5.435103926880719,4.730291190752495,3.260140341263422,2.6450356194833042,-0.2500000000000001,1.5000000000000007,3.00075,2.15,3.9000000000000004,2.90075,-2.65,3.9000000000000004,0.30074999999999985,-2.65,-0.8999999999999992,1.6007500000000001,2.15,-0.8999999999999992,-1.1992500000000001
5.372850222741143,4.841122049917419,3.2768645086655144,2.6159326503410445,-0.3000000000000001,1.5000000000000007,3.00075,2.0999999999999996,3.9000000000000004,2.90075,-2.7,3.9000000000000004,0.30074999999999985,-2.7,-0.8999999999999992,1.6007500000000001,2.0999999999999996,-0.8999999999999992,-1.1992500000000001
5.3673851406245845,4.8672970038328955,3.4049303558086668,2.611302150978884,-0.3500000000000001,1.5000000000000007,3.00075,2.05,3.9000000000000004,2.90075,-2.75,3.9000000000000004,0.30074999999999985,-2.75,-0.8999999999999992,1.6007500000000001,2.05,-0.8999999999999992,-1.1992500000000001
5.397545176489636,4.931465606513901,3.3682540196720465,2.516804690830764,-0.4000000000000001,1.5000000000000007,3.00075,1.9999999999999998,3.9000000000000004,2.90075,-2.8,3.9000000000000004,0.30074999999999985,-2.8,-0.8999999999999992,1.6007500000000001,1.9999999999999998,-0.8999999999999992,-1.1992500000000001
5.349900641869093,4.881801870936008,3.390697667938848,2.5275264285893786,-0.45000000000000007,1.5000000000000007,3.00075,1.9499999999999997,3.9000000000000004,2.90075,-2.85,3.9000000000000004,0.30074999999999985,-2.85,-0.8999999999999992,1.6007500000000001,1.9499999999999997,-0.8999999999999992,-1.1992500000000001
5.321079080126505,4.9628536611257035,3.4866255748506725,2.4884377985545516,-0.5000000000000001,1.5000000000000007,3.00075,1.9,3.9000000000000004,2.90075,-2.9,3.9000000000000004,0.30074999999999985,-2.9,-0.8999999999999992,1.6007500000000001,1.9,-0.8999999999999992,-1.1992500000000001
5.256479370178707,5.024529819852926,3.5725002677686684,2.4499956569387145,-0.5500000000000002,1.5000000000000007,3.00075,1.8499999999999996,3.9000000000000004,2.90075,-2.95,3.9000000000000004,0.30074999999999985,-2.95,-0.8999999999999992,1.6007500000000001,1.8499999999999996,-0.8999999999999992,-1.1992500000000001
5.217140028647051,5.011757396739193,3.5766977488348335,2.4022591921206273,-0.6000000000000002,1.5000000000000007,3.00075,1.7999999999999998,3.9000000000000004,2.90075,-3.0,3.9000000000000004,0.30074999999999985,-3.0,-0.8999999999999992,1.6007500000000001,1.7999999999999998,-0.8999999999999992,-1.1992500000000001
5.178667266004665,5.101444486086862,3.6196255006571594,2.3264029782499502,-0.6500000000000002,1.5000000000000007,3.00075,1.7499999999999996,3.9000000000000004,2.90075,-3.0500000000000003,3.9000000000000004,0.30074999999999985,-3.0500000000000003,-0.8999999999999992,1.6007500000000001,1.7499999999999996,-0.8999999999999992,-1.1992500000000001
5.273834587934922,5.124445521424952,3.6681115460798264,2.3058338054183083,-0.7000000000000003,1.5000000000000007,3.00075,1.6999999999999997,3.9000000000000004,2.90075,-3.1,3.9000000000000004,0.30074999999999985,-3.1,-0.8999999999999992,1.6007500000000001,1.6999999999999997,-0.8999999999999992,-1.1992500000000001
5.212767978730246,5.112719627798458,3.7357212259105315,2.2381817989761004,-0.7500000000000003,1.5000000000000007,3.00075,1.6499999999999995,3.9000000000000004,2.90075,-3.1500000000000004,3.9000000000000004,0.30074999999999985,-3.1500000000000004,-0.8999999999999992,1.6007500000000001,1.6499999999999995,-0.8999999999999992,-1.1992500000000001
5.164648978875876,5.18404948625397,3.7459055331388584,2.210886161219867,-0.8000000000000004,1.5000000000000007,3.00075,1.5999999999999996,3.9000000000000004,2.90075,-3.2,3.9000000000000004,0.30074999999999985,-3.2,-0.8999999999999992,1.6007500000000001,1.5999999999999996,-0.8999999999999992,-1.1992500000000001
5.235610308460059,5.2292078272845215,3.786193432226368,2.1720219101880502,-0.8500000000000004,1.5000000000000007,3.00075,1.5499999999999994,3.9000000000000004,2.90075,-3.2500000000000004,3.9000000000000004,0.30074999999999985,-3.2500000000000004,-0.8999999999999992,1.6007500000000001,1.5499999999999994,-0.8999999999999992,-1.1992500000000001
5.11638694500178,5.184939999298849,3.8761833210203207,2.151530976650327,-0.9000000000000005,1.5000000000000007,3.00075,1.4999999999999996,3.9000000000000004,2.90075,-3.3000000000000003,3.9000000000000004,0.30074999999999985,-3.3000000000000003,-0.8999999999999992,1.6007500000000001,1.4999999999999996,-0.8999999999999992,-1.1992500000000001
5.1569986039396705,5.265677139833518,3.872801507359173,2.103518783069487,-0.9500000000000005,1.5000000000000007,3.00075,1.4499999999999993,3.9000000000000004,2.90075,-3.3500000000000005,3.9000000000000004,0.30074999999999985,-3.3500000000000005,-0.8999999999999992,1.6007500000000001,1.4499999999999993,-0.8999999999999992,-1.1992500000000001
5.0979044758357945,5.277188132808121,3.9464026711489693,2.0974278557136405,-1.0000000000000004,1.5000000000000007,3.00075,1.3999999999999995,3.9000000000000004,2.90075,-3.4000000000000004,3.9000000000000004,0.30074999999999985,-3.4000000000000004,-0.8999999999999992,1.6007500000000001,1.3999999999999995,-0.8999999999999992,-1.1992500000000001
5.145386536015745,5.280578403068644,3.9162794438647706,2.04178542948273,-1.0500000000000005,1.5000000000000007,3.00075,1.3499999999999994,3.9000000000000004,2.90075,-3.45,3.9000000000000004,0.30074999999999985,-3.45,-0.8999999999999992,1.6007500000000001,1.3499999999999994,-0.8999999999999992,-1.1992500000000001
5.087168153520744,5.368932901937457,4.03406331214799,2.0003552473493658,-1.1000000000000005,1.5000000000000007,3.00075,1.2999999999999994,3.9000000000000004,2.90075,-3.5000000000000004,3.9000000000000004,0.30074999999999985,-3.5000000000000004,-0.8999999999999992,1.6007500000000001,1.2999999999999994,-0.8999999999999992,-1.1992500000000001
5.022923706273402,5.2843650061903675,4.016651666138285,1.993638425165403,-1.1500000000000006,1.5000000000000007,3.00075,1.2499999999999993,3.9000000000000004,2.90075,-3.5500000000000007,3.9000000000000004,0.30074999999999985,-3.5500000000000007,-0.8999999999999992,1.6007500000000001,1.2499999999999993,-0.8999999999999992,-1.1992500000000001
5.025352749552036,5.382351493450766,4.069380320136477,1.9213782386021492,-1.2000000000000006,1.5000000000000007,3.00075,1.1999999999999993,3.9000000000000004,2.90075,-3.6000000000000005,3.9000000000000004,0.30074999999999985,-3.6000000000000005,-0.8999999999999992,1.6007500000000001,1.1999999999999993,-0.8999999999999992,-1.1992500000000001
5.018417404152677,5.409968306705095,4.181230788854191,1.8949071529949193,-1.2500000000000007,1.5000000000000007,3.00075,1.1499999999999992,3.9000000000000004,2.90075,-3.6500000000000004,3.9000000000000004,0.30074999999999985,-3.6500000000000004,-0.8999999999999992,1.6007500000000001,1.1499999999999992,-0.8999999999999992,-1.1992500000000001
5.10624399486714,5.521348140083879,4.226708580781119,1.860618900601114,-1.3000000000000007,1.5000000000000007,3.00075,1.0999999999999992,3.9000000000000004,2.90075,-3.7000000000000006,3.9000000000000004,0.30074999999999985,-3.7000000000000006,-0.8999999999999992,1.6007500000000001,1.0999999999999992,-0.8999999999999992,-1.1992500000000001
5.115590312513058,5.5415432329803425,4.242416318966729,1.881934627556566,-1.3500000000000008,1.5000000000000007,3.00075,1.0499999999999992,3.9000000000000004,2.90075,-3.750000000000001,3.9000000000000004,0.30074999999999985,-3.750000000000001,-0.8999999999999992,1.6007500000000001,1.0499999999999992,-0.8999999999999992,-1.1992500000000001
5.089627780438701,5.535623815928771,4.326054273617493,1.847301834236072,-1.4000000000000008,1.5000000000000007,3.00075,0.9999999999999991,3.9000000000000004,2.90075,-3.8000000000000007,3.9000000000000004,0.30074999999999985,-3.8000000000000007,-0.8999999999999992,1.6007500000000001,0.9999999999999991,-0.8999999999999992,-1.1992500000000001
5.043905785690943,5.606936723434733,4.377701265211946,1.8034066562306326,-1.4500000000000008,1.5000000000000007,3.00075,0.9499999999999991,3.9000000000000004,2.90075,-3.8500000000000005,3.9000000000000004,0.30074999999999985,-3.8500000000000005,-0.8999999999999992,1.6007500000000001,0.9499999999999991,-0.8999999999999992,-1.1992500000000001
4.948754437735829,5.6366837869007735,4.366466502459871,1.7835042448797165,-1.5000000000000009,1.5000000000000007,3.00075,0.899999999999999,3.9000000000000004,2.90075,-3.900000000000001,3.9000000000000004,0.30074999999999985,-3.900000000000001,-0.8999999999999992,1.6007500000000001,0.899999999999999,-0.8999999999999992,-1.1992500000000001
4.977401885466752,5.555204254962279,4.37588194203956,1.8250532900838448,-1.5000000000000009,1.4500000000000006,3.00075,0.899999999999999,3.8500000000000005,2.90075,-3.900000000000001,3.8500000000000005,0.30074999999999985,-3.900000000000001,-0.9499999999999993,1.6007500000000001,0.899999999999999,-0.9499999999999993,-1.1992500000000001
5.009387163459156,5.598636098834603,4.457747372975464,1.8234863715682332,-1.5000000000000009,1.4000000000000006,3.00075,0.899999999999999,3.8000000000000007,2.90075,-3.900000000000001,3.8000000000000007,0.30074999999999985,-3.900000000000001,-0.9999999999999993,1.6007500000000001,0.899999999999999,-0.9999999999999993,-1.1992500000000001
4.962822462091067,5.564923530245457,4.401218824351413,1.8588218315288634,-1.5000000000000009,1.3500000000000005,3.00075,0.899999999999999,3.7500000000000004,2.90075,-3.900000000000001,3.7500000000000004,0.30074999999999985,-3.900000000000001,-1.0499999999999994,1.6007500000000001,0.899999999999999,-1.0499999999999994,-1.1992500000000001
4.812467361248131,5.423111713735282,4.460049801093345,1.8803160685797942,-1.5000000000000009,1.3000000000000005,3.00075,0.899999999999999,3.7,2.90075,-3.900000000000001,3.7,0.30074999999999985,-3.900000000000001,-1.0999999999999994,1.6007500000000001,0.899999999999999,-1.0999999999999994,-1.1992500000000001
4.793267752734358,5.43384910919175,4.438566340527991,1.9154888203318827,-1.5000000000000009,1.2500000000000004,3.00075,0.899999999999999,3.6500000000000004,2.90075,-3.900000000000001,3.6500000000000004,0.30074999999999985,-3.900000000000001,-1.1499999999999995,1.6007500000000001,0.899999999999999,-1.1499999999999995,-1.1992500000000001
4.821349145040801,5.392260527945172,4.399900764629734,1.9301618857835916,-1.5000000000000009,1.2000000000000004,3.00075,0.899999999999999,3.6000000000000005,2.90075,-3.900000000000001,3.6000000000000005,0.30074999999999985,-3.900000000000001,-1.1999999999999995,1.6007500000000001,0.899999999999999,-1.1999999999999995,-1.1992500000000001
4.701138115726676,5.411036150639604,4.463586306251427,1.95350892468071,-1.5000000000000009,1.1500000000000004,3.00075,0.899999999999999,3.5500000000000003,2.90075,-3.900000000000001,3.5500000000000003,0.30074999999999985,-3.900000000000001,-1.2499999999999996,1.6007500000000001,0.899999999999999,-1.2499999999999996,-1.1992500000000001
4.714915063713602,5.252835462542821,4.490821479899889,2.027444575173219,-1.5000000000000009,1.1000000000000003,3.00075,0.899999999999999,3.5,2.90075,-3.900000000000001,3.5,0.30074999999999985,-3.900000000000001,-1.2999999999999996,1.6007500000000001,0.899999999999999,-1.2999999999999996,-1.1992500000000001
4.695772127722965,5.231978096201553,4.5511048043337645,2.0276582011836344,-1.5000000000000009,1.0500000000000003,3.00075,0.899999999999999,3.45,2.90075,-3.900000000000001,3.45,0.30074999999999985,-3.900000000000001,-1.3499999999999996,1.6007500000000001,0.899999999999999,-1.3499999999999996,-1.1992500000000001
4.599218336569534,5.198279020502282,4.546641959234424,2.0860794802581903,-1.5000000000000009,1.0000000000000002,3.00075,0.899999999999999,3.4000000000000004,2.90075,-3.900000000000001,3.4000000000000004,0.30074999999999985,-3.900000000000001,-1.3999999999999997,1.6007500000000001,0.899999999999999,-1.3999999999999997,-1.1992500000000001
4.553965327555199,5.182123240862725,4.538665709877357,2.1361255252696187,-1.5000000000000009,0.9500000000000002,3.00075,0.899999999999999,3.35,2.90075,-3.900000000000001,3.35,0.30074999999999985,-3.900000000000001,-1.4499999999999997,1.6007500000000001,0.899999999999999,-1.4499999999999997,-1.1992500000000001
4.588591868358184,5.171926437293286,4.5331088190642514,2.133384827774396,-1.5000000000000009,0.9000000000000001,3.00075,0.899999999999999,3.3,2.90075,-3.900000000000001,3.3,0.30074999999999985,-3.900000000000001,-1.4999999999999998,1.6007500000000001,0.899999999999999,-1.4999999999999998,-1.1992500000000001
4.498607061940476,5.114440035838587,4.5134160098692595,2.1722368491862127,-1.5000000000000009,0.8500000000000001,3.00075,0.899999999999999,3.25,2.90075,-3.900000000000001,3.25,0.30074999999999985,-3.900000000000001,-1.5499999999999998,1.6007500000000001,0.899999999999999,-1.5499999999999998,-1.1992500000000001
4.531440139357311,5.154883019234492,4.513736701554939,2.252459793623796,-1.5000000000000009,0.8,3.00075,0.899999999999999,3.2,2.90075,-3.900000000000001,3.2,0.30074999999999985,-3.900000000000001,-1.5999999999999999,1.6007500000000001,0.899999999999999,-1.5999999999999999,-1.1992500000000001
4.463442946086927,5.096907113529645,4.606305469566324,2.265467912635468,-1.5000000000000009,0.75,3.00075,0.899999999999999,3.15,2.90075,-3.900000000000001,3.15,0.30074999999999985,-3.900000000000001,-1.65,1.6007500000000001,0.899999999999999,-1.65,-1.1992500000000001
4.374940100531852,5.079650722452156,4.597719581696822,2.3344716265886705,-1.5000000000000009,0.7,3.00075,0.899999999999999,3.0999999999999996,2.90075,-3.900000000000001,3.0999999999999996,0.30074999999999985,-3.900000000000001,-1.7,1.6007500000000001,0.899999999999999,-1.7,-1.1992500000000001
4.4123811086215845,5.0120008870456525,4.580710469019095,2.338325204978206,-1.5000000000000009,0.6499999999999999,3.00075,0.899999999999999,3.05,2.90075,-3.900000000000001,3.05,0.30074999999999985,-3.900000000000001,-1.75,1.6007500000000001,0.899999999999999,-1.75,-1.1992500000000001
4.389221486809472,4.9657613064001165,4.681491538470322,2.378156546942834,-1.5000000000000009,0.5999999999999999,3.00075,0.899999999999999,3.0,2.90075,-3.900000000000001,3.0,0.30074999999999985,-3.900000000000001,-1.8,1.6007500000000001,0.899999999999999,-1.8,-1.1992500000000001
4.354195056876672,4.944526495373085,4.6262413288961,2.4020287933311386,-1.5000000000000009,0.5499999999999998,3.00075,0.899999999999999,2.9499999999999997,2.90075,-3.900000000000001,2.9499999999999997,0.30074999999999985,-3.900000000000001,-1.85,1.6007500000000001,0.899999999999999,-1.85,-1.1992500000000001
4.237885783593392,4.914618443588239,4.678729391346337,2.468069018061523,-1.5000000000000009,0.49999999999999983,3.00075,0.899999999999999,2.9,2.90075,-3.900000000000001,2.9,0.30074999999999985,-3.900000000000001,-1.9000000000000001,1.6007500000000001,0.899999999999999,-1.9000000000000001,-1.1992500000000001
4.191031188132813,4.91315422958944,4.736429293128332,2.460799355756352,-1.5000000000000009,0.44999999999999984,3.00075,0.899999999999999,2.8499999999999996,2.90075,-3.900000000000001,2.8499999999999996,0.30074999999999985,-3.900000000000001,-1.9500000000000002,1.6007500000000001,0.899999999999999,-1.9500000000000002,-1.1992500000000001
4.246546889899073,4.931957424797047,4.773622004617549,2.568850636535116,-1.5000000000000009,0.39999999999999986,3.00075,0.899999999999999,2.8,2.90075,-3.900000000000001,2.8,0.30074999999999985,-3.900000000000001,-2.0,1.6007500000000001,0.899999999999999,-2.0,-1.1992500000000001
4.207848882229707,4.820806903735379,4.7076014109180235,2.6145239590670433,-1.5000000000000009,0.34999999999999987,3.00075,0.899999999999999,2.75,2.90075,-3.900000000000001,2.75,0.30074999999999985,-3.900000000000001,-2.05,1.6007500000000001,0.899999999999999,-2.05,-1.1992500000000001
4.14268834405647,4.873325680036885,4.76405052818313,2.6494354868064605,-1.5000000000000009,0.2999999999999999,3.00075,0.899999999999999,2.6999999999999997,2.90075,-3.900000000000001,2.6999999999999997,0.30074999999999985,-3.900000000000001,-2.1,1.6007500000000001,0.899999999999999,-2.1,-1.1992500000000001
4.121454272089334,4.8181866974263725,4.7685153399677995,2.685797696328055,-1.5000000000000009,0.2499999999999999,3.00075,0.899999999999999,2.65,2.90075,-3.900000000000001,2.65,0.30074999999999985,-3.900000000000001,-2.15,1.6007500000000001,0.899999999999999,-2.15,-1.1992500000000001
4.0833582423549215,4.791821582400764,4.84803669184746,2.6986573923091624,-1.5000000000000009,0.1999999999999999,3.00075,0.899999999999999,2.5999999999999996,2.90075,-3.900000000000001,2.5999999999999996,0.30074999999999985,-3.900000000000001,-2.2,1.6007500000000001,0.899999999999999,-2.2,-1.1992500000000001
4.055713095762767,4.801437227380289,4.910569666676274,2.728492359541992,-1.5000000000000009,0.1499999999999999,3.00075,0.899999999999999,2.55,2.90075,-3.900000000000001,2.55,0.30074999999999985,-3.900000000000001,-2.25,1.6007500000000001,0.899999999999999,-2.25,-1.1992500000000001
4.049301318325667,4.652805619318981,4.876593059910798,2.747924032978531,-1.5000000000000009,0.09999999999999991,3.00075,0.899999999999999,2.5,2.90075,-3.900000000000001,2.5,0.30074999999999985,-3.900000000000001,-2.3,1.6007500000000001,0.899999999999999,-2.3,-1.1992500000000001
3.936511920877332,4.675036647082541,4.826614934983345,2.814679574704731,-1.5000000000000009,0.049999999999999906,3.00075,0.899999999999999,2.4499999999999997,2.90075,-3.900000000000001,2.4499999999999997,0.30074999999999985,-3.900000000000001,-2.35,1.6007500000000001,0.899999999999999,-2.35,-1.1992500000000001
3.9494771810680147,4.607643150017274,4.991201308130691,2.866199244120269,-1.5000000000000009,-9.71445146547012e-17,3.00075,0.899999999999999,2.4,2.90075,-3.900000000000001,2.4,0.30074999999999985,-3.900000000000001,-2.4,1.6007500000000001,0.899999999999999,-2.4,-1.1992500000000001
3.856791521755513,4.689331974659283,5.01122469826776,2.887097591473706,-1.5000000000000009,-0.0500000000000001,3.00075,0.899999999999999,2.3499999999999996,2.90075,-3.900000000000001,2.3499999999999996,0.30074999999999985,-3.900000000000001,-2.45,1.6007500000000001,0.899999999999999,-2.45,-1.1992500000000001
3.911917840561451,4.561638543386423,4.98194608359588,2.971965373595782,-1.5000000000000009,-0.1000000000000001,3.00075,0.899999999999999,2.3,2.90075,-3.900000000000001,2.3,0.30074999999999985,-3.900000000000001,-2.5,1.6007500000000001,0.899999999999999,-2.5,-1.1992500000000001
3.8856785436005103,4.637108940208017,5.073999316326079,2.9872555470943896,-1.5000000000000009,-0.1500000000000001,3.00075,0.899999999999999,2.25,2.90075,-3.900000000000001,2.25,0.30074999999999985,-3.900000000000001,-2.55,1.6007500000000001,0.899999999999999,-2.55,-1.1992500000000001
3.768785623604456,4.600336643827966,4.998891035683237,3.0106117717611376,-1.5000000000000009,-0.20000000000000012,3.00075,0.899999999999999,2.1999999999999997,2.90075,-3.900000000000001,2.1999999999999997,0.30074999999999985,-3.900000000000001,-2.6,1.6007500000000001,0.899999999999999,-2.6,-1.1992500000000001
3.7298294054979864,4.553755031398851,5.062560636975045,3.0716369258289444,-1.5000000000000009,-0.2500000000000001,3.00075,0.899999999999999,2.15,2.90075,-3.900000000000001,2.15,0.30074999999999985,-3.900000000000001,-2.65,1.6007500000000001,0.899999999999999,-2.65,-1.1992500000000001
3.7029389734984632,4.525415738190183,5.154405575621825,3.132499082894269,-1.5000000000000009,-0.3000000000000001,3.00075,0.899999999999999,2.0999999999999996,2.90075,-3.900000000000001,2.0999999999999996,0.30074999999999985,-3.900000000000001,-2.7,1.6007500000000001,0.899999999999999,-2.7,-1.1992500000000001
3.7227500458673717,4.461467369942803,5.1015348565588,3.2208872168574745,-1.5000000000000009,-0.3500000000000001,3.00075,0.899999999999999,2.05,2.90075,-3.900000000000001,2.05,0.30074999999999985,-3.900000000000001,-2.75,1.6007500000000001,0.899999999999999,-2.75,-1.1992500000000001
3.700185273418302,4.48058939459615,5.1335324375086655,3.2015293993366796,-1.5000000000000009,-0.4000000000000001,3.00075,0.899999999999999,1.9999999999999998,2.90075,-3.900000000000001,1.9999999999999998,0.30074999999999985,-3.900000000000001,-2.8,1.6007500000000001,0.899999999999999,-2.8,-1.1992500000000001
3.6675990601290094,4.462609609151634,5.201678141083866,3.2305144099623084,-1.5000000000000009,-0.45000000000000007,3.00075,0.899999999999999,1.9499999999999997,2.90075,-3.900000000000001,1.9499999999999997,0.30074999999999985,-3.900000000000001,-2.85,1.6007500000000001,0.899999999999999,-2.85,-1.1992500000000001
3.669609053252758,4.372140732978222,5.177423766319643,3.3164224298709755,-1.5000000000000009,-0.5000000000000001,3.00075,0.899999999999999,1.9,2.90075,-3.900000000000001,1.9,0.30074999999999985,-3.900000000000001,-2.9,1.6007500000000001,0.899999999999999,-2.9,-1.1992500000000001
3.6343544385620303,4.413399404890119,5.194415995510761,3.3932300053477427,-1.5000000000000009,-0.5500000000000002,3.00075,0.899999999999999,1.8499999999999996,2.90075,-3.900000000000001,1.8499999999999996,0.30074999999999985,-3.900000000000001,-2.95,1.6007500000000001,0.899999999999999,-2.95,-1.1992500000000001
3.551965534002298,4.372983240702587,5.229457947266399,3.452455553404736,-1.5000000000000009,-0.6000000000000002,3.00075,0.899999999999999,1.7999999999999998,2.90075,-3.900000000000001,1.7999999999999998,0.30074999999999985,-3.900000000000001,-3.0,1.6007500000000001,0.899999999999999,-3.0,-1.1992500000000001
3.524240412560423,4.382352966580225,5.2239532060045635,3.438855044867166,-1.5000000000000009,-0.6500000000000002,3.00075,0.899999999999999,1.7499999999999996,2.90075,-3.900000000000001,1.7499999999999996,0.30074999999999985,-3.900000000000001,-3.0500000000000003,1.6007500000000001,0.899999999999999,-3.0500000000000003,-1.1992500000000001
3.5376723477000054,4.354316943866795,5.289592595346416,3.4878990200622337,-1.5000000000000009,-0.7000000000000003,3.00075,0.899999999999999,1.6999999999999997,2.90075,-3.900000000000001,1.6999999999999997,0.30074999999999985,-3.900000000000001,-3.1,1.6007500000000001,0.899999999999999,-3.1,-1.1992500000000001
3.470405382765841,4.250445513119172,5.32190050045693,3.553895111205889,-1.5000000000000009,-0.7500000000000003,3.00075,0.899999999999999,1.6499999999999995,2.90075,-3.900000000000001,1.6499999999999995,0.30074999999999985,-3.900000000000001,-3.1500000000000004,1.6007500000000001,0.899999999999999,-3.1500000000000004,-1.1992500000000001
3.5321876349970003,4.2951512288210205,5.410629799470835,3.5540068840572894,-1.5000000000000009,-0.8000000000000004,3.00075,0.899999999999999,1.5999999999999996,2.90075,-3.900000000000001,1.5999999999999996,0.30074999999999985,-3.900000000000001,-3.2,1.6007500000000001,0.899999999999999,-3.2,-1.1992500000000001
3.454501271875078,4.302096838566458,5.464222804371573,3.6030320054887213,-1.5000000000000009,-0.8500000000000004,3.00075,0.899999999999999,1.5499999999999994,2.90075,-3.900000000000001,1.5499999999999994,0.30074999999999985,-3.900000000000001,-3.2500000000000004,1.6007500000000001,0.899999999999999,-3.2500000000000004,-1.1992500000000001
3.4532123199139497,4.256009446885526,5.454836290416571,3.6520795633473337,-1.5000000000000009,-0.9000000000000005,3.00075,0.899999999999999,1.4999999999999996,2.90075,-3.900000000000001,1.4999999999999996,0.30074999999999985,-3.900000000000001,-3.3000000000000003,1.6007500000000001,0.899999999999999,-3.3000000000000003,-1.1992500000000001
3.458442395520574,4.179102836778036,5.412858797532593,3.7441089129823135,-1.5000000000000009,-0.9500000000000005,3.00075,0.899999999999999,1.4499999999999993,2.90075,-3.900000000000001,1.4499999999999993,0.30074999999999985,-3.900000000000001,-3.3500000000000005,1.6007500000000001,0.899999999999999,-3.3500000000000005,-1.1992500000000001
3.371384233678918,4.158259614261998,5.429385940025053,3.7337563005162906,-1.5000000000000009,-1.0000000000000004,3.00075,0.899999999999999,1.3999999999999995,2.90075,-3.900000000000001,1.3999999999999995,0.30074999999999985,-3.900000000000001,-3.4000000000000004,1.6007500000000001,0.899999999999999,-3.4000000000000004,-1.1992500000000001
3.4127468405910117,4.162389979093504,5.608047112138967,3.8725110101583695,-1.5000000000000009,-1.0500000000000005,3.00075,0.899999999999999,1.3499999999999994,2.90075,-3.900000000000001,1.3499999999999994,0.30074999999999985,-3.900000000000001,-3.45,1.6007500000000001,0.899999999999999,-3.45,-1.1992500000000001
3.373898270215845,4.221782335561473,5.624882917625864,3.8552465978749577,-1.5000000000000009,-1.1000000000000005,3.00075,0.899999999999999,1.2999999999999994,2.90075,-3.900000000000001,1.2999999999999994,0.30074999999999985,-3.900000000000001,-3.5000000000000004,1.6007500000000001,0.899999999999999,-3.5000000000000004,-1.1992500000000001
3.35985861507318,4.196710441601062,5.6728190746919145,3.9619944576430477,-1.5000000000000009,-1.1500000000000006,3.00075,0.899999999999999,1.2499999999999993,2.90075,-3.900000000000001,1.2499999999999993,0.30074999999999985,-3.900000000000001,-3.5500000000000007,1.6007500000000001,0.899999999999999,-3.5500000000000007,-1.1992500000000001
3.2843727843960395,4.179989846682014,5.565391633721677,3.945806425835982,-1.5000000000000009,-1.2000000000000006,3.00075,0.899999999999999,1.1999999999999993,2.90075,-3.900000000000001,1.1999999999999993,0.30074999999999985,-3.900000000000001,-3.6000000000000005,1.6007500000000001,0.899999999999999,-3.6000000000000005,-1.1992500000000001
3.304711639398823,4.190032803579289,5.714765912359687,3.9482899869326697,-1.5000000000000009,-1.2500000000000007,3.00075,0.899999999999999,1.1499999999999992,2.90075,-3.900000000000001,1.1499999999999992,0.30074999999999985,-3.900000000000001,-3.6500000000000004,1.6007500000000001,0.899999999999999,-3.6500000000000004,-1.1992500000000001
3.3212761348508133,4.098128970971258,5.719967511000395,3.9977755866628346,-1.5000000000000009,-1.3000000000000007,3.00075,0.899999999999999,1.0999999999999992,2.90075,-3.900000000000001,1.0999999999999992,0.30074999999999985,-3.900000000000001,-3.7000000000000006,1.6007500000000001,0.899999999999999,-3.7000000000000006,-1.1992500000000001
3.2212575979920275,4.147009743423289,5.6900666015265,4.047469123830554,-1.5000000000000009,-1.3500000000000008,3.00075,0.899999999999999,1.0499999999999992,2.90075,-3.900000000000001,1.0499999999999992,0.30074999999999985,-3.900000000000001,-3.750000000000001,1.6007500000000001,0.899999999999999,-3.750000000000001,-1.1992500000000001
3.2334616611298763,4.04713378035138,5.689371311902157,4.195386841905636,-1.5000000000000009,-1.4000000000000008,3.00075,0.899999999999999,0.9999999999999991,2.90075,-3.900000000000001,0.9999999999999991,0.30074999999999985,-3.900000000000001,-3.8000000000000007,1.6007500000000001,0.899999999999999,-3.8000000000000007,-1.1992500000000001
3.2106844528439877,4.115787225065604,5.7343530436906756,4.155553142691484,-1.5000000000000009,-1.4500000000000008,3.00075,0.899999999999999,0.9499999999999991,2.90075,-3.900000000000001,0.9499999999999991,0.30074999999999985,-3.900000000000001,-3.8500000000000005,1.6007500000000001,0.899999999999999,-3.8500000000000005,-1.1992500000000001
3.172276151890928,4.129853661709391,5.873889887127205,4.184197939673744,-1.5000000000000009,-1.5000000000000009,3.00075,0.899999999999999,0.899999999999999,2.90075,-3.900000000000001,0.899999999999999,0.30074999999999985,-3.900000000000001,-3.900000000000001,1.6007500000000001,0.899999999999999,-3.900000000000001,-1.1992500000000001
3.239020429087895,4.068197469721291,5.736531294956491,4.289272990895276,-1.4500000000000008,-1.5000000000000009,3.00075,0.9499999999999991,0.899999999999999,2.90075,-3.8500000000000005,0.899999999999999,0.30074999999999985,-3.8500000000000005,-3.900000000000001,1.6007500000000001,0.9499999999999991,-3.900000000000001,-1.1992500000000001
3.264458784200051,3.963818276447034,5.794537086896729,4.274759849981954,-1.4000000000000008,-1.5000000000000009,3.00075,0.9999999999999991,0.899999999999999,2.90075,-3.8000000000000007,0.899999999999999,0.30074999999999985,-3.8000000000000007,-3.900000000000001,1.6007500000000001,0.9999999999999991,-3.900000000000001,-1.1992500000000001
3.2685442508887528,3.960333208046896,5.785376112837759,4.230693151758647,-1.3500000000000008,-1.5000000000000009,3.00075,1.0499999999999992,0.899999999999999,2.90075,-3.750000000000001,0.899999999999999,0.30074999999999985,-3.750000000000001,-3.900000000000001,1.6007500000000001,1.0499999999999992,-3.900000000000001,-1.1992500000000001
3.309989149006605,3.917370018230558,5.726112916439582,4.338847993683558,-1.3000000000000007,-1.5000000000000009,3.00075,1.0999999999999992,0.899999999999999,2.90075,-3.7000000000000006,0.899999999999999,0.30074999999999985,-3.7000000000000006,-3.900000000000001,1.6007500000000001,1.0999999999999992,-3.900000000000001,-1.1992500000000001
3.315588413375513,3.7839064139206053,5.657077301700495,4.327821308585576,-1.2500000000000007,-1.5000000000000009,3.00075,1.1499999999999992,0.899999999999999,2.90075,-3.6500000000000004,0.899999999999999,0.30074999999999985,-3.6500000000000004,-3.900000000000001,1.6007500000000001,1.1499999999999992,-3.900000000000001,-1.1992500000000001
3.297343027374288,3.73761257963585,5.650489942805982,4.328240021432242,-1.2000000000000006,-1.5000000000000009,3.00075,1.1999999999999993,0.899999999999999,2.90075,-3.6000000000000005,0.899999999999999,0.30074999999999985,-3.6000000000000005,-3.900000000000001,1.6007500000000001,1.1999999999999993,-3.900000000000001,-1.1992500000000001
3.3202698926836094,3.7330326844196993,5.5238985290118805,4.2854267079935235,-1.1500000000000006,-1.5000000000000009,3.00075,1.2499999999999993,0.899999999999999,2.90075,-3.5500000000000007,0.899999999999999,0.30074999999999985,-3.5500000000000007,-3.900000000000001,1.6007500000000001,1.2499999999999993,-3.900000000000001,-1.1992500000000001
3.390348339235219,3.7346880819920005,5.5709149903911,4.365100841090676,-1.1000000000000005,-1.5000000000000009,3.00075,1.2999999999999994,0.899999999999999,2.90075,-3.5000000000000004,0.899999999999999,0.30074999999999985,-3.5000000000000004,-3.900000000000001,1.6007500000000001,1.2999999999999994,-3.900000000000001,-1.1992500000000001
3.418028146789189,3.638161985503571,5.5650085664981335,4.299365280764949,-1.0500000000000005,-1.5000000000000009,3.00075,1.3499999999999994,0.899999999999999,2.90075,-3.45,0.899999999999999,0.30074999999999985,-3.45,-3.900000000000001,1.6007500000000001,1.3499999999999994,-3.900000000000001,-1.1992500000000001
3.4205801116080368,3.560059176717875,5.442700213148141,4.428733626856409,-1.0000000000000004,-1.5000000000000009,3.00075,1.3999999999999995,0.899999999999999,2.90075,-3.4000000000000004,0.899999999999999,0.30074999999999985,-3.4000000000000004,-3.900000000000001,1.6007500000000001,1.3999999999999995,-3.900000000000001,-1.1992500000000001
3.4255587498465405,3.570112655449605,5.403126028652357,4.402236245270396,-0.9500000000000004,-1.5000000000000009,3.00075,1.4499999999999995,0.899999999999999,2.90075,-3.3500000000000005,0.899999999999999,0.30074999999999985,-3.3500000000000005,-3.900000000000001,1.6007500000000001,1.4499999999999995,-3.900000000000001,-1.1992500000000001
3.416346924620667,3.483371116423371,5.434554750000414,4.435302491523275,-0.9000000000000004,-1.5000000000000009,3.00075,1.4999999999999996,0.899999999999999,2.90075,-3.3000000000000003,0.899999999999999,0.30074999999999985,-3.3000000000000003,-3.900000000000001,1.6007500000000001,1.4999999999999996,-3.900000000000001,-1.1992500000000001
3.470562725006963,3.457164109280239,5.478758728279926,4.478307100825807,-0.8500000000000003,-1.5000000000000009,3.00075,1.5499999999999996,0.899999999999999,2.90075,-3.25,0.899999999999999,0.30074999999999985,-3.25,-3.900000000000001,1.6007500000000001,1.5499999999999996,-3.900000000000001,-1.1992500000000001
3.473088866638127,3.410154163569148,5.399521235047777,4.420423623444157,-0.8000000000000003,-1.5000000000000009,3.00075,1.5999999999999996,0.899999999999999,2.90075,-3.2,0.899999999999999,0.30074999999999985,-3.2,-3.900000000000001,1.6007500000000001,1.5999999999999996,-3.900000000000001,-1.1992500000000001
3.52186989288842,3.3129084816181344,5.347138170162671,4.4818207001591475,-0.7500000000000002,-1.5000000000000009,3.00075,1.6499999999999997,0.899999999999999,2.90075,-3.1500000000000004,0.899999999999999,0.30074999999999985,-3.1500000000000004,-3.900000000000001,1.6007500000000001,1.6499999999999997,-3.900000000000001,-1.1992500000000001
3.49675678187335,3.3300042647180335,5.358801783677145,4.457419639665611,-0.7000000000000002,-1.5000000000000009,3.00075,1.6999999999999997,0.899999999999999,2.90075,-3.1,0.899999999999999,0.30074999999999985,-3.1,-3.900000000000001,1.6007500000000001,1.6999999999999997,-3.900000000000001,-1.1992500000000001
3.5633694047534834,3.200980614679124,5.296562362252643,4.467559233918139,-0.6500000000000001,-1.5000000000000009,3.00075,1.7499999999999998,0.899999999999999,2.90075,-3.05,0.899999999999999,0.30074999999999985,-3.05,-3.900000000000001,1.6007500000000001,1.7499999999999998,-3.900000000000001,-1.1992500000000001
3.545917611703451,3.1505952173056446,5.224531083320462,4.557643226481449,-0.6000000000000001,-1.5000000000000009,3.00075,1.7999999999999998,0.899999999999999,2.90075,-3.0,0.899999999999999,0.30074999999999985,-3.0,-3.900000000000001,1.6007500000000001,1.7999999999999998,-3.900000000000001,-1.1992500000000001
3.6284939129029965,3.1446074162883835,5.211805251133666,4.595376948104295,-0.55,-1.5000000000000009,3.00075,1.8499999999999999,0.899999999999999,2.90075,-2.95,0.899999999999999,0.30074999999999985,-2.95,-3.900000000000001,1.6007500000000001,1.8499999999999999,-3.900000000000001,-1.1992500000000001
3.627215920037174,3.06143512786086,5.173917839755847,4.628525052131918,-0.5,-1.5000000000000009,3.00075,1.9,0.899999999999999,2.90075,-2.9,0.899999999999999,0.30074999999999985,-2.9,-3.900000000000001,1.6007500000000001,1.9,-3.900000000000001,-1.1992500000000001
3.653036407617567,3.072024873781362,5.112554767039518,4.63264429413296,-0.45,-1.5000000000000009,3.00075,1.95,0.899999999999999,2.90075,-2.85,0.899999999999999,0.30074999999999985,-2.85,-3.900000000000001,1.6007500000000001,1.95,-3.900000000000001,-1.1992500000000001
3.7017625351231116,3.015177860749079,5.149274351229668,4.641326673494213,-0.4,-1.5000000000000009,3.00075,2.0,0.899999999999999,2.90075,-2.8,0.899999999999999,0.30074999999999985,-2.8,-3.900000000000001,1.6007500000000001,2.0,-3.900000000000001,-1.1992500000000001
3.7445351391170267,2.909492896336766,5.179754131190762,4.684630319034727,-0.35000000000000003,-1.5000000000000009,3.00075,2.05,0.899999999999999,2.90075,-2.75,0.899999999999999,0.30074999999999985,-2.75,-3.900000000000001,1.6007500000000001,2.05,-3.900000000000001,-1.1992500000000001
3.7651550051525366,2.891069089643933,5.050150373410122,4.679889329520837,-0.30000000000000004,-1.5000000000000009,3.00075,2.0999999999999996,0.899999999999999,2.90075,-2.7,0.899999999999999,0.30074999999999985,-2.7,-3.900000000000001,1.6007500000000001,2.0999999999999996,-3.900000000000001,-1.1992500000000001
3.76432436255214,2.887075983274653,5.083157858677929,4.68820549645697,-0.25000000000000006,-1.5000000000000009,3.00075,2.15,0.899999999999999,2.90075,-2.65,0.899999999999999,0.30074999999999985,-2.65,-3.900000000000001,1.6007500000000001,2.15,-3.900000000000001,-1.1992500000000001
3.8439325798133925,2.8418377768715626,4.9708336289646375,4.755298710619707,-0.20000000000000007,-1.5000000000000009,3.00075,2.1999999999999997,0.899999999999999,2.90075,-2.6,0.899999999999999,0.30074999999999985,-2.6,-3.900000000000001,1.6007500000000001,2.1999999999999997,-3.900000000000001,-1.1992500000000001
3.799321155525275,2.737503424425428,5.052342821105435,4.787972174208085,-0.15000000000000008,-1.5000000000000009,3.00075,2.25,0.899999999999999,2.90075,-2.55,0.899999999999999,0.30074999999999985,-2.55,-3.900000000000001,1.6007500000000001,2.25,-3.900000000000001,-1.1992500000000001
3.8620603565606966,2.685358514186699,4.944139680989039,4.755656377927415,-0.10000000000000007,-1.5000000000000009,3.00075,2.3,0.899999999999999,2.90075,-2.5,0.899999999999999,0.30074999999999985,-2.5,-3.900000000000001,1.6007500000000001,2.3,-3.900000000000001,-1.1992500000000001
3.947142089216305,2.680630013942394,4.8897825765855885,4.766737800607477,-0.05000000000000007,-1.5000000000000009,3.00075,2.3499999999999996,0.899999999999999,2.90075,-2.45,0.899999999999999,0.30074999999999985,-2.45,-3.900000000000001,1.6007500000000001,2.3499999999999996,-3.900000000000001,-1.1992500000000001
3.9065670304812588,2.586810562110869,4.965375126551092,4.759007404068717,-6.938893903907228e-17,-1.5000000000000009,3.00075,2.4,0.899999999999999,2.90075,-2.4,0.899999999999999,0.30074999999999985,-2.4,-3.900000000000001,1.6007500000000001,2.4,-3.900000000000001,-1.1992500000000001
3.9419889462909126,2.5803154775629653,4.877355045194162,4.829186315460818,0.04999999999999993,-1.5000000000000009,3.00075,2.4499999999999997,0.899999999999999,2.90075,-2.35,0.899999999999999,0.30074999999999985,-2.35,-3.900000000000001,1.6007500000000001,2.4499999999999997,-3.900000000000001,-1.1992500000000001
3.9549592679455796,2.494789877500615,4.9360174011285975,4.8115943279310525,0.09999999999999994,-1.5000000000000009,3.00075,2.5,0.899999999999999,2.90075,-2.3,0.899999999999999,0.30074999999999985,-2.3,-3.900000000000001,1.6007500000000001,2.5,-3.900000000000001,-1.1992500000000001
4.022143658482431,2.505895117431687,4.8270177940530825,4.844090451287334,0.14999999999999994,-1.5000000000000009,3.00075,2.55,0.899999999999999,2.90075,-2.25,0.899999999999999,0.30074999999999985,-2.25,-3.900000000000001,1.6007500000000001,2.55,-3.900000000000001,-1.1992500000000001
4.011470389732732,2.4282861146129635,4.82429153103978,4.88130673175375,0.19999999999999996,-1.5000000000000009,3.00075,2.5999999999999996,0.899999999999999,2.90075,-2.2,0.899999999999999,0.30074999999999985,-2.2,-3.900000000000001,1.6007500000000001,2.5999999999999996,-3.900000000000001,-1.1992500000000001
4.0770304348530235,2.354127771100812,4.792614937123059,4.878564886808269,0.24999999999999994,-1.5000000000000009,3.00075,2.65,0.899999999999999,2.90075,-2.15,0.899999999999999,0.30074999999999985,-2.15,-3.900000000000001,1.6007500000000001,2.65,-3.900000000000001,-1.1992500000000001
4.180220327341695,2.3344859171616315,4.76905236096482,4.983933261965664,0.29999999999999993,-1.5000000000000009,3.00075,2.6999999999999997,0.899999999999999,2.90075,-2.1,0.899999999999999,0.30074999999999985,-2.1,-3.900000000000001,1.6007500000000001,2.6999999999999997,-3.900000000000001,-1.1992500000000001
4.101603466761885,2.31328469808624,4.774914440660612,5.0518482797518045,0.3499999999999999,-1.5000000000000009,3.00075,2.75,0.899999999999999,2.90075,-2.05,0.899999999999999,0.30074999999999985,-2.05,-3.900000000000001,1.6007500000000001,2.75,-3.900000000000001,-1.1992500000000001
4.224151574084112,2.2597622364989745,4.67291761005487,4.95286223634021,0.3999999999999999,-1.5000000000000009,3.00075,2.8,0.899999999999999,2.90075,-2.0,0.899999999999999,0.30074999999999985,-2.0,-3.900000000000001,1.6007500000000001,2.8,-3.900000000000001,-1.1992500000000001
4.194593112177773,2.1928924896371487,4.674296681735822,5.104200081303173,0.4499999999999999,-1.5000000000000009,3.00075,2.8499999999999996,0.899999999999999,2.90075,-1.95,0.899999999999999,0.30074999999999985,-1.95,-3.900000000000001,1.6007500000000001,2.8499999999999996,-3.900000000000001,-1.1992500000000001
4.285806293315208,2.1634991245588893,4.627201658868124,5.04360873384706,0.4999999999999999,-1.5000000000000009,3.00075,2.9,0.899999999999999,2.90075,-1.9,0.899999999999999,0.30074999999999985,-1.9,-3.900000000000001,1.6007500000000001,2.9,-3.900000000000001,-1.1992500000000001
4.341422945807013,2.13954080325904,4.693473649768734,5.126236368668833,0.5499999999999999,-1.5000000000000009,3.00075,2.9499999999999997,0.899999999999999,2.90075,-1.85,0.899999999999999,0.30074999999999985,-1.85,-3.900000000000001,1.6007500000000001,2.9499999999999997,-3.900000000000001,-1.1992500000000001
4.273248636172012,2.0538907863328273,4.711068173108694,5.156416788958125,0.6,-1.5000000000000009,3.00075,3.0,0.899999999999999,2.90075,-1.7999999999999998,0.899999999999999,0.30074999999999985,-1.7999999999999998,-3.900000000000001,1.6007500000000001,3.0,-3.900000000000001,-1.1992500000000001
4.372070029729429,2.0259423948033097,4.67148948938537,5.110240152979218,0.65,-1.5000000000000009,3.00075,3.05,0.899999999999999,2.90075,-1.75,0.899999999999999,0.30074999999999985,-1.75,-3.900000000000001,1.6007500000000001,3.05,-3.900000000000001,-1.1992500000000001
4.456955959792119,1.9536537644019656,4.635155072564662,5.254655236288302,0.7000000000000001,-1.5000000000000009,3.00075,3.1,0.899999999999999,2.90075,-1.6999999999999997,0.899999999999999,0.30074999999999985,-1.6999999999999997,-3.900000000000001,1.6007500000000001,3.1,-3.900000000000001,-1.1992500000000001
4.493497510105979,1.9170545192812765,4.5825405298442625,5.156558317021133,0.7500000000000001,-1.5000000000000009,3.00075,3.15,0.899999999999999,2.90075,-1.65,0.899999999999999,0.30074999999999985,-1.65,-3.900000000000001,1.6007500000000001,3.15,-3.900000000000001,-1.1992500000000001
4.415885132144159,1.8627076207548285,4.554434180146853,5.266107376054846,0.8000000000000002,-1.5000000000000009,3.00075,3.2,0.899999999999999,2.90075,-1.5999999999999996,0.899999999999999,0.30074999999999985,-1.5999999999999996,-3.900000000000001,1.6007500000000001,3.2,-3.900000000000001,-1.1992500000000001
4.452391440764226,1.86937740365164,4.593640931590272,5.370133603700018,0.8500000000000002,-1.5000000000000009,3.00075,3.25,0.899999999999999,2.90075,-1.5499999999999998,0.899999999999999,0.30074999999999985,-1.5499999999999998,-3.900000000000001,1.6007500000000001,3.25,-3.900000000000001,-1.1992500000000001
4.490675500646265,1.8170552057101834,4.5121159510118645,5.362766325729914,0.9000000000000002,-1.5000000000000009,3.00075,3.3000000000000003,0.899999999999999,2.90075,-1.4999999999999996,0.899999999999999,0.30074999999999985,-1.4999999999999996,-3.900000000000001,1.6007500000000001,3.3000000000000003,-3.900000000000001,-1.1992500000000001
4.643345902998482,1.7537987186229202,4.551366995886869,5.315033767260651,0.9500000000000003,-1.5000000000000009,3.00075,3.35,0.899999999999999,2.90075,-1.4499999999999997,0.899999999999999,0.30074999999999985,-1.4499999999999997,-3.900000000000001,1.6007500000000001,3.35,-3.900000000000001,-1.1992500000000001
4.694298447260048,1.7357320659628637,4.5661380901540936,5.334631572689031,1.0000000000000002,-1.5000000000000009,3.00075,3.4000000000000004,0.899999999999999,2.90075,-1.3999999999999997,0.899999999999999,0.30074999999999985,-1.3999999999999997,-3.900000000000001,1.6007500000000001,3.4000000000000004,-3.900000000000001,-1.1992500000000001
4.670115366473948,1.6828920877651705,4.4288536478911364,5.355393883033795,1.0500000000000003,-1.5000000000000009,3.00075,3.45,0.899999999999999,2.90075,-1.3499999999999996,0.899999999999999,0.30074999999999985,-1.3499999999999996,-3.900000000000001,1.6007500000000001,3.45,-3.900000000000001,-1.1992500000000001
4.692871139170506,1.6335001711869528,4.476478255946281,5.4823750997775615,1.1000000000000003,-1.5000000000000009,3.00075,3.5,0.899999999999999,2.90075,-1.2999999999999996,0.899999999999999,0.30074999999999985,-1.2999999999999996,-3.900000000000001,1.6007500000000001,3.5,-3.900000000000001,-1.1992500000000001
4.811372223346971,1.6019386858776707,4.430619963548416,5.468502915422511,1.1500000000000004,-1.5000000000000009,3.00075,3.5500000000000003,0.899999999999999,2.90075,-1.2499999999999996,0.899999999999999,0.30074999999999985,-1.2499999999999996,-3.900000000000001,1.6007500000000001,3.5500000000000003,-3.900000000000001,-1.1992500000000001
4.812078848247168,1.5655121936311143,4.436500096541326,5.460598367463343,1.2000000000000004,-1.5000000000000009,3.00075,3.6000000000000005,0.899999999999999,2.90075,-1.1999999999999995,0.899999999999999,0.30074999999999985,-1.1999999999999995,-3.900000000000001,1.6007500000000001,3.6000000000000005,-3.900000000000001,-1.1992500000000001
4.821211588022464,1.509642845039971,4.4513653237150415,5.586910083098647,1.2500000000000004,-1.5000000000000009,3.00075,3.6500000000000004,0.899999999999999,2.90075,-1.1499999999999995,0.899999999999999,0.30074999999999985,-1.1499999999999995,-3.900000000000001,1.6007500000000001,3.6500000000000004,-3.900000000000001,-1.1992500000000001
4.800923493609653,1.4677255750441724,4.430351946137845,5.572004919149485,1.3000000000000005,-1.5000000000000009,3.00075,3.7,0.899999999999999,2.90075,-1.0999999999999994,0.899999999999999,0.30074999999999985,-1.0999999999999994,-3.900000000000001,1.6007500000000001,3.7,-3.900000000000001,-1.1992500000000001
4.928679775904724,1.4523827380717846,4.433893095314926,5.583411611776569,1.3500000000000005,-1.5000000000000009,3.00075,3.7500000000000004,0.899999999999999,2.90075,-1.0499999999999994,0.899999999999999,0.30074999999999985,-1.0499999999999994,-3.900000000000001,1.6007500000000001,3.7500000000000004,-3.900000000000001,-1.1992500000000001
4.99696341511538,1.4071521474327073,4.454850180790714,5.616519063820576,1.4000000000000006,-1.5000000000000009,3.00075,3.8000000000000007,0.899999999999999,2.90075,-0.9999999999999993,0.899999999999999,0.30074999999999985,-0.9999999999999993,-3.900000000000001,1.6007500000000001,3.8000000000000007,-3.900000000000001,-1.1992500000000001
5.030743208833159,1.3752247840022493,4.323011056124966,5.71360551828914,1.4500000000000006,-1.5000000000000009,3.00075,3.8500000000000005,0.899999999999999,2.90075,-0.9499999999999993,0.899999999999999,0.30074999999999985,-0.9499999999999993,-3.900000000000001,1.6007500000000001,3.8500000000000005,-3.900000000000001,-1.1992500000000001
5.047043134101448,1.3101126874878288,4.391301252961416,5.671481339184007,1.5000000000000007,-1.5000000000000009,3.00075,3.9000000000000004,0.899999999999999,2.90075,-0.8999999999999992,0.899999999999999,0.30074999999999985,-0.8999999999999992,-3.900000000000001,1.6007500000000001,3.9000000000000004,-3.900000000000001,-1.1992500000000001
5.040769840391256,1.349166778296909,4.389408300967864,5.724412791051681,1.5000000000000007,-1.4500000000000008,3.00075,3.9000000000000004,0.9499999999999991,2.90075,-0.8999999999999992,0.9499999999999991,0.30074999999999985,-0.8999999999999992,-3.8500000000000005,1.6007500000000001,3.9000000000000004,-3.8500000000000005,-1.1992500000000001
5.07626516212816,1.3903551250748385,4.2593840030502665,5.670493325546173,1.5000000000000007,-1.4000000000000008,3.00075,3.9000000000000004,0.9999999999999991,2.90075,-0.8999999999999992,0.9999999999999991,0.30074999999999985,-0.8999999999999992,-3.8000000000000007,1.6007500000000001,3.9000000000000004,-3.8000000000000007,-1.1992500000000001
5.117585751864246,1.448810323819618,4.258282979080263,5.679305245015809,1.5000000000000007,-1.3500000000000008,3.00075,3.9000000000000004,1.0499999999999992,2.90075,-0.8999999999999992,1.0499999999999992,0.30074999999999985,-0.8999999999999992,-3.750000000000001,1.6007500000000001,3.9000000000000004,-3.750000000000001,-1.1992500000000001
4.991246711835356,1.4791157975837275,4.198683598794925,5.546215658229288,1.5000000000000007,-1.3000000000000007,3.00075,3.9000000000000004,1.0999999999999992,2.90075,-0.8999999999999992,1.0999999999999992,0.30074999999999985,-0.8999999999999992,-3.7000000000000006,1.6007500000000001,3.9000000000000004,-3.7000000000000006,-1.1992500000000001
5.075055252366276,1.4922536653613918,4.169719497342716,5.480149749803721,1.5000000000000007,-1.2500000000000007,3.00075,3.9000000000000004,1.1499999999999992,2.90075,-0.8999999999999992,1.1499999999999992,0.30074999999999985,-0.8999999999999992,-3.6500000000000004,1.6007500000000001,3.9000000000000004,-3.6500000000000004,-1.1992500000000001
5.010574764206465,1.5489762219537702,4.151077119504347,5.509083973640002,1.5000000000000007,-1.2000000000000006,3.00075,3.9000000000000004,1.1999999999999993,2.90075,-0.8999999999999992,1.1999999999999993,0.30074999999999985,-0.8999999999999992,-3.6000000000000005,1.6007500000000001,3.9000000000000004,-3.6000000000000005,-1.1992500000000001
5.039056430406152,1.5950395569311975,4.057186127838129,5.437432140175251,1.5000000000000007,-1.1500000000000006,3.00075,3.9000000000000004,1.2499999999999993,2.90075,-0.8999999999999992,1.2499999999999993,0.30074999999999985,-0.8999999999999992,-3.5500000000000007,1.6007500000000001,3.9000000000000004,-3.5500000000000007,-1.1992500000000001
5.158805653623924,1.6279545711037076,3.9795396159586747,5.518650810249884,1.5000000000000007,-1.1000000000000005,3.00075,3.9000000000000004,1.2999999999999994,2.90075,-0.8999999999999992,1.2999999999999994,0.30074999999999985,-0.8999999999999992,-3.5000000000000004,1.6007500000000001,3.9000000000000004,-3.5000000000000004,-1.1992500000000001
5.0832139600942945,1.6526428915197886,3.920428447200593,5.429661034705159,1.5000000000000007,-1.0500000000000005,3.00075,3.9000000000000004,1.3499999999999994,2.90075,-0.8999999999999992,1.3499999999999994,0.30074999999999985,-0.8999999999999992,-3.45,1.6007500000000001,3.9000000000000004,-3.45,-1.1992500000000001
5.117123093656816,1.7408588059913734,3.96603523667814,5.3981280884668275,1.5000000000000007,-1.0000000000000004,3.00075,3.9000000000000004,1.3999999999999995,2.90075,-0.8999999999999992,1.3999999999999995,0.30074999999999985,-0.8999999999999992,-3.4000000000000004,1.6007500000000001,3.9000000000000004,-3.4000000000000004,-1.1992500000000001
5.139841287912045,1.7624188755733214,3.827288465848771,5.429857030986698,1.5000000000000007,-0.9500000000000004,3.00075,3.9000000000000004,1.4499999999999995,2.90075,-0.8999999999999992,1.4499999999999995,0.30074999999999985,-0.8999999999999992,-3.3500000000000005,1.6007500000000001,3.9000000000000004,-3.3500000000000005,-1.1992500000000001
5.115700305401339,1.781022749722039,3.804195721487715,5.285599026257171,1.5000000000000007,-0.9000000000000004,3.00075,3.9000000000000004,1.4999999999999996,2.90075,-0.8999999999999992,1.4999999999999996,0.30074999999999985,-0.8999999999999992,-3.3000000000000003,1.6007500000000001,3.9000000000000004,-3.3000000000000003,-1.1992500000000001
5.219885744857012,1.8489992959405157,3.793140028643666,5.247322756010408,1.5000000000000007,-0.8500000000000003,3.00075,3.9000000000000004,1.5499999999999996,2.90075,-0.8999999999999992,1.5499999999999996,0.30074999999999985,-0.8999999999999992,-3.25,1.6007500000000001,3.9000000000000004,-3.25,-1.1992500000000001
5.131453950690698,1.8976774958771716,3.7136185610772,5.3348390971513355,1.5000000000000007,-0.8000000000000003,3.00075,3.9000000000000004,1.5999999999999996,2.90075,-0.8999999999999992,1.5999999999999996,0.30074999999999985,-0.8999999999999992,-3.2,1.6007500000000001,3.9000000000000004,-3.2,-1.1992500000000001
5.186286947021251,1.9201371148187807,3.738695821540822,5.305106041260601,1.5000000000000007,-0.7500000000000002,3.00075,3.9000000000000004,1.6499999999999997,2.90075,-0.8999999999999992,1.6499999999999997,0.30074999999999985,-0.8999999999999992,-3.1500000000000004,1.6007500000000001,3.9000000000000004,-3.1500000000000004,-1.1992500000000001
5.2174581583918345,1.9608608706072896,3.6871261280793903,5.193364011813479,1.5000000000000007,-0.7000000000000002,3.00075,3.9000000000000004,1.6999999999999997,2.90075,-0.8999999999999992,1.6999999999999997,0.30074999999999985,-0.8999999999999992,-3.1,1.6007500000000001,3.9000000000000004,-3.1,-1.1992500000000001
5.175143352474248,1.9999713461334292,3.6169665555124255,5.23475655955795,1.5000000000000007,-0.6500000000000001,3.00075,3.9000000000000004,1.7499999999999998,2.90075,-0.8999999999999992,1.7499999999999998,0.30074999999999985,-0.8999999999999992,-3.05,1.6007500000000001,3.9000000000000004,-3.05,-1.1992500000000001
5.2481451378406865,2.0405013428778425,3.5982597272364654,5.2060936893532155,1.5000000000000007,-0.6000000000000001,3.00075,3.9000000000000004,1.7999999999999998,2.90075,-0.8999999999999992,1.7999999999999998,0.30074999999999985,-0.8999999999999992,-3.0,1.6007500000000001,3.9000000000000004,-3.0,-1.1992500000000001
5.250845377280147,2.0985135976370035,3.504878966212865,5.1343739122394885,1.5000000000000007,-0.55,3.00075,3.9000000000000004,1.8499999999999999,2.90075,-0.8999999999999992,1.8499999999999999,0.30074999999999985,-0.8999999999999992,-2.95,1.6007500000000001,3.9000000000000004,-2.95,-1.1992500000000001
5.222193291720266,2.1624565582324995,3.4541761258306334,5.113167723278272,1.5000000000000007,-0.5,3.00075,3.9000000000000004,1.9,2.90075,-0.8999999999999992,1.9,0.30074999999999985,-0.8999999999999992,-2.9,1.6007500000000001,3.9000000000000004,-2.9,-1.1992500000000001
5.292099883626571,2.220208300355047,3.4134533445930155,4.99877718386136,1.5000000000000007,-0.45,3.00075,3.9000000000000004,1.95,2.90075,-0.8999999999999992,1.95,0.30074999999999985,-0.8999999999999992,-2.85,1.6007500000000001,3.9000000000000004,-2.85,-1.1992500000000001
5.31595316248009,2.2300212158097357,3.4261614289093103,4.981714229876593,1.5000000000000007,-0.4,3.00075,3.9000000000000004,2.0,2.90075,-0.8999999999999992,2.0,0.30074999999999985,-0.8999999999999992,-2.8,1.6007500000000001,3.9000000000000004,-2.8,-1.1992500000000001
5.363547147014242,2.2914724911544115,3.3268430513033196,4.9561365116699445,1.5000000000000007,-0.35000000000000003,3.00075,3.9000000000000004,2.05,2.90075,-0.8999999999999992,2.05,0.30074999999999985,-0.8999999999999992,-2.75,1.6007500000000001,3.9000000000000004,-2.75,-1.1992500000000001
5.394766377841782,2.349141484816359,3.3416576678769427,4.940104412981582,1.5000000000000007,-0.30000000000000004,3.00075,3.9000000000000004,2.0999999999999996,2.90075,-0.8999999999999992,2.0999999999999996,0.30074999999999985,-0.8999999999999992,-2.7,1.6007500000000001,3.9000000000000004,-2.7,-1.1992500000000001
5.361651569152052,2.3554693390953982,3.236514220214692,4.972646905574814,1.5000000000000007,-0.25000000000000006,3.00075,3.9000000000000004,2.15,2.90075,-0.8999999999999992,2.15,0.30074999999999985,-0.8999999999999992,-2.65,1.6007500000000001,3.9000000000000004,-2.65,-1.1992500000000001
5.465458768773476,2.4409841060607422,3.2529427484943856,4.903682983755441,1.5000000000000007,-0.20000000000000007,3.00075,3.9000000000000004,2.1999999999999997,2.90075,-0.8999999999999992,2.1999999999999997,0.30074999999999985,-0.8999999999999992,-2.6,1.6007500000000001,3.9000000000000004,-2.6,-1.1992500000000001
5.469293359001584,2.4989971383548046,3.1436274975816834,4.812127545768788,1.5000000000000007,-0.15000000000000008,3.00075,3.9000000000000004,2.25,2.90075,-0.8999999999999992,2.25,0.30074999999999985,-0.8999999999999992,-2.55,1.6007500000000001,3.9000000000000004,-2.55,-1.1992500000000001
5.413464381212696,2.5598932466810083,3.108280219036544,4.832500051000985,1.5000000000000007,-0.10000000000000007,3.00075,3.9000000000000004,2.3,2.90075,-0.8999999999999992,2.3,0.30074999999999985,-0.8999999999999992,-2.5,1.6007500000000001,3.9000000000000004,-2.5,-1.1992500000000001
5.556100558961969,2.546131328370105,3.129025898501092,4.867847034527164,1.5000000000000007,-0.05000000000000007,3.00075,3.9000000000000004,2.3499999999999996,2.90075,-0.8999999999999992,2.3499999999999996,0.30074999999999985,-0.8999999999999992,-2.45,1.6007500000000001,3.9000000000000004,-2.45,-1.1992500000000001
5.557543746093763,2.6074703973191755,3.0927157383991872,4.743387255054466,1.5000000000000007,-6.938893903907228e-17,3.00075,3.9000000000000004,2.4,2.90075,-0.8999999999999992,2.4,0.30074999999999985,-0.8999999999999992,-2.4,1.6007500000000001,3.9000000000000004,-2.4,-1.1992500000000001
5.604826389787447,2.6915730211071276,3.016800948658423,4.770730535759795,1.5000000000000007,0.04999999999999993,3.00075,3.9000000000000004,2.4499999999999997,2.90075,-0.8999999999999992,2.4499999999999997,0.30074999999999985,-0.8999999999999992,-2.35,1.6007500000000001,3.9000000000000004,-2.35,-1.1992500000000001
5.479351008354188,2.6963231006433226,2.9958941086321715,4.694696180785761,1.5000000000000007,0.09999999999999994,3.00075,3.9000000000000004,2.5,2.90075,-0.8999999999999992,2.5,0.30074999999999985,-0.8999999999999992,-2.3,1.6007500000000001,3.9000000000000004,-2.3,-1.1992500000000001
5.636087121220785,2.755855163702075,2.9242277450585177,4.7110657093531785,1.5000000000000007,0.14999999999999994,3.00075,3.9000000000000004,2.55,2.90075,-0.8999999999999992,2.55,0.30074999999999985,-0.8999999999999992,-2.25,1.6007500000000001,3.9000000000000004,-2.25,-1.1992500000000001
5.663056527691221,2.8471062083453478,2.9207326330026127,4.668518751307235,1.5000000000000007,0.19999999999999996,3.00075,3.9000000000000004,2.5999999999999996,2.90075,-0.8999999999999992,2.5999999999999996,0.30074999999999985,-0.8999999999999992,-2.2,1.6007500000000001,3.9000000000000004,-2.2,-1.1992500000000001
5.69065109678886,2.8416154147802177,2.8341622189978186,4.613983396637638,1.5000000000000007,0.24999999999999994,3.00075,3.9000000000000004,2.65,2.90075,-0.8999999999999992,2.65,0.30074999999999985,-0.8999999999999992,-2.15,1.6007500000000001,3.9000000000000004,-2.15,-1.1992500000000001
5.644019951764732,2.8891695493315566,2.792512483637113,4.609780295925799,1.5000000000000007,0.29999999999999993,3.00075,3.9000000000000004,2.6999999999999997,2.90075,-0.8999999999999992,2.6999999999999997,0.30074999999999985,-0.8999999999999992,-2.1,1.6007500000000001,3.9000000000000004,-2.1,-1.1992500000000001
5.73247676766043,2.973110900790275,2.787248857005114,4.583888862673574,1.5000000000000007,0.3499999999999999,3.00075,3.9000000000000004,2.75,2.90075,-0.8999999999999992,2.75,0.30074999999999985,-0.8999999999999992,-2.05,1.6007500000000001,3.9000000000000004,-2.05,-1.1992500000000001
5.667827246319298,3.0364342279817387,2.733174087381778,4.552241266705935,1.5000000000000007,0.3999999999999999,3.00075,3.9000000000000004,2.8,2.90075,-0.8999999999999992,2.8,0.30074999999999985,-0.8999999999999992,-2.0,1.6007500000000001,3.9000000000000004,-2.0,-1.1992500000000001
5.737717305416519,3.0345368680340044,2.7534274310788365,4.640822057236247,1.5000000000000007,0.4499999999999999,3.00075,3.9000000000000004,2.8499999999999996,2.90075,-0.8999999999999992,2.8499999999999996,0.30074999999999985,-0.8999999999999992,-1.95,1.6007500000000001,3.9000000000000004,-1.95,-1.1992500000000001
5.7111009656484235,3.0646933015727336,2.6573627420762564,4.53358899294822,1.5000000000000007,0.4999999999999999,3.00075,3.9000000000000004,2.9,2.90075,-0.8999999999999992,2.9,0.30074999999999985,-0.8999999999999992,-1.9,1.6007500000000001,3.9000000000000004,-1.9,-1.1992500000000001
5.7058724758000885,3.148758399151584,2.619381519266229,4.493822198113742,1.5000000000000007,0.5499999999999999,3.00075,3.9000000000000004,2.9499999999999997,2.90075,-0.8999999999999992,2.9499999999999997,0.30074999999999985,-0.8999999999999992,-1.85,1.6007500000000001,3.9000000000000004,-1.85,-1.1992500000000001
5.8472659832675,3.214949302331281,2.6027657151314734,4.487465214415186,1.5000000000000007,0.6,3.00075,3.9000000000000004,3.0,2.90075,-0.8999999999999992,3.0,0.30074999999999985,-0.8999999999999992,-1.7999999999999998,1.6007500000000001,3.9000000000000004,-1.7999999999999998,-1.1992500000000001
5.8557495314851735,3.217045329312254,2.5389737622815822,4.521298817076664,1.5000000000000007,0.65,3.00075,3.9000000000000004,3.05,2.90075,-0.8999999999999992,3.05,0.30074999999999985,-0.8999999999999992,-1.75,1.6007500000000001,3.9000000000000004,-1.75,-1.1992500000000001
5.823703797720386,3.3213416447579944,2.5603701634441407,4.448161649000386,1.5000000000000007,0.7000000000000001,3.00075,3.9000000000000004,3.1,2.90075,-0.8999999999999992,3.1,0.30074999999999985,-0.8999999999999992,-1.6999999999999997,1.6007500000000001,3.9000000000000004,-1.6999999999999997,-1.1992500000000001
5.926672559611805,3.354973295971881,2.5043968107658223,4.42585658773605,1.5000000000000007,0.7500000000000001,3.00075,3.9000000000000004,3.15,2.90075,-0.8999999999999992,3.15,0.30074999999999985,-0.8999999999999992,-1.65,1.6007500000000001,3.9000000000000004,-1.65,-1.1992500000000001
5.902044978584215,3.404721252271163,2.4757950142897367,4.451680239899534,1.5000000000000007,0.8000000000000002,3.00075,3.9000000000000004,3.2,2.90075,-0.8999999999999992,3.2,0.30074999999999985,-0.8999999999999992,-1.5999999999999996,1.6007500000000001,3.9000000000000004,-1.5999999999999996,-1.1992500000000001
5.887461559236793,3.406105844619649,2.407697689788191,4.410673264261576,1.5000000000000007,0.8500000000000002,3.00075,3.9000000000000004,3.25,2.90075,-0.8999999999999992,3.25,0.30074999999999985,-0.8999999999999992,-1.5499999999999998,1.6007500000000001,3.9000000000000004,-1.5499999999999998,-1.1992500000000001
6.015865467558323,3.5102531099971004,2.4086847750337395,4.351216736778031,1.5000000000000007,0.9000000000000002,3.00075,3.9000000000000004,3.3000000000000003,2.90075,-0.8999999999999992,3.3000000000000003,0.30074999999999985,-0.8999999999999992,-1.4999999999999996,1.6007500000000001,3.9000000000000004,-1.4999999999999996,-1.1992500000000001
5.950203981324359,3.553858372527284,2.3990341885789683,4.367334306038118,1.5000000000000007,0.9500000000000003,3.00075,3.9000000000000004,3.35,2.90075,-0.8999999999999992,3.35,0.30074999999999985,-0.8999999999999992,-1.4499999999999997,1.6007500000000001,3.9000000000000004,-1.4499999999999997,-1.1992500000000001
6.054219469602929,3.6149043776056713,2.322000873903763,4.40047684906921,1.5000000000000007,1.0000000000000002,3.00075,3.9000000000000004,3.4000000000000004,2.90075,-0.8999999999999992,3.4000000000000004,0.30074999999999985,-0.8999999999999992,-1.3999999999999997,1.6007500000000001,3.9000000000000004,-1.3999999999999997,-1.1992500000000001
5.982189805937331,3.5997409792646615,2.280412315784905,4.376632870805026,1.5000000000000007,1.0500000000000003,3.00075,3.9000000000000004,3.45,2.90075,-0.8999999999999992,3.45,0.30074999999999985,-0.8999999999999992,-1.3499999999999996,1.6007500000000001,3.9000000000000004,-1.3499999999999996,-1.1992500000000001
6.155950790247313,3.686864676675189,2.2975422713630658,4.292325314436296,1.5000000000000007,1.1000000000000003,3.00075,3.9000000000000004,3.5,2.90075,-0.8999999999999992,3.5,0.30074999999999985,-0.8999999999999992,-1.2999999999999996,1.6007500000000001,3.9000000000000004,-1.2999999999999996,-1.1992500000000001
6.13487197371236,3.7845607605357787,2.2274408492387865,4.28793877531369,1.5000000000000007,1.1500000000000004,3.00075,3.9000000000000004,3.5500000000000003,2.90075,-0.8999999999999992,3.5500000000000003,0.30074999999999985,-0.8999999999999992,-1.2499999999999996,1.6007500000000001,3.9000000000000004,-1.2499999999999996,-1.1992500000000001
6.09257556027347,3.769294512896752,2.196657569773066,4.293027537580908,1.5000000000000007,1.2000000000000004,3.00075,3.9000000000000004,3.6000000000000005,2.90075,-0.8999999999999992,3.6000000000000005,0.30074999999999985,-0.8999999999999992,-1.1999999999999995,1.6007500000000001,3.9000000000000004,-1.1999999999999995,-1.1992500000000001
6.122610546255297,3.8520191040413096,2.203609434413518,4.276366727626755,1.5000000000000007,1.2500000000000004,3.00075,3.9000000000000004,3.6500000000000004,2.90075,-0.8999999999999992,3.6500000000000004,0.30074999999999985,-0.8999999999999992,-1.1499999999999995,1.6007500000000001,3.9000000000000004,-1.1499999999999995,-1.1992500000000001
6.15024295440877,3.863527462193151,2.1466154152675676,4.258949032093317,1.5000000000000007,1.3000000000000005,3.00075,3.9000000000000004,3.7,2.90075,-0.8999999999999992,3.7,0.30074999999999985,-0.8999999999999992,-1.0999999999999994,1.6007500000000001,3.9000000000000004,-1.0999999999999994,-1.1992500000000001
6.189717547684046,3.9117574690644834,2.1523644378804456,4.334130195668143,1.5000000000000007,1.3500000000000005,3.00075,3.9000000000000004,3.7500000000000004,2.90075,-0.8999999999999992,3.7500000000000004,0.30074999999999985,-0.8999999999999992,-1.0499999999999994,1.6007500000000001,3.9000000000000004,-1.0499999999999994,-1.1992500000000001
6.308850703827551,3.9627790813112878,2.1091094658866956,4.301343441206434,1.5000000000000007,1.4000000000000006,3.00075,3.9000000000000004,3.8000000000000007,2.90075,-0.8999999999999992,3.8000000000000007,0.30074999999999985,-0.8999999999999992,-0.9999999999999993,1.6007500000000001,3.9000000000000004,-0.9999999999999993,-1.1992500000000001
6.344710386034266,4.049151887579632,2.0856001176904853,4.213544619722723,1.5000000000000007,1.4500000000000006,3.00075,3.9000000000000004,3.8500000000000005,2.90075,-0.8999999999999992,3.8500000000000005,0.30074999999999985,-0.8999999999999992,-0.9499999999999993,1.6007500000000001,3.9000000000000004,-0.9499999999999993,-1.1992500000000001
6.304511988087215,4.086906964695991,2.1003701542153306,4.256525347500645,1.5000000000000007,1.5000000000000007,3.00075,3.9000000000000004,3.9000000000000004,2.90075,-0.8999999999999992,3.9000000000000004,0.30074999999999985,-0.8999999999999992,-0.8999999999999992,1.6007500000000001,3.9000000000000004,-0.8999999999999992,-1.1992500000000001
6.255581510049622,4.122591576693449,2.108154767412004,4.245702795757185,1.4500000000000006,1.5000000000000007,3.00075,3.8500000000000005,3.9000000000000004,2.90075,-0.9499999999999993,3.9000000000000004,0.30074999999999985,-0.9499999999999993,-0.8999999999999992,1.6007500000000001,3.8500000000000005,-0.8999999999999992,-1.1992500000000001
6.188980767645184,4.127223256627599,2.1189512326460345,4.113559377942738,1.4000000000000006,1.5000000000000007,3.00075,3.8000000000000007,3.9000000000000004,2.90075,-0.9999999999999993,3.9000000000000004,0.30074999999999985,-0.9999999999999993,-0.8999999999999992,1.6007500000000001,3.8000000000000007,-0.8999999999999992,-1.1992500000000001
6.217718874039804,4.146867927203653,2.1777622890541175,4.1508481761774405,1.3500000000000005,1.5000000000000007,3.00075,3.7500000000000004,3.9000000000000004,2.90075,-1.0499999999999994,3.9000000000000004,0.30074999999999985,-1.0499999999999994,-0.8999999999999992,1.6007500000000001,3.7500000000000004,-0.8999999999999992,-1.1992500000000001
6.241990729074861,4.134675701049231,2.1418190009777875,4.082278786272981,1.3000000000000005,1.5000000000000007,3.00075,3.7,3.9000000000000004,2.90075,-1.0999999999999994,3.9000000000000004,0.30074999999999985,-1.0999999999999994,-0.8999999999999992,1.6007500000000001,3.7,-0.8999999999999992,-1.1992500000000001
6.083186408118878,4.124621027505109,2.1848974242202757,4.03064323805296,1.2500000000000004,1.5000000000000007,3.00075,3.6500000000000004,3.9000000000000004,2.90075,-1.1499999999999995,3.9000000000000004,0.30074999999999985,-1.1499999999999995,-0.8999999999999992,1.6007500000000001,3.6500000000000004,-0.8999999999999992,-1.1992500000000001
6.063535180597571,4.168917626885488,2.2400775441148957,3.9432162285781853,1.2000000000000004,1.5000000000000007,3.00075,3.6000000000000005,3.9000000000000004,2.90075,-1.1999999999999995,3.9000000000000004,0.30074999999999985,-1.1999999999999995,-0.8999999999999992,1.6007500000000001,3.6000000000000005,-0.8999999999999992,-1.1992500000000001
6.164106952832595,4.2228983409598095,2.269452474373707,3.9652303965170392,1.1500000000000004,1.5000000000000007,3.00075,3.5500000000000003,3.9000000000000004,2.90075,-1.2499999999999996,3.9000000000000004,0.30074999999999985,-1.2499999999999996,-0.8999999999999992,1.6007500000000001,3.5500000000000003,-0.8999999999999992,-1.1992500000000001
6.0149101015584545,4.210510300828758,2.2677670198407007,3.91756188222973,1.1000000000000003,1.5000000000000007,3.00075,3.5,3.9000000000000004,2.90075,-1.2999999999999996,3.9000000000000004,0.30074999999999985,-1.2999999999999996,-0.8999999999999992,1.6007500000000001,3.5,-0.8999999999999992,-1.1992500000000001
6.062384482086254,4.217190876488368,2.3196853471433196,3.7707686730803016,1.0500000000000003,1.5000000000000007,3.00075,3.45,3.9000000000000004,2.90075,-1.3499999999999996,3.9000000000000004,0.30074999999999985,-1.3499999999999996,-0.8999999999999992,1.6007500000000001,3.45,-0.8999999999999992,-1.1992500000000001
5.968785911716695,4.160774614738957,2.3481490178184172,3.8253606035624403,1.0000000000000002,1.5000000000000007,3.00075,3.4000000000000004,3.9000000000000004,2.90075,-1.3999999999999997,3.9000000000000004,0.30074999999999985,-1.3999999999999997,-0.8999999999999992,1.6007500000000001,3.4000000000000004,-0.8999999999999992,-1.1992500000000001
5.915513572551878,4.266957810998731,2.363114577220707,3.7751418059587305,0.9500000000000002,1.5000000000000007,3.00075,3.35,3.9000000000000004,2.90075,-1.4499999999999997,3.9000000000000004,0.30074999999999985,-1.4499999999999997,-0.8999999999999992,1.6007500000000001,3.35,-0.8999999999999992,-1.1992500000000001
5.941775276413957,4.276471813010262,2.4005660809892766,3.7271152268667356,0.9000000000000001,1.5000000000000007,3.00075,3.3,3.9000000000000004,2.90075,-1.4999999999999998,3.9000000000000004,0.30074999999999985,-1.4999999999999998,-0.8999999999999992,1.6007500000000001,3.3,-0.8999999999999992,-1.1992500000000001
5.907253197043929,4.228792143377167,2.456482978123106,3.599153710865326,0.8500000000000001,1.5000000000000007,3.00075,3.25,3.9000000000000004,2.90075,-1.5499999999999998,3.9000000000000004,0.30074999999999985,-1.5499999999999998,-0.8999999999999992,1.6007500000000001,3.25,-0.8999999999999992,-1.1992500000000001
5.9239413745250795,4.256694345962411,2.464342661005589,3.5789396501630746,0.8,1.5000000000000007,3.00075,3.2,3.9000000000000004,2.90075,-1.5999999999999999,3.9000000000000004,0.30074999999999985,-1.5999999999999999,-0.8999999999999992,1.6007500000000001,3.2,-0.8999999999999992,-1.1992500000000001
5.925525266671319,4.269362719342955,2.495746954810618,3.5131434837365445,0.75,1.5000000000000007,3.00075,3.15,3.9000000000000004,2.90075,-1.65,3.9000000000000004,0.30074999999999985,-1.65,-0.8999999999999992,1.6007500000000001,3.15,-0.8999999999999992,-1.1992500000000001
5.807283491557728,4.278698576428121,2.544949362355267,3.4924028309762623,0.7,1.5000000000000007,3.00075,3.0999999999999996,3.9000000000000004,2.90075,-1.7,3.9000000000000004,0.30074999999999985,-1.7,-0.8999999999999992,1.6007500000000001,3.0999999999999996,-0.8999999999999992,-1.1992500000000001
5.805612310713055,4.344275060298016,2.5809168007730605,3.4607887867710763,0.6499999999999999,1.5000000000000007,3.00075,3.05,3.9000000000000004,2.90075,-1.75,3.9000000000000004,0.30074999999999985,-1.75,-0.8999999999999992,1.6007500000000001,3.05,-0.8999999999999992,-1.1992500000000001
5.738396387233792,4.3562628063880195,2.598447294104248,3.4539180022861897,0.5999999999999999,1.5000000000000007,3.00075,3.0,3.9000000000000004,2.90075,-1.8,3.9000000000000004,0.30074999999999985,-1.8,-0.8999999999999992,1.6007500000000001,3.0,-0.8999999999999992,-1.1992500000000001
5.787232033805817,4.341215560839603,2.6740514487835028,3.3775260040914357,0.5499999999999998,1.5000000000000007,3.00075,2.9499999999999997,3.9000000000000004,2.90075,-1.85,3.9000000000000004,0.30074999999999985,-1.85,-0.8999999999999992,1.6007500000000001,2.9499999999999997,-0.8999999999999992,-1.1992500000000001
5.769615765256182,4.364039310083415,2.6662247503607954,3.3624675292440243,0.49999999999999983,1.5000000000000007,3.00075,2.9,3.9000000000000004,2.90075,-1.9000000000000001,3.9000000000000004,0.30074999999999985,-1.9000000000000001,-0.8999999999999992,1.6007500000000001,2.9,-0.8999999999999992,-1.1992500000000001
5.670512966583575,4.45006112997968,2.7384488693685465,3.294811745960756,0.44999999999999984,1.5000000000000007,3.00075,2.8499999999999996,3.9000000000000004,2.90075,-1.9500000000000002,3.9000000000000004,0.30074999999999985,-1.9500000000000002,-0.8999999999999992,1.6007500000000001,2.8499999999999996,-0.8999999999999992,-1.1992500000000001
5.674497804262362,4.477292828010555,2.7259110332202,3.2682693861505223,0.39999999999999986,1.5000000000000007,3.00075,2.8,3.9000000000000004,2.90075,-2.0,3.9000000000000004,0.30074999999999985,-2.0,-0.8999999999999992,1.6007500000000001,2.8,-0.8999999999999992,-1.1992500000000001
5.705088840292086,4.53470577058296,2.815885148062617,3.214312503373728,0.34999999999999987,1.5000000000000007,3.00075,2.75,3.9000000000000004,2.90075,-2.05,3.9000000000000004,0.30074999999999985,-2.05,-0.8999999999999992,1.6007500000000001,2.75,-0.8999999999999992,-1.1992500000000001
5.585226684423074,4.566620949829853,2.8588344618160693,3.159926798771247,0.2999999999999999,1.5000000000000007,3.00075,2.6999999999999997,3.9000000000000004,2.90075,-2.1,3.9000000000000004,0.30074999999999985,-2.1,-0.8999999999999992,1.6007500000000001,2.6999999999999997,-0.8999999999999992,-1.1992500000000001
5.6475001226207056,4.466517617805228,2.833372415571493,3.1069268618742774,0.2499999999999999,1.5000000000000007,3.00075,2.65,3.9000000000000004,2.90075,-2.15,3.9000000000000004,0.30074999999999985,-2.15,-0.8999999999999992,1.6007500000000001,2.65,-0.8999999999999992,-1.1992500000000001
5.619130480790502,4.594874436808157,2.8937168857611972,3.07847717793381,0.1999999999999999,1.5000000000000007,3.00075,2.5999999999999996,3.9000000000000004,2.90075,-2.2,3.9000000000000004,0.30074999999999985,-2.2,-0.8999999999999992,1.6007500000000001,2.5999999999999996,-0.8999999999999992,-1.1992500000000001
5.522951435584152,4.613531969931572,2.9201700231063503,2.98665793180208,0.1499999999999999,1.5000000000000007,3.00075,2.55,3.9000000000000004,2.90075,-2.25,3.9000000000000004,0.30074999999999985,-2.25,-0.8999999999999992,1.6007500000000001,2.55,-0.8999999999999992,-1.1992500000000001
5.561490539738297,4.600978409458539,2.948589947081966,2.9819953234320895,0.09999999999999991,1.5000000000000007,3.00075,2.5,3.9000000000000004,2.90075,-2.3,3.9000000000000004,0.30074999999999985,-2.3,-0.8999999999999992,1.6007500000000001,2.5,-0.8999999999999992,-1.1992500000000001
5.543391214164402,4.628894079756468,2.9835590162884187,2.9547538831084834,0.049999999999999906,1.5000000000000007,3.00075,2.4499999999999997,3.9000000000000004,2.90075,-2.35,3.9000000000000004,0.30074999999999985,-2.35,-0.8999999999999992,1.6007500000000001,2.4499999999999997,-0.8999999999999992,-1.1992500000000001
5.57860891854924,4.651661357928394,3.044490421441781,2.909654950786153,-9.71445146547012e-17,1.5000000000000007,3.00075,2.4,3.9000000000000004,2.90075,-2.4,3.9000000000000004,0.30074999999999985,-2.4,-0.8999999999999992,1.6007500000000001,2.4,-0.8999999999999992,-1.1992500000000001
