3.450830835048837,4.362345825198156,3.6495721121021396,5.490774825114523,0.05,0.0,0.0012150000000000002,2.4499999999999997,2.4,-0.09878500000000001,-2.35,2.4,-2.698785,-2.35,-2.4,-1.398785,2.4499999999999997,-2.4,-4.198785
3.546488801562494,4.402666628018423,3.7018918797412645,5.591872611151838,0.1,0.0,0.004860000000000001,2.5,2.4,-0.09514,-2.3,2.4,-2.6951400000000003,-2.3,-2.4,-1.3951399999999998,2.5,-2.4,-4.19514
3.591291141360805,4.292816632813976,3.5714187974250198,5.522374460148139,0.15000000000000002,0.0,0.010935000000000002,2.55,2.4,-0.089065,-2.25,2.4,-2.6890650000000003,-2.25,-2.4,-1.389065,2.55,-2.4,-4.189065
3.582580962515981,4.267030614594263,3.5667275965726053,5.572524852946756,0.2,0.0,0.019440000000000002,2.6,2.4,-0.08056,-2.1999999999999997,2.4,-2.6805600000000003,-2.1999999999999997,-2.4,-1.38056,2.6,-2.4,-4.18056
3.6018097519933634,4.289840230923549,3.579274718218843,5.526295630736351,0.25,0.0,0.030375,2.65,2.4,-0.069625,-2.15,2.4,-2.6696250000000004,-2.15,-2.4,-1.3696249999999999,2.65,-2.4,-4.169625
3.6879696645708795,4.256704324375478,3.474558206805201,5.6145184170935885,0.3,0.0,0.043739999999999994,2.6999999999999997,2.4,-0.05626000000000001,-2.1,2.4,-2.65626,-2.1,-2.4,-1.35626,2.6999999999999997,-2.4,-4.1562600000000005
3.725013246526916,4.227169168448947,3.4956268084583124,5.544664573097173,0.35,0.0,0.05953499999999999,2.75,2.4,-0.040465000000000015,-2.05,2.4,-2.6404650000000003,-2.05,-2.4,-1.340465,2.75,-2.4,-4.140465
3.7429895230988874,4.144369467476554,3.401976118292537,5.55542801439195,0.39999999999999997,0.0,0.07775999999999998,2.8,2.4,-0.022240000000000024,-2.0,2.4,-2.62224,-2.0,-2.4,-1.3222399999999999,2.8,-2.4,-4.122240000000001
3.7541579671785654,4.129350566202885,3.420968043116802,5.649097110275103,0.44999999999999996,0.0,0.09841499999999997,2.8499999999999996,2.4,-0.0015850000000000308,-1.95,2.4,-2.601585,-1.95,-2.4,-1.301585,2.8499999999999996,-2.4,-4.101585
3.8210609542741225,4.065150657320867,3.3617154251536485,5.620116859592061,0.49999999999999994,0.0,0.12149999999999997,2.9,2.4,0.021499999999999964,-1.9,2.4,-2.5785,-1.9,-2.4,-1.2785,2.9,-2.4,-4.0785
3.906656874923257,4.010963793166292,3.3600663055472855,5.6101828302418815,0.5499999999999999,0.0,0.14701499999999995,2.9499999999999997,2.4,0.047014999999999946,-1.85,2.4,-2.552985,-1.85,-2.4,-1.252985,2.9499999999999997,-2.4,-4.0529850000000005
3.8614812161405516,3.9960125927632926,3.2971903197875045,5.624335925307852,0.6,0.0,0.17495999999999998,3.0,2.4,0.07495999999999997,-1.7999999999999998,2.4,-2.52504,-1.7999999999999998,-2.4,-1.22504,3.0,-2.4,-4.025040000000001
3.926588416996478,3.889428600587271,3.2894287288027706,5.655021328575393,0.65,0.0,0.20533500000000002,3.05,2.4,0.10533500000000001,-1.75,2.4,-2.4946650000000004,-1.75,-2.4,-1.1946649999999999,3.05,-2.4,-3.9946650000000004
3.9849979717918695,3.857639148473395,3.221914389070494,5.590670433360199,0.7000000000000001,0.0,0.23814000000000005,3.1,2.4,0.13814000000000004,-1.6999999999999997,2.4,-2.46186,-1.6999999999999997,-2.4,-1.16186,3.1,-2.4,-3.96186
4.071359594772976,3.810231686025109,3.1472419172172788,5.610391335580007,0.7500000000000001,0.0,0.2733750000000001,3.15,2.4,0.17337500000000008,-1.65,2.4,-2.426625,-1.65,-2.4,-1.1266249999999998,3.15,-2.4,-3.926625
4.111109017631202,3.809507213915082,3.0911365459092086,5.64314033922153,0.8000000000000002,0.0,0.3110400000000001,3.2,2.4,0.2110400000000001,-1.5999999999999996,2.4,-2.38896,-1.5999999999999996,-2.4,-1.0889599999999997,3.2,-2.4,-3.88896
4.0810359678010935,3.7970141853195907,3.117376801232485,5.650371704428669,0.8500000000000002,0.0,0.35113500000000014,3.25,2.4,0.2511350000000001,-1.5499999999999998,2.4,-2.348865,-1.5499999999999998,-2.4,-1.0488649999999997,3.25,-2.4,-3.848865
4.165625189182199,3.6878209238890842,3.0603326854276465,5.711186354394364,0.9000000000000002,0.0,0.3936600000000002,3.3000000000000003,2.4,0.29366000000000014,-1.4999999999999996,2.4,-2.30634,-1.4999999999999996,-2.4,-1.0063399999999998,3.3000000000000003,-2.4,-3.80634
4.193556549620584,3.6166558503071564,2.9697645978908405,5.64725735674226,0.9500000000000003,0.0,0.43861500000000025,3.35,2.4,0.3386150000000002,-1.4499999999999997,2.4,-2.2613849999999998,-1.4499999999999997,-2.4,-0.9613849999999997,3.35,-2.4,-3.7613849999999998
4.265634893333703,3.5683292414271723,2.9684187682924716,5.710983416136702,1.0000000000000002,0.0,0.4860000000000002,3.4000000000000004,2.4,0.38600000000000023,-1.3999999999999997,2.4,-2.214,-1.3999999999999997,-2.4,-0.9139999999999997,3.4000000000000004,-2.4,-3.714
4.3332658977294365,3.541658620908166,2.8949733224885126,5.59466091706675,1.0500000000000003,0.0,0.5358150000000003,3.45,2.4,0.4358150000000003,-1.3499999999999996,2.4,-2.164185,-1.3499999999999996,-2.4,-0.8641849999999996,3.45,-2.4,-3.664185
4.305453966381926,3.4702642966456887,2.891583798987256,5.574829082223323,1.1000000000000003,0.0,0.5880600000000002,3.5,2.4,0.48806000000000027,-1.2999999999999996,2.4,-2.1119399999999997,-1.2999999999999996,-2.4,-0.8119399999999997,3.5,-2.4,-3.6119399999999997
4.423270401865636,3.494583779561892,2.842601498877693,5.667003015528373,1.1500000000000004,0.0,0.6427350000000004,3.5500000000000003,2.4,0.5427350000000004,-1.2499999999999996,2.4,-2.0572649999999997,-1.2499999999999996,-2.4,-0.7572649999999995,3.5500000000000003,-2.4,-3.5572649999999997
4.40951318191039,3.3556997167954137,2.796501990888564,5.668806695105594,1.2000000000000004,0.0,0.6998400000000005,3.6000000000000005,2.4,0.5998400000000005,-1.1999999999999995,2.4,-2.0001599999999997,-1.1999999999999995,-2.4,-0.7001599999999994,3.6000000000000005,-2.4,-3.5001599999999997
4.529650824229732,3.634328783459221,2.5388457855129163,5.402862432238598,1.1500000000000004,0.3442382895611686,0.7098400000000005,3.5500000000000003,2.7442382895611686,0.6098400000000005,-1.2499999999999996,2.7442382895611686,-1.9901599999999997,-1.2499999999999996,-2.0557617104388313,-0.6901599999999994,3.5500000000000003,-2.0557617104388313,-3.4901599999999995
4.691812667050198,3.732546034711163,2.472658600777258,5.368613251960623,1.1000000000000003,0.4806245936279158,0.7198400000000005,3.5,2.880624593627916,0.6198400000000005,-1.2999999999999996,2.880624593627916,-1.9801599999999997,-1.2999999999999996,-1.919375406372084,-0.6801599999999994,3.5,-1.919375406372084,-3.4801599999999997
4.679912936088641,3.8805910125323693,2.365870140840869,5.330306063514755,1.0500000000000003,0.5818075283115537,0.7298400000000005,3.45,2.9818075283115535,0.6298400000000005,-1.3499999999999996,2.9818075283115535,-1.9701599999999997,-1.3499999999999996,-1.8181924716884463,-0.6701599999999994,3.45,-1.8181924716884463,-3.47016
4.646836233303863,3.9472296414154946,2.3277934137849714,5.29034592866593,1.0000000000000002,0.6640783086353592,0.7398400000000005,3.4000000000000004,3.0640783086353593,0.6398400000000005,-1.3999999999999997,3.0640783086353593,-1.9601599999999997,-1.3999999999999997,-1.7359216913646407,-0.6601599999999994,3.4000000000000004,-1.7359216913646407,-3.4601599999999997
4.75280970991916,3.997305093991043,2.3611986515288543,5.123551737591402,0.9500000000000002,0.7338255923582929,0.7498400000000005,3.35,3.133825592358293,0.6498400000000005,-1.4499999999999997,3.133825592358293,-1.9501599999999997,-1.4499999999999997,-1.6661744076417069,-0.6501599999999994,3.35,-1.6661744076417069,-3.4501599999999994
4.688507670228891,4.098816955800085,2.3395857762469126,5.07718162836783,0.9000000000000001,0.7943550843294197,0.7598400000000005,3.3,3.1943550843294197,0.6598400000000005,-1.4999999999999998,3.1943550843294197,-1.9401599999999997,-1.4999999999999998,-1.60564491567058,-0.6401599999999994,3.3,-1.60564491567058,-3.4401599999999997
4.67995790029284,4.150603047357997,2.3350991769883893,5.03383793494249,0.8500000000000001,0.8476437931112335,0.7698400000000005,3.25,3.2476437931112336,0.6698400000000005,-1.5499999999999998,3.2476437931112336,-1.9301599999999997,-1.5499999999999998,-1.5523562068887664,-0.6301599999999994,3.25,-1.5523562068887664,-3.43016
4.71040292452392,4.175634683946447,2.3159271513174193,4.9211652636531635,0.8,0.8949860334105777,0.7798400000000005,3.2,3.2949860334105776,0.6798400000000006,-1.5999999999999999,3.2949860334105776,-1.9201599999999996,-1.5999999999999999,-1.5050139665894222,-0.6201599999999994,3.2,-1.5050139665894222,-3.4201599999999996
4.716438717845084,4.292285575665078,2.3552312707862266,5.007542206834868,0.75,0.9372833082905082,0.7898400000000005,3.15,3.337283308290508,0.6898400000000006,-1.65,3.337283308290508,-1.9101599999999996,-1.65,-1.4627166917094918,-0.6101599999999994,3.15,-1.4627166917094918,-3.4101599999999994
4.673905441505822,4.2904916176569134,2.335838836042504,4.830676586274287,0.7,0.9751922887307917,0.7998400000000006,3.0999999999999996,3.3751922887307915,0.6998400000000006,-1.7,3.3751922887307915,-1.9001599999999996,-1.7,-1.4248077112692084,-0.6001599999999994,3.0999999999999996,-1.4248077112692084,-3.4001599999999996
4.6525766334573015,4.328092082262883,2.3387455692790686,4.897999838762322,0.6499999999999999,1.0092076099594176,0.8098400000000006,3.05,3.4092076099594175,0.7098400000000006,-1.75,3.4092076099594175,-1.8901599999999996,-1.75,-1.3907923900405823,-0.5901599999999994,3.05,-1.3907923900405823,-3.39016
4.65321896411556,4.314328314618812,2.3845407745236815,4.759802122968412,0.5999999999999999,1.0397114984456024,0.8198400000000006,3.0,3.439711498445602,0.7198400000000006,-1.8,3.439711498445602,-1.8801599999999996,-1.8,-1.3602885015543975,-0.5801599999999993,3.0,-1.3602885015543975,-3.3801599999999996
4.6518157534506095,4.383921786468889,2.36385316817462,4.801143193488726,0.5499999999999998,1.0670051546267245,0.8298400000000006,2.9499999999999997,3.467005154626724,0.7298400000000006,-1.85,3.467005154626724,-1.8701599999999996,-1.85,-1.3329948453732754,-0.5701599999999993,2.9499999999999997,-1.3329948453732754,-3.3701599999999994
4.634047555749875,4.492418977151527,2.3791760337030183,4.673354639396167,0.49999999999999983,1.0913294644606641,0.8398400000000006,2.9,3.491329464460664,0.7398400000000006,-1.9000000000000001,3.491329464460664,-1.8601599999999996,-1.9000000000000001,-1.3086705355393358,-0.5601599999999993,2.9,-1.3086705355393358,-3.3601599999999996
4.622499233632466,4.447088579388755,2.40697245471917,4.720290040267739,0.44999999999999984,1.1128791488746654,0.8498400000000006,2.8499999999999996,3.5128791488746653,0.7498400000000006,-1.9500000000000002,3.5128791488746653,-1.8501599999999996,-1.9500000000000002,-1.2871208511253345,-0.5501599999999993,2.8499999999999996,-1.2871208511253345,-3.35016
4.615371570766482,4.477134739286262,2.429726773387339,4.617646695974416,0.39999999999999986,1.1318127053536728,0.8598400000000006,2.8,3.5318127053536728,0.7598400000000006,-2.0,3.5318127053536728,-1.8401599999999996,-2.0,-1.268187294646327,-0.5401599999999993,2.8,-1.268187294646327,-3.3401599999999996
4.646747149338059,4.549458333513035,2.4875293853289877,4.525827878533475,0.34999999999999987,1.1482595525402783,0.8698400000000006,2.75,3.5482595525402782,0.7698400000000006,-2.05,3.5482595525402782,-1.8301599999999996,-2.05,-1.2517404474597216,-0.5301599999999993,2.75,-1.2517404474597216,-3.3301599999999993
4.560132825692185,4.571483601521478,2.5184055742300817,4.508393913713412,0.2999999999999999,1.1623252556836232,0.8798400000000006,2.6999999999999997,3.562325255683623,0.7798400000000006,-2.1,3.562325255683623,-1.8201599999999996,-2.1,-1.2376747443163767,-0.5201599999999993,2.6999999999999997,-1.2376747443163767,-3.3201599999999996
4.590020899552462,4.603228734210545,2.554406527849077,4.432583714554307,0.2499999999999999,1.1740953964648697,0.8898400000000006,2.65,3.5740953964648696,0.7898400000000007,-2.15,3.5740953964648696,-1.8101599999999995,-2.15,-1.2259046035351302,-0.5101599999999993,2.65,-1.2259046035351302,-3.3101599999999998
4.5464050644746505,4.584501320815649,2.609480560438812,4.41425364526772,0.1999999999999999,1.183638458314024,0.8998400000000006,2.5999999999999996,3.5836384583140237,0.7998400000000007,-2.2,3.5836384583140237,-1.8001599999999995,-2.2,-1.2163615416859759,-0.5001599999999993,2.5999999999999996,-1.2163615416859759,-3.3001599999999995
4.5566350639979705,4.67931073382608,2.63948873562489,4.39433129887767,0.1499999999999999,1.1910079764636339,0.9098400000000006,2.55,3.591007976463634,0.8098400000000007,-2.25,3.591007976463634,-1.7901599999999995,-2.25,-1.208992023536366,-0.49015999999999926,2.55,-1.208992023536366,-3.2901599999999993
4.473899516298725,4.657200531979593,2.682142977673957,4.354944926797894,0.09999999999999991,1.196244122242613,0.9198400000000007,2.5,3.596244122242613,0.8198400000000007,-2.3,3.596244122242613,-1.7801599999999995,-2.3,-1.203755877757387,-0.48015999999999925,2.5,-1.203755877757387,-3.2801599999999995
4.434516941375751,4.708760924809368,2.695276175836284,4.336770556969221,0.049999999999999906,1.199374837154757,0.9298400000000007,2.4499999999999997,3.599374837154757,0.8298400000000007,-2.35,3.599374837154757,-1.7701599999999995,-2.35,-1.200625162845243,-0.47015999999999925,2.4499999999999997,-1.200625162845243,-3.2701599999999997
4.439168490796023,4.751235198288002,2.7305666261363477,4.290399307684214,-9.71445146547012e-17,1.20041659435381,0.9398400000000007,2.4,3.60041659435381,0.8398400000000007,-2.4,3.60041659435381,-1.7601599999999995,-2.4,-1.1995834056461898,-0.46015999999999924,2.4,-1.1995834056461898,-3.2601599999999995
4.493581984313668,4.71178015173571,2.7713391017365345,4.261607211095697,-0.0500000000000001,1.199374837154757,0.9498400000000007,2.3499999999999996,3.599374837154757,0.8498400000000007,-2.45,3.599374837154757,-1.7501599999999995,-2.45,-1.200625162845243,-0.4501599999999992,2.3499999999999996,-1.200625162845243,-3.2501599999999993
4.361521510714986,4.713681943334532,2.8902862239513705,4.152523683097202,-0.1000000000000001,1.196244122242613,0.9598400000000007,2.3,3.596244122242613,0.8598400000000007,-2.5,3.596244122242613,-1.7401599999999995,-2.5,-1.203755877757387,-0.4401599999999992,2.3,-1.203755877757387,-3.2401599999999995
4.390340227547633,4.775481387754383,2.8882647727072333,4.193016568381205,-0.1500000000000001,1.1910079764636339,0.9698400000000007,2.25,3.591007976463634,0.8698400000000007,-2.55,3.591007976463634,-1.7301599999999995,-2.55,-1.208992023536366,-0.4301599999999992,2.25,-1.208992023536366,-3.2301599999999997
4.380527717236073,4.766275380880033,2.975059910739339,4.10545115415233,-0.20000000000000012,1.183638458314024,0.9798400000000007,2.1999999999999997,3.5836384583140237,0.8798400000000007,-2.6,3.5836384583140237,-1.7201599999999995,-2.6,-1.2163615416859759,-0.4201599999999992,2.1999999999999997,-1.2163615416859759,-3.2201599999999995
4.268350351153721,4.788993566996218,2.988940145873339,4.075529096241135,-0.2500000000000001,1.1740953964648697,0.9898400000000007,2.15,3.5740953964648696,0.8898400000000007,-2.65,3.5740953964648696,-1.7101599999999995,-2.65,-1.2259046035351302,-0.4101599999999992,2.15,-1.2259046035351302,-3.2101599999999992
4.318020227359874,4.833232992647363,3.02985376690372,4.117969661337744,-0.3000000000000001,1.162325255683623,0.9998400000000007,2.0999999999999996,3.562325255683623,0.8998400000000008,-2.7,3.562325255683623,-1.7001599999999994,-2.7,-1.237674744316377,-0.4001599999999992,2.0999999999999996,-1.237674744316377,-3.2001599999999994
4.24924109013158,4.92084198901749,3.0621452708994092,4.038610690020497,-0.3500000000000001,1.1482595525402781,1.0098400000000007,2.05,3.5482595525402782,0.9098400000000008,-2.75,3.5482595525402782,-1.6901599999999994,-2.75,-1.2517404474597218,-0.3901599999999992,2.05,-1.2517404474597218,-3.1901599999999997
4.207498962820493,4.925841740016701,3.162560090327417,4.0439904573049565,-0.4000000000000001,1.1318127053536728,1.0198400000000007,1.9999999999999998,3.5318127053536728,0.9198400000000008,-2.8,3.5318127053536728,-1.6801599999999994,-2.8,-1.268187294646327,-0.38015999999999917,1.9999999999999998,-1.268187294646327,-3.1801599999999994
4.23531382579556,4.962066162336668,3.170017300761275,4.014273943126894,-0.45000000000000007,1.1128791488746654,1.0298400000000008,1.9499999999999997,3.5128791488746653,0.9298400000000008,-2.85,3.5128791488746653,-1.6701599999999994,-2.85,-1.2871208511253345,-0.37015999999999916,1.9499999999999997,-1.2871208511253345,-3.170159999999999
4.18508762359409,4.876660776609884,3.21271985879512,3.971309068411744,-0.5000000000000001,1.0913294644606641,1.0398400000000008,1.9,3.491329464460664,0.9398400000000008,-2.9,3.491329464460664,-1.6601599999999994,-2.9,-1.3086705355393358,-0.36015999999999915,1.9,-1.3086705355393358,-3.1601599999999994
4.093060933302709,4.917666900544998,3.3280503655698475,3.9407979053765145,-0.5500000000000002,1.0670051546267243,1.0498400000000008,1.8499999999999996,3.467005154626724,0.9498400000000008,-2.95,3.467005154626724,-1.6501599999999994,-2.95,-1.3329948453732756,-0.35015999999999914,1.8499999999999996,-1.3329948453732756,-3.1501599999999996
4.070777194533653,4.926148354118018,3.3834712135571543,3.979746763452704,-0.6000000000000002,1.0397114984456022,1.0598400000000008,1.7999999999999998,3.439711498445602,0.9598400000000008,-3.0,3.439711498445602,-1.6401599999999994,-3.0,-1.3602885015543977,-0.34015999999999913,1.7999999999999998,-1.3602885015543977,-3.1401599999999994
4.041777983555361,4.955624689395887,3.439666067736508,3.9088091362012465,-0.6500000000000002,1.0092076099594174,1.0698400000000008,1.7499999999999996,3.4092076099594175,0.9698400000000008,-3.0500000000000003,3.4092076099594175,-1.6301599999999994,-3.0500000000000003,-1.3907923900405825,-0.3301599999999991,1.7499999999999996,-1.3907923900405825,-3.130159999999999
3.9643924847196486,4.951805897888348,3.508921499617741,3.8862973734289046,-0.7000000000000003,0.9751922887307914,1.0798400000000008,1.6999999999999997,3.3751922887307915,0.9798400000000008,-3.1,3.3751922887307915,-1.6201599999999994,-3.1,-1.4248077112692084,-0.3201599999999991,1.6999999999999997,-1.4248077112692084,-3.1201599999999994
3.9091492962844696,4.928772980173688,3.4974686034249207,3.897473907232667,-0.7500000000000003,0.9372833082905079,1.0898400000000008,1.6499999999999995,3.337283308290508,0.9898400000000008,-3.1500000000000004,3.337283308290508,-1.6101599999999994,-3.1500000000000004,-1.462716691709492,-0.3101599999999991,1.6499999999999995,-1.462716691709492,-3.1101599999999996
3.8293927865789197,4.874385178487988,3.6158005266141027,3.838560334113981,-0.8000000000000004,0.8949860334105775,1.0998400000000008,1.5999999999999996,3.294986033410577,0.9998400000000008,-3.2,3.294986033410577,-1.6001599999999994,-3.2,-1.5050139665894224,-0.3001599999999991,1.5999999999999996,-1.5050139665894224,-3.1001599999999994
3.7943038148541923,4.911305303242923,3.720848815168083,3.8663736578767773,-0.8500000000000004,0.8476437931112332,1.1098400000000008,1.5499999999999994,3.247643793111233,1.0098400000000007,-3.2500000000000004,3.247643793111233,-1.5901599999999994,-3.2500000000000004,-1.5523562068887666,-0.2901599999999991,1.5499999999999994,-1.5523562068887666,-3.090159999999999
3.7793406653062736,4.938976626123885,3.7307461072989034,3.7997557320427933,-0.9000000000000005,0.7943550843294194,1.1198400000000008,1.4999999999999996,3.1943550843294193,1.0198400000000007,-3.3000000000000003,3.1943550843294193,-1.5801599999999993,-3.3000000000000003,-1.6056449156705805,-0.2801599999999991,1.4999999999999996,-1.6056449156705805,-3.0801599999999993
3.613624778280508,4.923661343512355,3.8624306541459217,3.8826765828931693,-0.9500000000000005,0.7338255923582925,1.1298400000000008,1.4499999999999993,3.1338255923582925,1.0298400000000008,-3.3500000000000005,3.1338255923582925,-1.5701599999999993,-3.3500000000000005,-1.6661744076417073,-0.27015999999999907,1.4499999999999993,-1.6661744076417073,-3.0701599999999996
3.5459176956431593,4.855828925964764,3.8834699169564746,3.8808364013458245,-1.0000000000000004,0.6640783086353589,1.1398400000000009,1.3999999999999995,3.064078308635359,1.0398400000000008,-3.4000000000000004,3.064078308635359,-1.5601599999999993,-3.4000000000000004,-1.735921691364641,-0.26015999999999906,1.3999999999999995,-1.735921691364641,-3.0601599999999993
3.517326290212637,4.9236618737006115,3.969848961207462,3.819116222983013,-1.0500000000000005,0.5818075283115534,1.1498400000000009,1.3499999999999994,2.9818075283115535,1.0498400000000008,-3.45,2.9818075283115535,-1.5501599999999993,-3.45,-1.8181924716884466,-0.25015999999999905,1.3499999999999994,-1.8181924716884466,-3.050159999999999
3.376874337048963,4.851011332963053,4.031664782985258,3.933104248115529,-1.1000000000000005,0.4806245936279153,1.1598400000000009,1.2999999999999994,2.8806245936279153,1.0598400000000008,-3.5000000000000004,2.8806245936279153,-1.5401599999999993,-3.5000000000000004,-1.9193754063720845,-0.24015999999999904,1.2999999999999994,-1.9193754063720845,-3.0401599999999993
3.2905245984488394,4.847971886021086,4.159230843383953,3.889446717522878,-1.1500000000000006,0.3442382895611679,1.1698400000000009,1.2499999999999993,2.7442382895611677,1.0698400000000008,-3.5500000000000007,2.7442382895611677,-1.5301599999999993,-3.5500000000000007,-2.055761710438832,-0.23015999999999903,1.2499999999999993,-2.055761710438832,-3.0301599999999995
2.924532209070191,4.6992631484179785,4.424388474060443,4.0280316689598,-1.2000000000000006,0.031622776601657465,1.1798400000000009,1.1999999999999993,2.4316227766016576,1.0798400000000008,-3.6000000000000005,2.4316227766016576,-1.5201599999999993,-3.6000000000000005,-2.3683772233983422,-0.22015999999999902,1.1999999999999993,-2.3683772233983422,-3.0201599999999993
2.6548425640402016,4.4985217727794184,4.557262759140699,4.291586772836655,-1.1500000000000006,-0.3442382895611679,1.189840000000001,1.2499999999999993,2.055761710438832,1.0898400000000008,-3.5500000000000007,2.055761710438832,-1.5101599999999993,-3.5500000000000007,-2.7442382895611677,-0.21015999999999901,1.2499999999999993,-2.7442382895611677,-3.010159999999999
2.605862476710831,4.298113862248748,4.573208890955093,4.35777580451807,-1.1000000000000005,-0.4806245936279153,1.199840000000001,1.2999999999999994,1.9193754063720845,1.0998400000000008,-3.5000000000000004,1.9193754063720845,-1.5001599999999993,-3.5000000000000004,-2.8806245936279153,-0.200159999999999,1.2999999999999994,-2.8806245936279153,-3.0001599999999993
2.591611151606022,4.221542257892601,4.694261575639863,4.441341050136961,-1.0500000000000005,-0.5818075283115534,1.209840000000001,1.3499999999999994,1.8181924716884466,1.1098400000000008,-3.45,1.8181924716884466,-1.4901599999999993,-3.45,-2.9818075283115535,-0.190159999999999,1.3499999999999994,-2.9818075283115535,-2.9901599999999995
2.528682166872657,4.192609904233451,4.6761111817357826,4.514058518155699,-1.0000000000000004,-0.6640783086353589,1.219840000000001,1.3999999999999995,1.735921691364641,1.1198400000000008,-3.4000000000000004,1.735921691364641,-1.4801599999999993,-3.4000000000000004,-3.064078308635359,-0.180159999999999,1.3999999999999995,-3.064078308635359,-2.9801599999999993
2.5012222104535744,4.138981381270315,4.593937666216907,4.610588893604803,-0.9500000000000004,-0.7338255923582927,1.229840000000001,1.4499999999999995,1.6661744076417073,1.1298400000000008,-3.3500000000000005,1.6661744076417073,-1.4701599999999992,-3.3500000000000005,-3.1338255923582925,-0.17015999999999898,1.4499999999999995,-3.1338255923582925,-2.970159999999999
2.48394818546542,4.013649218932687,4.689815431162086,4.723588337601612,-0.9000000000000004,-0.7943550843294196,1.239840000000001,1.4999999999999996,1.6056449156705803,1.1398400000000009,-3.3000000000000003,1.6056449156705803,-1.4601599999999992,-3.3000000000000003,-3.1943550843294197,-0.16015999999999897,1.4999999999999996,-3.1943550843294197,-2.9601599999999992
2.516495711732573,3.996011334885587,4.6231453368018425,4.777633676016745,-0.8500000000000003,-0.8476437931112334,1.249840000000001,1.5499999999999996,1.5523562068887666,1.1498400000000009,-3.25,1.5523562068887666,-1.4501599999999992,-3.25,-3.247643793111233,-0.15015999999999896,1.5499999999999996,-3.247643793111233,-2.9501599999999994
2.549651722956133,3.8407858284117733,4.631126784397603,4.7360917465069825,-0.8000000000000003,-0.8949860334105775,1.259840000000001,1.5999999999999996,1.5050139665894224,1.1598400000000009,-3.2,1.5050139665894224,-1.4401599999999992,-3.2,-3.294986033410577,-0.14015999999999895,1.5999999999999996,-3.294986033410577,-2.940159999999999
2.4974142845544387,3.797649914263129,4.725067019961612,4.743382478207297,-0.7500000000000002,-0.937283308290508,1.269840000000001,1.6499999999999997,1.4627166917094918,1.1698400000000009,-3.1500000000000004,1.4627166917094918,-1.4301599999999992,-3.1500000000000004,-3.337283308290508,-0.13015999999999894,1.6499999999999997,-3.337283308290508,-2.930159999999999
2.5401759311562646,3.7641294689875604,4.656986891506857,4.827386843679934,-0.7000000000000002,-0.9751922887307916,1.279840000000001,1.6999999999999997,1.4248077112692084,1.1798400000000009,-3.1,1.4248077112692084,-1.4201599999999992,-3.1,-3.3751922887307915,-0.12015999999999893,1.6999999999999997,-3.3751922887307915,-2.920159999999999
2.5503199285708233,3.6671287167504114,4.587067256447637,4.844943837499057,-0.6500000000000001,-1.0092076099594174,1.289840000000001,1.7499999999999998,1.3907923900405825,1.189840000000001,-3.05,1.3907923900405825,-1.4101599999999992,-3.05,-3.4092076099594175,-0.11015999999999893,1.7499999999999998,-3.4092076099594175,-2.9101599999999994
2.5863181369841217,3.6338085065220755,4.588110640015001,4.8933617244568,-0.6000000000000001,-1.0397114984456024,1.299840000000001,1.7999999999999998,1.3602885015543975,1.199840000000001,-3.0,1.3602885015543975,-1.4001599999999992,-3.0,-3.439711498445602,-0.10015999999999892,1.7999999999999998,-3.439711498445602,-2.900159999999999
2.631798913200895,3.569273507033373,4.637653588350791,4.910783261874611,-0.55,-1.0670051546267243,1.309840000000001,1.8499999999999999,1.3329948453732756,1.209840000000001,-2.95,1.3329948453732756,-1.3901599999999992,-2.95,-3.467005154626724,-0.09015999999999891,1.8499999999999999,-3.467005154626724,-2.890159999999999
2.62469909804091,3.498876990858365,4.5920374254376215,5.040027767449697,-0.5,-1.0913294644606641,1.319840000000001,1.9,1.3086705355393358,1.219840000000001,-2.9,1.3086705355393358,-1.3801599999999992,-2.9,-3.491329464460664,-0.0801599999999989,1.9,-3.491329464460664,-2.880159999999999
2.6995128180722476,3.4152572760780546,4.5888881054522175,4.941412529131924,-0.45,-1.1128791488746654,1.329840000000001,1.95,1.2871208511253345,1.229840000000001,-2.85,1.2871208511253345,-1.3701599999999992,-2.85,-3.5128791488746653,-0.07015999999999889,1.95,-3.5128791488746653,-2.8701599999999994
2.696396015446814,3.4455318967721236,4.5176457499930684,5.017182078930115,-0.4,-1.1318127053536728,1.339840000000001,2.0,1.268187294646327,1.239840000000001,-2.8,1.268187294646327,-1.3601599999999991,-2.8,-3.5318127053536728,-0.06015999999999888,2.0,-3.5318127053536728,-2.860159999999999
2.73245507232155,3.3386344690218164,4.617774980780271,5.115318922105145,-0.35000000000000003,-1.1482595525402781,1.349840000000001,2.05,1.2517404474597218,1.249840000000001,-2.75,1.2517404474597218,-1.3501599999999991,-2.75,-3.5482595525402782,-0.05015999999999887,2.05,-3.5482595525402782,-2.850159999999999
2.8035112024867987,3.2676503086017847,4.503297274372212,5.02403694107076,-0.30000000000000004,-1.162325255683623,1.359840000000001,2.0999999999999996,1.237674744316377,1.259840000000001,-2.7,1.237674744316377,-1.3401599999999991,-2.7,-3.562325255683623,-0.04015999999999886,2.0999999999999996,-3.562325255683623,-2.840159999999999
2.826203491835159,3.2733388115117545,4.555451230597797,5.054135658396344,-0.25000000000000006,-1.1740953964648697,1.369840000000001,2.15,1.2259046035351302,1.269840000000001,-2.65,1.2259046035351302,-1.3301599999999991,-2.65,-3.5740953964648696,-0.030159999999998854,2.15,-3.5740953964648696,-2.8301599999999993
2.847841875587822,3.2133086889542404,4.4705689133093,5.151619559115572,-0.20000000000000007,-1.183638458314024,1.379840000000001,2.1999999999999997,1.2163615416859759,1.279840000000001,-2.6,1.2163615416859759,-1.3201599999999991,-2.6,-3.5836384583140237,-0.020159999999998846,2.1999999999999997,-3.5836384583140237,-2.820159999999999
2.9449019591343566,3.128943859326239,4.434245318312562,5.22951905485652,-0.15000000000000008,-1.1910079764636339,1.389840000000001,2.25,1.208992023536366,1.289840000000001,-2.55,1.208992023536366,-1.310159999999999,-2.55,-3.591007976463634,-0.010159999999998837,2.25,-3.591007976463634,-2.810159999999999
2.9331759774458788,3.0959264360622285,4.406694853706762,5.208510250741836,-0.10000000000000007,-1.196244122242613,1.399840000000001,2.3,1.203755877757387,1.299840000000001,-2.5,1.203755877757387,-1.300159999999999,-2.5,-3.596244122242613,-0.00015999999999882775,2.3,-3.596244122242613,-2.800159999999999
3.027743387010516,3.0405581937186854,4.378678809507045,5.2081115834773835,-0.05000000000000007,-1.199374837154757,1.409840000000001,2.3499999999999996,1.200625162845243,1.309840000000001,-2.45,1.200625162845243,-1.290159999999999,-2.45,-3.599374837154757,0.009840000000001181,2.3499999999999996,-3.599374837154757,-2.7901599999999993
3.019783757676141,3.014628601496943,4.452165634042166,5.267741481883333,-6.938893903907228e-17,-1.20041659435381,1.419840000000001,2.4,1.1995834056461898,1.319840000000001,-2.4,1.1995834056461898,-1.280159999999999,-2.4,-3.60041659435381,0.01984000000000119,2.4,-3.60041659435381,-2.780159999999999
3.0811105329702997,2.9994913777768164,4.420164240608892,5.247866224649141,0.04999999999999993,-1.199374837154757,1.429840000000001,2.4499999999999997,1.200625162845243,1.329840000000001,-2.35,1.200625162845243,-1.270159999999999,-2.35,-3.599374837154757,0.0298400000000012,2.4499999999999997,-3.599374837154757,-2.770159999999999
3.1165704413609707,2.916808235804511,4.365828423439544,5.185451334347776,0.09999999999999994,-1.196244122242613,1.4398400000000011,2.5,1.203755877757387,1.339840000000001,-2.3,1.203755877757387,-1.260159999999999,-2.3,-3.596244122242613,0.03984000000000121,2.5,-3.596244122242613,-2.760159999999999
3.191496208690486,2.870371109883092,4.26173086318645,5.288001560549502,0.14999999999999994,-1.1910079764636339,1.4498400000000011,2.55,1.208992023536366,1.349840000000001,-2.25,1.208992023536366,-1.250159999999999,-2.25,-3.591007976463634,0.04984000000000122,2.55,-3.591007976463634,-2.7501599999999993
3.236684308706579,2.880012391514568,4.301291503747165,5.268244951526605,0.19999999999999996,-1.183638458314024,1.4598400000000011,2.5999999999999996,1.2163615416859759,1.359840000000001,-2.2,1.2163615416859759,-1.240159999999999,-2.2,-3.5836384583140237,0.059840000000001226,2.5999999999999996,-3.5836384583140237,-2.740159999999999
3.277004602064239,2.800730371687058,4.202631329829427,5.323410130104169,0.24999999999999994,-1.1740953964648697,1.4698400000000011,2.65,1.2259046035351302,1.369840000000001,-2.15,1.2259046035351302,-1.230159999999999,-2.15,-3.5740953964648696,0.06984000000000123,2.65,-3.5740953964648696,-2.730159999999999
3.353044854409804,2.794398556724131,4.1432653686513525,5.3659973816126145,0.29999999999999993,-1.1623252556836232,1.4798400000000012,2.6999999999999997,1.2376747443163767,1.379840000000001,-2.1,1.2376747443163767,-1.220159999999999,-2.1,-3.562325255683623,0.07984000000000124,2.6999999999999997,-3.562325255683623,-2.720159999999999
3.408086418409501,2.6913068595474754,4.17209585681017,5.255970033514562,0.3499999999999999,-1.1482595525402781,1.4898400000000012,2.75,1.2517404474597218,1.389840000000001,-2.05,1.2517404474597218,-1.210159999999999,-2.05,-3.5482595525402782,0.08984000000000125,2.75,-3.5482595525402782,-2.7101599999999992
3.4639236051429307,2.712349225510941,4.079568911992984,5.298884676006959,0.3999999999999999,-1.1318127053536728,1.4998400000000012,2.8,1.268187294646327,1.399840000000001,-2.0,1.268187294646327,-1.200159999999999,-2.0,-3.5318127053536728,0.09984000000000126,2.8,-3.5318127053536728,-2.700159999999999
3.513815866751526,2.682540288142886,4.092318825487916,5.410917963897891,0.4499999999999999,-1.1128791488746654,1.5098400000000012,2.8499999999999996,1.2871208511253345,1.409840000000001,-1.95,1.2871208511253345,-1.190159999999999,-1.95,-3.5128791488746653,0.10984000000000127,2.8499999999999996,-3.5128791488746653,-2.6901599999999988
3.5608493963526446,2.5927634161041175,4.054205121980418,5.342132637535317,0.4999999999999999,-1.0913294644606641,1.5198400000000012,2.9,1.3086705355393358,1.419840000000001,-1.9,1.3086705355393358,-1.180159999999999,-1.9,-3.491329464460664,0.11984000000000128,2.9,-3.491329464460664,-2.680159999999999
3.6132782142351596,2.6195338182110306,4.032855314029854,5.286335773618974,0.5499999999999999,-1.0670051546267243,1.5298400000000012,2.9499999999999997,1.3329948453732756,1.429840000000001,-1.85,1.3329948453732756,-1.170159999999999,-1.85,-3.467005154626724,0.1298400000000013,2.9499999999999997,-3.467005154626724,-2.670159999999999
3.5965145766819853,2.5561080689114646,3.9858680366291956,5.412677320124262,0.6,-1.0397114984456024,1.5398400000000012,3.0,1.3602885015543975,1.4398400000000011,-1.7999999999999998,1.3602885015543975,-1.160159999999999,-1.7999999999999998,-3.439711498445602,0.1398400000000013,3.0,-3.439711498445602,-2.660159999999999
3.7345841372731337,2.5796581397673624,3.9290774702793296,5.311274353109877,0.65,-1.0092076099594174,1.5498400000000012,3.05,1.3907923900405825,1.4498400000000011,-1.75,1.3907923900405825,-1.150159999999999,-1.75,-3.4092076099594175,0.1498400000000013,3.05,-3.4092076099594175,-2.6501599999999987
3.81674334138595,2.494813179279447,3.7937791742362386,5.389853226234014,0.7000000000000001,-0.9751922887307917,1.5598400000000012,3.1,1.4248077112692084,1.4598400000000011,-1.6999999999999997,1.4248077112692084,-1.140159999999999,-1.6999999999999997,-3.3751922887307915,0.15984000000000131,3.1,-3.3751922887307915,-2.640159999999999
3.797316935075219,2.548998621479819,3.790052219078766,5.4108993738832,0.7500000000000001,-0.9372833082905081,1.5698400000000012,3.15,1.4627166917094918,1.4698400000000011,-1.65,1.4627166917094918,-1.130159999999999,-1.65,-3.337283308290508,0.16984000000000132,3.15,-3.337283308290508,-2.630159999999999
3.9322958947754483,2.51030924869344,3.7628954902698517,5.422493917557906,0.8000000000000002,-0.8949860334105777,1.5798400000000012,3.2,1.5050139665894222,1.4798400000000012,-1.5999999999999996,1.5050139665894222,-1.120159999999999,-1.5999999999999996,-3.2949860334105776,0.17984000000000133,3.2,-3.2949860334105776,-2.620159999999999
3.9498798787790275,2.4991718225948256,3.664980328152165,5.331611864364857,0.8500000000000002,-0.8476437931112334,1.5898400000000013,3.25,1.5523562068887666,1.4898400000000012,-1.5499999999999998,1.5523562068887666,-1.110159999999999,-1.5499999999999998,-3.247643793111233,0.18984000000000134,3.25,-3.247643793111233,-2.6101599999999987
4.03330941552177,2.4865741136289423,3.638005757619944,5.432199741039856,0.9000000000000002,-0.7943550843294197,1.5998400000000013,3.3000000000000003,1.60564491567058,1.4998400000000012,-1.4999999999999996,1.60564491567058,-1.100159999999999,-1.4999999999999996,-3.1943550843294197,0.19984000000000135,3.3000000000000003,-3.1943550843294197,-2.600159999999999
4.143171009491842,2.5116109004826983,3.5585533763380934,5.303967478416935,0.9500000000000003,-0.7338255923582928,1.6098400000000013,3.35,1.666174407641707,1.5098400000000012,-1.4499999999999997,1.666174407641707,-1.090159999999999,-1.4499999999999997,-3.133825592358293,0.20984000000000136,3.35,-3.133825592358293,-2.590159999999999
4.161507696810022,2.525427737513035,3.472230885768323,5.30220252276739,1.0000000000000002,-0.6640783086353592,1.6198400000000013,3.4000000000000004,1.7359216913646407,1.5198400000000012,-1.3999999999999997,1.7359216913646407,-1.080159999999999,-1.3999999999999997,-3.0640783086353593,0.21984000000000137,3.4000000000000004,-3.0640783086353593,-2.580159999999999
4.236895857885589,2.555228557510128,3.3191924904431693,5.234892096531465,1.0500000000000003,-0.5818075283115537,1.6298400000000013,3.45,1.8181924716884463,1.5298400000000012,-1.3499999999999996,1.8181924716884463,-1.070159999999999,-1.3499999999999996,-2.9818075283115535,0.22984000000000138,3.45,-2.9818075283115535,-2.5701599999999987
4.384673073388178,2.602887800483848,3.2263611172809363,5.342135803790815,1.1000000000000003,-0.4806245936279158,1.6398400000000013,3.5,1.919375406372084,1.5398400000000012,-1.2999999999999996,1.919375406372084,-1.0601599999999989,-1.2999999999999996,-2.880624593627916,0.23984000000000139,3.5,-2.880624593627916,-2.560159999999999
4.4752201021332585,2.6463167453842478,3.087044414251783,5.182697378513194,1.1500000000000004,-0.3442382895611686,1.6498400000000013,3.5500000000000003,2.0557617104388313,1.5498400000000012,-1.2499999999999996,2.0557617104388313,-1.0501599999999989,-1.2499999999999996,-2.7442382895611686,0.2498400000000014,3.5500000000000003,-2.7442382895611686,-2.550159999999999
4.621538586687524,2.8892808040648332,2.7724765635840116,5.071936134408593,1.2000000000000004,-0.031622776601664515,1.6598400000000013,3.6000000000000005,2.3683772233983356,1.5598400000000012,-1.1999999999999995,2.3683772233983356,-1.0401599999999989,-1.1999999999999995,-2.4316227766016643,0.2598400000000014,3.6000000000000005,-2.4316227766016643,-2.540159999999999
4.802438710901552,3.270887540799023,2.480460597233135,4.9567208652798564,1.1500000000000004,0.3442382895611686,1.6698400000000013,3.5500000000000003,2.7442382895611686,1.5698400000000012,-1.2499999999999996,2.7442382895611686,-1.0301599999999989,-1.2499999999999996,-2.0557617104388313,0.2698400000000014,3.5500000000000003,-2.0557617104388313,-2.5301599999999986
4.8705403000478285,3.399899972233463,2.3452114099629298,4.820192536095194,1.1000000000000003,0.4806245936279158,1.6798400000000013,3.5,2.880624593627916,1.5798400000000012,-1.2999999999999996,2.880624593627916,-1.0201599999999988,-1.2999999999999996,-1.919375406372084,0.2798400000000014,3.5,-1.919375406372084,-2.520159999999999
4.963734966204729,3.516924757020785,2.30099986226623,4.718101867167845,1.0500000000000003,0.5818075283115537,1.6898400000000013,3.45,2.9818075283115535,1.5898400000000013,-1.3499999999999996,2.9818075283115535,-1.0101599999999988,-1.3499999999999996,-1.8181924716884463,0.28984000000000143,3.45,-1.8181924716884463,-2.510159999999999
4.928377679812687,3.6184556314815017,2.2909778968314187,4.626508451751062,1.0000000000000002,0.6640783086353592,1.6998400000000013,3.4000000000000004,3.0640783086353593,1.5998400000000013,-1.3999999999999997,3.0640783086353593,-1.0001599999999988,-1.3999999999999997,-1.7359216913646407,0.29984000000000144,3.4000000000000004,-1.7359216913646407,-2.500159999999999
4.934781580450212,3.677081997619121,2.263221456999086,4.615172388266771,0.9500000000000002,0.7338255923582929,1.7098400000000014,3.35,3.133825592358293,1.6098400000000013,-1.4499999999999997,3.133825592358293,-0.9901599999999988,-1.4499999999999997,-1.6661744076417069,0.30984000000000145,3.35,-1.6661744076417069,-2.4901599999999986
5.005652165517549,3.721076019264135,2.2698555177144355,4.518410614756298,0.9000000000000001,0.7943550843294197,1.7198400000000014,3.3,3.1943550843294197,1.6198400000000013,-1.4999999999999998,3.1943550843294197,-0.9801599999999988,-1.4999999999999998,-1.60564491567058,0.31984000000000146,3.3,-1.60564491567058,-2.480159999999999
5.002120997988372,3.787184299500805,2.2390278795309,4.4156093259933495,0.8500000000000001,0.8476437931112335,1.7298400000000014,3.25,3.2476437931112336,1.6298400000000013,-1.5499999999999998,3.2476437931112336,-0.9701599999999988,-1.5499999999999998,-1.5523562068887664,0.32984000000000147,3.25,-1.5523562068887664,-2.470159999999999
4.942784148338764,3.857850160425692,2.285377571225089,4.317349009779448,0.8,0.8949860334105777,1.7398400000000014,3.2,3.2949860334105776,1.6398400000000013,-1.5999999999999999,3.2949860334105776,-0.9601599999999988,-1.5999999999999999,-1.5050139665894222,0.3398400000000015,3.2,-1.5050139665894222,-2.460159999999999
4.897879237571936,3.877039737903983,2.2430184688724055,4.342260006195126,0.75,0.9372833082905082,1.7498400000000014,3.15,3.337283308290508,1.6498400000000013,-1.65,3.337283308290508,-0.9501599999999988,-1.65,-1.4627166917094918,0.3498400000000015,3.15,-1.4627166917094918,-2.4501599999999986
4.982530727550438,3.9857858418937075,2.2857379443753443,4.232420078652993,0.7,0.9751922887307917,1.7598400000000014,3.0999999999999996,3.3751922887307915,1.6598400000000013,-1.7,3.3751922887307915,-0.9401599999999988,-1.7,-1.4248077112692084,0.3598400000000015,3.0999999999999996,-1.4248077112692084,-2.4401599999999988
4.969148374018306,4.002139825887342,2.2966933515936696,4.262496394180014,0.6499999999999999,1.0092076099594176,1.7698400000000014,3.05,3.4092076099594175,1.6698400000000013,-1.75,3.4092076099594175,-0.9301599999999988,-1.75,-1.3907923900405823,0.3698400000000015,3.05,-1.3907923900405823,-2.430159999999999
5.007478536688149,4.060790920823078,2.302329003820056,4.139905724328446,0.5999999999999999,1.0397114984456024,1.7798400000000014,3.0,3.439711498445602,1.6798400000000013,-1.8,3.439711498445602,-0.9201599999999988,-1.8,-1.3602885015543975,0.3798400000000015,3.0,-1.3602885015543975,-2.4201599999999988
4.861327810576685,4.090240232078572,2.3655916804101156,4.156340079101265,0.5499999999999998,1.0670051546267245,1.7898400000000014,2.9499999999999997,3.467005154626724,1.6898400000000013,-1.85,3.467005154626724,-0.9101599999999987,-1.85,-1.3329948453732754,0.3898400000000015,2.9499999999999997,-1.3329948453732754,-2.4101599999999985
4.862784263746391,4.139200313389806,2.398622202552715,4.0071482540618435,0.49999999999999983,1.0913294644606641,1.7998400000000014,2.9,3.491329464460664,1.6998400000000013,-1.9000000000000001,3.491329464460664,-0.9001599999999987,-1.9000000000000001,-1.3086705355393358,0.3998400000000015,2.9,-1.3086705355393358,-2.4001599999999987
4.912084472270482,4.173922047256091,2.405100701774367,4.015688600906441,0.44999999999999984,1.1128791488746654,1.8098400000000014,2.8499999999999996,3.5128791488746653,1.7098400000000014,-1.9500000000000002,3.5128791488746653,-0.8901599999999987,-1.9500000000000002,-1.2871208511253345,0.40984000000000154,2.8499999999999996,-1.2871208511253345,-2.390159999999999
4.948405593410284,4.227537100636446,2.4229394110107205,3.9819585106316184,0.39999999999999986,1.1318127053536728,1.8198400000000015,2.8,3.5318127053536728,1.7198400000000014,-2.0,3.5318127053536728,-0.8801599999999987,-2.0,-1.268187294646327,0.41984000000000155,2.8,-1.268187294646327,-2.3801599999999987
4.81827159365161,4.215124282478774,2.5006399290953993,3.9317822771908073,0.34999999999999987,1.1482595525402783,1.8298400000000015,2.75,3.5482595525402782,1.7298400000000014,-2.05,3.5482595525402782,-0.8701599999999987,-2.05,-1.2517404474597216,0.42984000000000155,2.75,-1.2517404474597216,-2.3701599999999985
4.8914780459029314,4.3218309247850915,2.527826277727105,3.821450694643782,0.2999999999999999,1.1623252556836232,1.8398400000000015,2.6999999999999997,3.562325255683623,1.7398400000000014,-2.1,3.562325255683623,-0.8601599999999987,-2.1,-1.2376747443163767,0.43984000000000156,2.6999999999999997,-1.2376747443163767,-2.3601599999999987
4.793665379434757,4.261321042046638,2.5393282699165822,3.7503249743459826,0.2499999999999999,1.1740953964648697,1.8498400000000015,2.65,3.5740953964648696,1.7498400000000014,-2.15,3.5740953964648696,-0.8501599999999987,-2.15,-1.2259046035351302,0.44984000000000157,2.65,-1.2259046035351302,-2.350159999999999
4.8083235834181774,4.367616397466529,2.573118925593763,3.7957928584899507,0.1999999999999999,1.183638458314024,1.8598400000000015,2.5999999999999996,3.5836384583140237,1.7598400000000014,-2.2,3.5836384583140237,-0.8401599999999987,-2.2,-1.2163615416859759,0.4598400000000016,2.5999999999999996,-1.2163615416859759,-2.3401599999999987
4.8116649599875965,4.4460204969412045,2.6643536666102148,3.6913055015499316,0.1499999999999999,1.1910079764636339,1.8698400000000015,2.55,3.591007976463634,1.7698400000000014,-2.25,3.591007976463634,-0.8301599999999987,-2.25,-1.208992023536366,0.4698400000000016,2.55,-1.208992023536366,-2.3301599999999985
4.774466079601373,4.456221227326241,2.668929870349045,3.678166802038972,0.09999999999999991,1.196244122242613,1.8798400000000015,2.5,3.596244122242613,1.7798400000000014,-2.3,3.596244122242613,-0.8201599999999987,-2.3,-1.203755877757387,0.4798400000000016,2.5,-1.203755877757387,-2.3201599999999987
4.772550215665836,4.5024677246068885,2.68848952450364,3.637342880041058,0.049999999999999906,1.199374837154757,1.8898400000000015,2.4499999999999997,3.599374837154757,1.7898400000000014,-2.35,3.599374837154757,-0.8101599999999987,-2.35,-1.200625162845243,0.4898400000000016,2.4499999999999997,-1.200625162845243,-2.310159999999999
4.692627004386859,4.479307049677039,2.788681959768204,3.5709312571212144,-9.71445146547012e-17,1.20041659435381,1.8998400000000015,2.4,3.60041659435381,1.7998400000000014,-2.4,3.60041659435381,-0.8001599999999987,-2.4,-1.1995834056461898,0.4998400000000016,2.4,-1.1995834056461898,-2.3001599999999987
4.72474914267788,4.530558295235376,2.8312258268820365,3.552869349337871,-0.0500000000000001,1.199374837154757,1.9098400000000015,2.3499999999999996,3.599374837154757,1.8098400000000014,-2.45,3.599374837154757,-0.7901599999999986,-2.45,-1.200625162845243,0.5098400000000016,2.3499999999999996,-1.200625162845243,-2.2901599999999984
4.67957768849876,4.471594061543606,2.8338997172973324,3.482836115942679,-0.1000000000000001,1.196244122242613,1.9198400000000015,2.3,3.596244122242613,1.8198400000000015,-2.5,3.596244122242613,-0.7801599999999986,-2.5,-1.203755877757387,0.5198400000000016,2.3,-1.203755877757387,-2.2801599999999986
4.723674083603655,4.513616601547546,2.9041548962662374,3.4407542635447297,-0.1500000000000001,1.1910079764636339,1.9298400000000016,2.25,3.591007976463634,1.8298400000000015,-2.55,3.591007976463634,-0.7701599999999986,-2.55,-1.208992023536366,0.5298400000000016,2.25,-1.208992023536366,-2.270159999999999
4.5982720597780515,4.511487355351337,2.9609901470532596,3.428859714719962,-0.20000000000000012,1.183638458314024,1.9398400000000016,2.1999999999999997,3.5836384583140237,1.8398400000000015,-2.6,3.5836384583140237,-0.7601599999999986,-2.6,-1.2163615416859759,0.5398400000000017,2.1999999999999997,-1.2163615416859759,-2.2601599999999986
4.648938359852148,4.577243502821324,3.050971420459915,3.4261803891496196,-0.2500000000000001,1.1740953964648697,1.9498400000000016,2.15,3.5740953964648696,1.8498400000000015,-2.65,3.5740953964648696,-0.7501599999999986,-2.65,-1.2259046035351302,0.5498400000000017,2.15,-1.2259046035351302,-2.2501599999999984
4.643044894248205,4.6499608075235015,3.0437517775535556,3.3285462499900715,-0.3000000000000001,1.162325255683623,1.9598400000000016,2.0999999999999996,3.562325255683623,1.8598400000000015,-2.7,3.562325255683623,-0.7401599999999986,-2.7,-1.237674744316377,0.5598400000000017,2.0999999999999996,-1.237674744316377,-2.2401599999999986
4.56099444425577,4.6674214023698815,3.0813423053852107,3.35344074991387,-0.3500000000000001,1.1482595525402781,1.9698400000000016,2.05,3.5482595525402782,1.8698400000000015,-2.75,3.5482595525402782,-0.7301599999999986,-2.75,-1.2517404474597218,0.5698400000000017,2.05,-1.2517404474597218,-2.230159999999999
4.569994380800676,4.6801731215808715,3.1626683958363873,3.2926427242713983,-0.4000000000000001,1.1318127053536728,1.9798400000000016,1.9999999999999998,3.5318127053536728,1.8798400000000015,-2.8,3.5318127053536728,-0.7201599999999986,-2.8,-1.268187294646327,0.5798400000000017,1.9999999999999998,-1.268187294646327,-2.2201599999999986
4.496732966358536,4.697470805480609,3.213370418826832,3.2230808751993054,-0.45000000000000007,1.1128791488746654,1.9898400000000016,1.9499999999999997,3.5128791488746653,1.8898400000000015,-2.85,3.5128791488746653,-0.7101599999999986,-2.85,-1.2871208511253345,0.5898400000000017,1.9499999999999997,-1.2871208511253345,-2.2101599999999983
4.408305713321241,4.619309816005056,3.3004834614593945,3.276609789708738,-0.5000000000000001,1.0913294644606641,1.9998400000000016,1.9,3.491329464460664,1.8998400000000015,-2.9,3.491329464460664,-0.7001599999999986,-2.9,-1.3086705355393358,0.5998400000000017,1.9,-1.3086705355393358,-2.2001599999999986
4.372732462039405,4.726348971006019,3.3016547383149124,3.1947127909976714,-0.5500000000000002,1.0670051546267243,2.0098400000000014,1.8499999999999996,3.467005154626724,1.9098400000000013,-2.95,3.467005154626724,-0.6901599999999988,-2.95,-1.3329948453732756,0.6098400000000015,1.8499999999999996,-1.3329948453732756,-2.1901599999999988
4.412587595045805,4.616755072046548,3.368193030270023,3.167349817323483,-0.6000000000000002,1.0397114984456022,2.019840000000001,1.7999999999999998,3.439711498445602,1.919840000000001,-3.0,3.439711498445602,-0.680159999999999,-3.0,-1.3602885015543977,0.6198400000000013,1.7999999999999998,-1.3602885015543977,-2.180159999999999
4.344167672333176,4.725274306954368,3.480946542758088,3.20139370814236,-0.6500000000000002,1.0092076099594174,2.029840000000001,1.7499999999999996,3.4092076099594175,1.9298400000000009,-3.0500000000000003,3.4092076099594175,-0.6701599999999992,-3.0500000000000003,-1.3907923900405825,0.6298400000000011,1.7499999999999996,-1.3907923900405825,-2.170159999999999
4.275963829889235,4.696474095302565,3.516835206985208,3.1025170595619387,-0.7000000000000003,0.9751922887307914,2.0398400000000008,1.6999999999999997,3.3751922887307915,1.9398400000000007,-3.1,3.3751922887307915,-0.6601599999999994,-3.1,-1.4248077112692084,0.6398400000000009,1.6999999999999997,-1.4248077112692084,-2.1601599999999994
4.324168609233107,4.642037884139846,3.6344029640426765,3.1506552875828615,-0.7500000000000003,0.9372833082905079,2.0498400000000006,1.6499999999999995,3.337283308290508,1.9498400000000005,-3.1500000000000004,3.337283308290508,-0.6501599999999996,-3.1500000000000004,-1.462716691709492,0.6498400000000006,1.6499999999999995,-1.462716691709492,-2.1501599999999996
4.238355254775247,4.653085923541064,3.696536651870478,3.1282758085259905,-0.8000000000000004,0.8949860334105775,2.0598400000000003,1.5999999999999996,3.294986033410577,1.9598400000000002,-3.2,3.294986033410577,-0.6401599999999998,-3.2,-1.5050139665894224,0.6598400000000004,1.5999999999999996,-1.5050139665894224,-2.14016
4.171559674532428,4.7555005327511735,3.692179451537118,3.1299145399185604,-0.8500000000000004,0.8476437931112332,2.06984,1.5499999999999994,3.247643793111233,1.96984,-3.2500000000000004,3.247643793111233,-0.63016,-3.2500000000000004,-1.5523562068887666,0.6698400000000002,1.5499999999999994,-1.5523562068887666,-2.13016
4.15994614900439,4.63748735302077,3.8330305884250446,3.1143958330709753,-0.9000000000000005,0.7943550843294194,2.07984,1.4999999999999996,3.1943550843294193,1.9798399999999998,-3.3000000000000003,3.1943550843294193,-0.6201600000000003,-3.3000000000000003,-1.6056449156705805,0.67984,1.4999999999999996,-1.6056449156705805,-2.1201600000000003
4.103834107263004,4.759816959508835,3.8424106859557194,3.133252790002585,-0.9500000000000005,0.7338255923582925,2.0898399999999997,1.4499999999999993,3.1338255923582925,1.9898399999999996,-3.3500000000000005,3.1338255923582925,-0.6101600000000005,-3.3500000000000005,-1.6661744076417073,0.6898399999999998,1.4499999999999993,-1.6661744076417073,-2.1101600000000005
3.9334103810341485,4.69944212246966,3.9768515234504767,3.115180499973501,-1.0000000000000004,0.6640783086353589,2.0998399999999995,1.3999999999999995,3.064078308635359,1.9998399999999994,-3.4000000000000004,3.064078308635359,-0.6001600000000007,-3.4000000000000004,-1.735921691364641,0.6998399999999996,1.3999999999999995,-1.735921691364641,-2.1001600000000007
3.926292567573027,4.721598324112372,4.051597261853416,3.165785173528855,-1.0500000000000005,0.5818075283115534,2.1098399999999993,1.3499999999999994,2.9818075283115535,2.009839999999999,-3.45,2.9818075283115535,-0.5901600000000009,-3.45,-1.8181924716884466,0.7098399999999994,1.3499999999999994,-1.8181924716884466,-2.090160000000001
3.796268527133292,4.70191997109265,4.064501001108005,3.1204567212923706,-1.1000000000000005,0.4806245936279153,2.119839999999999,1.2999999999999994,2.8806245936279153,2.019839999999999,-3.5000000000000004,2.8806245936279153,-0.5801600000000011,-3.5000000000000004,-1.9193754063720845,0.7198399999999991,1.2999999999999994,-1.9193754063720845,-2.080160000000001
3.7325918296349494,4.612295907085531,4.195537372316491,3.207940398295199,-1.1500000000000006,0.3442382895611679,2.129839999999999,1.2499999999999993,2.7442382895611677,2.0298399999999988,-3.5500000000000007,2.7442382895611677,-0.5701600000000013,-3.5500000000000007,-2.055761710438832,0.7298399999999989,1.2499999999999993,-2.055761710438832,-2.0701600000000013
3.4830623376878433,4.382436097590464,4.3973004837930345,3.4503175247498374,-1.2000000000000006,0.031622776601657465,2.1398399999999986,1.1999999999999993,2.4316227766016576,2.0398399999999985,-3.6000000000000005,2.4316227766016576,-0.5601600000000015,-3.6000000000000005,-2.3683772233983422,0.7398399999999987,1.1999999999999993,-2.3683772233983422,-2.0601600000000015
3.2461868432973264,4.1622110533849295,4.5532878109446395,3.719115504286459,-1.1500000000000006,-0.3442382895611679,2.1498399999999984,1.2499999999999993,2.055761710438832,2.0498399999999983,-3.5500000000000007,2.055761710438832,-0.5501600000000018,-3.5500000000000007,-2.7442382895611677,0.7498399999999985,1.2499999999999993,-2.7442382895611677,-2.0501600000000018
3.176385456178599,4.103259931776521,4.724871640133076,3.7853509744574843,-1.1000000000000005,-0.4806245936279153,2.159839999999998,1.2999999999999994,1.9193754063720845,2.059839999999998,-3.5000000000000004,1.9193754063720845,-0.540160000000002,-3.5000000000000004,-2.8806245936279153,0.7598399999999983,1.2999999999999994,-2.8806245936279153,-2.040160000000002
3.1190300867373772,4.006089059303014,4.747067752748486,3.9589643830140315,-1.0500000000000005,-0.5818075283115534,2.169839999999998,1.3499999999999994,1.8181924716884466,2.069839999999998,-3.45,1.8181924716884466,-0.5301600000000022,-3.45,-2.9818075283115535,0.7698399999999981,1.3499999999999994,-2.9818075283115535,-2.030160000000002
3.070610345170209,3.8566429533871536,4.673878737926614,4.033849279557908,-1.0000000000000004,-0.6640783086353589,2.179839999999998,1.3999999999999995,1.735921691364641,2.0798399999999977,-3.4000000000000004,1.735921691364641,-0.5201600000000024,-3.4000000000000004,-3.064078308635359,0.7798399999999979,1.3999999999999995,-3.064078308635359,-2.0201600000000024
3.0863805538400872,3.793211980917118,4.755747639842622,4.083893114027845,-0.9500000000000004,-0.7338255923582927,2.1898399999999976,1.4499999999999995,1.6661744076417073,2.0898399999999975,-3.3500000000000005,1.6661744076417073,-0.5101600000000026,-3.3500000000000005,-3.1338255923582925,0.7898399999999977,1.4499999999999995,-3.1338255923582925,-2.0101600000000026
3.1127676335104693,3.761347545229757,4.728614198577767,4.0581445961937215,-0.9000000000000004,-0.7943550843294196,2.1998399999999974,1.4999999999999996,1.6056449156705803,2.0998399999999973,-3.3000000000000003,1.6056449156705803,-0.5001600000000028,-3.3000000000000003,-3.1943550843294197,0.7998399999999974,1.4999999999999996,-3.1943550843294197,-2.000160000000003
3.0937205700166444,3.6924007791358804,4.774425572656477,4.20871520287795,-0.8500000000000003,-0.8476437931112334,2.209839999999997,1.5499999999999996,1.5523562068887666,2.109839999999997,-3.25,1.5523562068887666,-0.49016000000000304,-3.25,-3.247643793111233,0.8098399999999972,1.5499999999999996,-3.247643793111233,-1.990160000000003
3.09126580091582,3.6699523154452462,4.75611656802833,4.2500195773746485,-0.8000000000000003,-0.8949860334105775,2.219839999999997,1.5999999999999996,1.5050139665894224,2.119839999999997,-3.2,1.5050139665894224,-0.48016000000000325,-3.2,-3.294986033410577,0.819839999999997,1.5999999999999996,-3.294986033410577,-1.9801600000000033
3.0825289035408607,3.558582191356165,4.738934838041766,4.321468415424926,-0.7500000000000002,-0.937283308290508,2.2298399999999967,1.6499999999999997,1.4627166917094918,2.1298399999999966,-3.1500000000000004,1.4627166917094918,-0.47016000000000346,-3.1500000000000004,-3.337283308290508,0.8298399999999968,1.6499999999999997,-3.337283308290508,-1.9701600000000035
3.1290377029269516,3.4957532551176445,4.771547399218672,4.350986076727095,-0.7000000000000002,-0.9751922887307916,2.2398399999999965,1.6999999999999997,1.4248077112692084,2.1398399999999964,-3.1,1.4248077112692084,-0.4601600000000037,-3.1,-3.3751922887307915,0.8398399999999966,1.6999999999999997,-3.3751922887307915,-1.9601600000000037
3.1808981580465305,3.4483384391345155,4.697616976000153,4.306395389633889,-0.6500000000000001,-1.0092076099594174,2.2498399999999963,1.7499999999999998,1.3907923900405825,2.149839999999996,-3.05,1.3907923900405825,-0.4501600000000039,-3.05,-3.4092076099594175,0.8498399999999964,1.7499999999999998,-3.4092076099594175,-1.950160000000004
3.1859537964473676,3.3295264031726557,4.753514615323041,4.423780393233741,-0.6000000000000001,-1.0397114984456024,2.259839999999996,1.7999999999999998,1.3602885015543975,2.159839999999996,-3.0,1.3602885015543975,-0.4401600000000041,-3.0,-3.439711498445602,0.8598399999999962,1.7999999999999998,-3.439711498445602,-1.940160000000004
3.200184253164288,3.343728966103623,4.730541564280076,4.382829056805461,-0.55,-1.0670051546267243,2.269839999999996,1.8499999999999999,1.3329948453732756,2.1698399999999958,-2.95,1.3329948453732756,-0.4301600000000043,-2.95,-3.467005154626724,0.869839999999996,1.8499999999999999,-3.467005154626724,-1.9301600000000043
3.18332203604095,3.21817701195607,4.682852797933433,4.529920965301999,-0.5,-1.0913294644606641,2.2798399999999956,1.9,1.3086705355393358,2.1798399999999956,-2.9,1.3086705355393358,-0.42016000000000453,-2.9,-3.491329464460664,0.8798399999999957,1.9,-3.491329464460664,-1.9201600000000045
3.285813263144528,3.155393024741437,4.724547183128846,4.4679466233346155,-0.45,-1.1128791488746654,2.2898399999999954,1.95,1.2871208511253345,2.1898399999999953,-2.85,1.2871208511253345,-0.41016000000000474,-2.85,-3.5128791488746653,0.8898399999999955,1.95,-3.5128791488746653,-1.9101600000000047
3.323816719226009,3.127326326748848,4.713513263936076,4.564163522103037,-0.4,-1.1318127053536728,2.299839999999995,2.0,1.268187294646327,2.199839999999995,-2.8,1.268187294646327,-0.40016000000000496,-2.8,-3.5318127053536728,0.8998399999999953,2.0,-3.5318127053536728,-1.900160000000005
3.320273717072351,3.0508619132943444,4.6198065879919685,4.634096627453376,-0.35000000000000003,-1.1482595525402781,2.309839999999995,2.05,1.2517404474597218,2.209839999999995,-2.75,1.2517404474597218,-0.39016000000000517,-2.75,-3.5482595525402782,0.9098399999999951,2.05,-3.5482595525402782,-1.8901600000000052
3.380349424824988,3.0448499095837405,4.6055796941050025,4.599845953623129,-0.30000000000000004,-1.162325255683623,2.319839999999995,2.0999999999999996,1.237674744316377,2.2198399999999947,-2.7,1.237674744316377,-0.3801600000000054,-2.7,-3.562325255683623,0.9198399999999949,2.0999999999999996,-3.562325255683623,-1.8801600000000054
3.3488317881409158,3.019412430386211,4.63551704462789,4.63618570736563,-0.25000000000000006,-1.1740953964648697,2.3298399999999946,2.15,1.2259046035351302,2.2298399999999945,-2.65,1.2259046035351302,-0.3701600000000056,-2.65,-3.5740953964648696,0.9298399999999947,2.15,-3.5740953964648696,-1.8701600000000056
3.435492639652937,2.903175111775571,4.554556490450821,4.703112630824419,-0.20000000000000007,-1.183638458314024,2.3398399999999944,2.1999999999999997,1.2163615416859759,2.2398399999999943,-2.6,1.2163615416859759,-0.3601600000000058,-2.6,-3.5836384583140237,0.9398399999999945,2.1999999999999997,-3.5836384583140237,-1.8601600000000058
3.433222026709278,2.9107538416970304,4.608935881141047,4.73364708347438,-0.15000000000000008,-1.1910079764636339,2.349839999999994,2.25,1.208992023536366,2.249839999999994,-2.55,1.208992023536366,-0.350160000000006,-2.55,-3.591007976463634,0.9498399999999942,2.25,-3.591007976463634,-1.850160000000006
3.513309094719685,2.8462886405616206,4.532810438232942,4.7352789000848405,-0.10000000000000007,-1.196244122242613,2.359839999999994,2.3,1.203755877757387,2.259839999999994,-2.5,1.203755877757387,-0.34016000000000624,-2.5,-3.596244122242613,0.959839999999994,2.3,-3.596244122242613,-1.8401600000000062
3.5257659053532393,2.8102661774411963,4.52969495248299,4.68293986393918,-0.05000000000000007,-1.199374837154757,2.3698399999999937,2.3499999999999996,1.200625162845243,2.2698399999999936,-2.45,1.200625162845243,-0.33016000000000645,-2.45,-3.599374837154757,0.9698399999999938,2.3499999999999996,-3.599374837154757,-1.8301600000000064
3.6184790634139787,2.7456406676779554,4.556326678442164,4.707994006258069,-6.938893903907228e-17,-1.20041659435381,2.3798399999999935,2.4,1.1995834056461898,2.2798399999999934,-2.4,1.1995834056461898,-0.32016000000000666,-2.4,-3.60041659435381,0.9798399999999936,2.4,-3.60041659435381,-1.8201600000000067
3.602957008362275,2.680521260977623,4.50400942237886,4.8279656326958795,0.04999999999999993,-1.199374837154757,2.3898399999999933,2.4499999999999997,1.200625162845243,2.289839999999993,-2.35,1.200625162845243,-0.3101600000000069,-2.35,-3.599374837154757,0.9898399999999934,2.4499999999999997,-3.599374837154757,-1.8101600000000069
3.627856106412564,2.661163808197699,4.385884346713718,4.828452394627742,0.09999999999999994,-1.196244122242613,2.399839999999993,2.5,1.203755877757387,2.299839999999993,-2.3,1.203755877757387,-0.3001600000000071,-2.3,-3.596244122242613,0.9998399999999932,2.5,-3.596244122242613,-1.800160000000007
3.74503500083155,2.621118191547906,4.425328936955365,4.793687698051208,0.14999999999999994,-1.1910079764636339,2.409839999999993,2.55,1.208992023536366,2.309839999999993,-2.25,1.208992023536366,-0.2901600000000073,-2.25,-3.591007976463634,1.009839999999993,2.55,-3.591007976463634,-1.7901600000000073
3.746601931243976,2.554436199449028,4.352109700865083,4.91375763150975,0.19999999999999996,-1.183638458314024,2.4198399999999927,2.5999999999999996,1.2163615416859759,2.3198399999999926,-2.2,1.2163615416859759,-0.2801600000000075,-2.2,-3.5836384583140237,1.0198399999999928,2.5999999999999996,-3.5836384583140237,-1.7801600000000075
3.79364115675097,2.49392517876837,4.416461066158123,4.864603327554956,0.24999999999999994,-1.1740953964648697,2.4298399999999925,2.65,1.2259046035351302,2.3298399999999924,-2.15,1.2259046035351302,-0.2701600000000077,-2.15,-3.5740953964648696,1.0298399999999925,2.65,-3.5740953964648696,-1.7701600000000077
3.8426228773815634,2.4684126722001882,4.3660414167650075,4.900548445332821,0.29999999999999993,-1.1623252556836232,2.4398399999999922,2.6999999999999997,1.2376747443163767,2.339839999999992,-2.1,1.2376747443163767,-0.26016000000000794,-2.1,-3.562325255683623,1.0398399999999923,2.6999999999999997,-3.562325255683623,-1.760160000000008
3.896511146560665,2.4341859964501342,4.298669026250904,4.824364523864214,0.3499999999999999,-1.1482595525402781,2.449839999999992,2.75,1.2517404474597218,2.349839999999992,-2.05,1.2517404474597218,-0.25016000000000815,-2.05,-3.5482595525402782,1.0498399999999921,2.75,-3.5482595525402782,-1.7501600000000082
3.9014984924828195,2.40335395060032,4.198556897627801,4.884670340576124,0.3999999999999999,-1.1318127053536728,2.459839999999992,2.8,1.268187294646327,2.3598399999999917,-2.0,1.268187294646327,-0.24016000000000837,-2.0,-3.5318127053536728,1.059839999999992,2.8,-3.5318127053536728,-1.7401600000000084
4.010404431951945,2.3584299866697362,4.228321266508213,4.951762152349665,0.4499999999999999,-1.1128791488746654,2.4698399999999916,2.8499999999999996,1.2871208511253345,2.3698399999999915,-1.95,1.2871208511253345,-0.23016000000000858,-1.95,-3.5128791488746653,1.0698399999999917,2.8499999999999996,-3.5128791488746653,-1.7301600000000086
4.051128754421622,2.323259780116519,4.203163539916207,4.895859976953924,0.4999999999999999,-1.0913294644606641,2.4798399999999914,2.9,1.3086705355393358,2.3798399999999913,-1.9,1.3086705355393358,-0.2201600000000088,-1.9,-3.491329464460664,1.0798399999999915,2.9,-3.491329464460664,-1.7201600000000088
4.0722797037134475,2.295154923776035,4.151464245895901,4.920139203489453,0.5499999999999999,-1.0670051546267243,2.489839999999991,2.9499999999999997,1.3329948453732756,2.389839999999991,-1.85,1.3329948453732756,-0.210160000000009,-1.85,-3.467005154626724,1.0898399999999913,2.9499999999999997,-3.467005154626724,-1.710160000000009
4.106819626232364,2.287810285567613,4.0433060519181705,4.925808627948638,0.6,-1.0397114984456024,2.499839999999991,3.0,1.3602885015543975,2.399839999999991,-1.7999999999999998,1.3602885015543975,-0.20016000000000922,-1.7999999999999998,-3.439711498445602,1.099839999999991,3.0,-3.439711498445602,-1.7001600000000092
4.202667791009631,2.279328179148541,4.005766210582267,4.879302886179826,0.65,-1.0092076099594174,2.5098399999999907,3.05,1.3907923900405825,2.4098399999999907,-1.75,1.3907923900405825,-0.19016000000000943,-1.75,-3.4092076099594175,1.1098399999999908,3.05,-3.4092076099594175,-1.6901600000000094
4.221045165802453,2.2767984107206503,4.056046187480574,4.93070460439841,0.7000000000000001,-0.9751922887307917,2.5198399999999905,3.1,1.4248077112692084,2.4198399999999904,-1.6999999999999997,1.4248077112692084,-0.18016000000000965,-1.6999999999999997,-3.3751922887307915,1.1198399999999906,3.1,-3.3751922887307915,-1.6801600000000096
4.278919892736688,2.2118679247121147,3.940300537437933,4.928810554026069,0.7500000000000001,-0.9372833082905081,2.5298399999999903,3.15,1.4627166917094918,2.4298399999999902,-1.65,1.4627166917094918,-0.17016000000000986,-1.65,-3.337283308290508,1.1298399999999904,3.15,-3.337283308290508,-1.6701600000000099
4.333269702110796,2.2058490089730185,3.924562772277746,4.959524779612354,0.8000000000000002,-0.8949860334105777,2.53983999999999,3.2,1.5050139665894222,2.43983999999999,-1.5999999999999996,1.5050139665894222,-0.16016000000001007,-1.5999999999999996,-3.2949860334105776,1.1398399999999902,3.2,-3.2949860334105776,-1.66016000000001
4.404375990683527,2.261426028162446,3.8047476324292115,4.966408145538901,0.8500000000000002,-0.8476437931112334,2.54983999999999,3.25,1.5523562068887666,2.44983999999999,-1.5499999999999998,1.5523562068887666,-0.15016000000001029,-1.5499999999999998,-3.247643793111233,1.14983999999999,3.25,-3.247643793111233,-1.6501600000000103
4.477934028946558,2.244138193083441,3.811273527558024,4.98629807864773,0.9000000000000002,-0.7943550843294197,2.5598399999999897,3.3000000000000003,1.60564491567058,2.4598399999999896,-1.4999999999999996,1.60564491567058,-0.1401600000000105,-1.4999999999999996,-3.1943550843294197,1.1598399999999898,3.3000000000000003,-3.1943550843294197,-1.6401600000000105
4.605040535477777,2.2639759169689144,3.6471918861077137,4.874556239672518,0.9500000000000003,-0.7338255923582928,2.5698399999999895,3.35,1.666174407641707,2.4698399999999894,-1.4499999999999997,1.666174407641707,-0.1301600000000107,-1.4499999999999997,-3.133825592358293,1.1698399999999896,3.35,-3.133825592358293,-1.6301600000000107
4.668039204101705,2.2883616520021954,3.675430304030979,4.932855566383899,1.0000000000000002,-0.6640783086353592,2.5798399999999893,3.4000000000000004,1.7359216913646407,2.479839999999989,-1.3999999999999997,1.7359216913646407,-0.12016000000001092,-1.3999999999999997,-3.0640783086353593,1.1798399999999893,3.4000000000000004,-3.0640783086353593,-1.620160000000011
4.690860100593498,2.3232799151465535,3.567840015286644,4.897495829750325,1.0500000000000003,-0.5818075283115537,2.589839999999989,3.45,1.8181924716884463,2.489839999999989,-1.3499999999999996,1.8181924716884463,-0.11016000000001114,-1.3499999999999996,-2.9818075283115535,1.1898399999999891,3.45,-2.9818075283115535,-1.6101600000000111
4.714375827875221,2.3775894483678583,3.440422831952066,4.857021475227358,1.1000000000000003,-0.4806245936279158,2.599839999999989,3.5,1.919375406372084,2.4998399999999887,-1.2999999999999996,1.919375406372084,-0.10016000000001135,-1.2999999999999996,-2.880624593627916,1.199839999999989,3.5,-2.880624593627916,-1.6001600000000114
4.85504722470255,2.4613493267503466,3.2640241951579196,4.880162089859801,1.1500000000000004,-0.3442382895611686,2.6098399999999886,3.5500000000000003,2.0557617104388313,2.5098399999999885,-1.2499999999999996,2.0557617104388313,-0.09016000000001156,-1.2499999999999996,-2.7442382895611686,1.2098399999999887,3.5500000000000003,-2.7442382895611686,-1.5901600000000116
5.098887199657692,2.6566632008858857,3.009576457709755,4.678395653776826,1.2000000000000004,-0.031622776601664515,2.6198399999999884,3.6000000000000005,2.3683772233983356,2.5198399999999883,-1.1999999999999995,2.3683772233983356,-0.08016000000001178,-1.1999999999999995,-2.4316227766016643,1.2198399999999885,3.6000000000000005,-2.4316227766016643,-1.5801600000000118
5.2450796331550515,3.0410595018501625,2.7398101234972034,4.424500553551625,1.1500000000000004,0.3442382895611686,2.629839999999988,3.5500000000000003,2.7442382895611686,2.529839999999988,-1.2499999999999996,2.7442382895611686,-0.07016000000001199,-1.2499999999999996,-2.0557617104388313,1.2298399999999883,3.5500000000000003,-2.0557617104388313,-1.570160000000012
5.229873691663708,3.1921757088835134,2.687090267183391,4.413829071184522,1.1000000000000003,0.4806245936279158,2.639839999999988,3.5,2.880624593627916,2.539839999999988,-1.2999999999999996,2.880624593627916,-0.060160000000012204,-1.2999999999999996,-1.919375406372084,1.239839999999988,3.5,-1.919375406372084,-1.5601600000000122
5.245686829825243,3.355022333831703,2.6107425463287868,4.292266728381878,1.0500000000000003,0.5818075283115537,2.6498399999999878,3.45,2.9818075283115535,2.5498399999999877,-1.3499999999999996,2.9818075283115535,-0.05016000000001242,-1.3499999999999996,-1.8181924716884463,1.2498399999999878,3.45,-1.8181924716884463,-1.5501600000000124
5.389842312543009,3.391067958459882,2.636434004605734,4.2298734640182944,1.0000000000000002,0.6640783086353592,2.6598399999999875,3.4000000000000004,3.0640783086353593,2.5598399999999875,-1.3999999999999997,3.0640783086353593,-0.04016000000001263,-1.3999999999999997,-1.7359216913646407,1.2598399999999876,3.4000000000000004,-1.7359216913646407,-1.5401600000000126
5.3599932664823635,3.465321067171584,2.5969404534455602,4.086209263160416,0.9500000000000002,0.7338255923582929,2.6698399999999873,3.35,3.133825592358293,2.5698399999999872,-1.4499999999999997,3.133825592358293,-0.030160000000012843,-1.4499999999999997,-1.6661744076417069,1.2698399999999874,3.35,-1.6661744076417069,-1.5301600000000128
5.371434756995994,3.6304546494930836,2.559726026905788,4.009203839776214,0.9000000000000001,0.7943550843294197,2.679839999999987,3.3,3.1943550843294197,2.579839999999987,-1.4999999999999998,3.1943550843294197,-0.020160000000013056,-1.4999999999999998,-1.60564491567058,1.2798399999999872,3.3,-1.60564491567058,-1.520160000000013
5.401794521837489,3.6014928377355897,2.54914557991472,3.9176158231238043,0.8500000000000001,0.8476437931112335,2.689839999999987,3.25,3.2476437931112336,2.589839999999987,-1.5499999999999998,3.2476437931112336,-0.01016000000001327,-1.5499999999999998,-1.5523562068887664,1.289839999999987,3.25,-1.5523562068887664,-1.5101600000000133
5.298552781295455,3.731186259056881,2.55793953352092,3.9064617687034815,0.8,0.8949860334105777,2.6998399999999867,3.2,3.2949860334105776,2.5998399999999866,-1.5999999999999999,3.2949860334105776,-0.0001600000000134827,-1.5999999999999999,-1.5050139665894222,1.2998399999999868,3.2,-1.5050139665894222,-1.5001600000000135
5.2838579128350975,3.746711852133405,2.5655267910447357,3.875431420025509,0.75,0.9372833082905082,2.7098399999999865,3.15,3.337283308290508,2.6098399999999864,-1.65,3.337283308290508,0.009839999999986304,-1.65,-1.4627166917094918,1.3098399999999866,3.15,-1.4627166917094918,-1.4901600000000137
5.415898548832591,3.8442765703418713,2.646266839155779,3.793528669519758,0.7,0.9751922887307917,2.7198399999999863,3.0999999999999996,3.3751922887307915,2.619839999999986,-1.7,3.3751922887307915,0.01983999999998609,-1.7,-1.4248077112692084,1.3198399999999864,3.0999999999999996,-1.4248077112692084,-1.480160000000014
5.422428853083554,3.9332865623620568,2.6517709405618697,3.6908674750011348,0.6499999999999999,1.0092076099594176,2.729839999999986,3.05,3.4092076099594175,2.629839999999986,-1.75,3.4092076099594175,0.029839999999985878,-1.75,-1.3907923900405823,1.3298399999999861,3.05,-1.3907923900405823,-1.4701600000000141
5.428637536857625,3.963270374772523,2.70079093695295,3.6928331990285876,0.5999999999999999,1.0397114984456024,2.739839999999986,3.0,3.439711498445602,2.6398399999999858,-1.8,3.439711498445602,0.039839999999985665,-1.8,-1.3602885015543975,1.339839999999986,3.0,-1.3602885015543975,-1.4601600000000143
5.327543838404066,3.959131985452054,2.6613387093552587,3.606260501373004,0.5499999999999998,1.0670051546267245,2.7498399999999856,2.9499999999999997,3.467005154626724,2.6498399999999855,-1.85,3.467005154626724,0.04983999999998545,-1.85,-1.3329948453732754,1.3498399999999857,2.9499999999999997,-1.3329948453732754,-1.4501600000000145
5.290219073502753,3.9762016330699193,2.7134726529748723,3.5909360719915093,0.49999999999999983,1.0913294644606641,2.7598399999999854,2.9,3.491329464460664,2.6598399999999853,-1.9000000000000001,3.491329464460664,0.05983999999998524,-1.9000000000000001,-1.3086705355393358,1.3598399999999855,2.9,-1.3086705355393358,-1.4401600000000148
5.383372860158592,4.088837940464369,2.733142927897305,3.4869454940373847,0.44999999999999984,1.1128791488746654,2.769839999999985,2.8499999999999996,3.5128791488746653,2.669839999999985,-1.9500000000000002,3.5128791488746653,0.06983999999998503,-1.9500000000000002,-1.2871208511253345,1.3698399999999853,2.8499999999999996,-1.2871208511253345,-1.430160000000015
5.36509810198317,4.156615186781028,2.8006268590700176,3.4354292570438583,0.39999999999999986,1.1318127053536728,2.779839999999985,2.8,3.5318127053536728,2.679839999999985,-2.0,3.5318127053536728,0.07983999999998481,-2.0,-1.268187294646327,1.379839999999985,2.8,-1.268187294646327,-1.4201600000000152
5.3318023891666835,4.163128110956745,2.838721546931237,3.3748630957271857,0.34999999999999987,1.1482595525402783,2.7898399999999848,2.75,3.5482595525402782,2.6898399999999847,-2.05,3.5482595525402782,0.0898399999999846,-2.05,-1.2517404474597216,1.3898399999999849,2.75,-1.2517404474597216,-1.4101600000000154
5.247460215089701,4.2188611525937585,2.8308720976144186,3.3633489138093897,0.2999999999999999,1.1623252556836232,2.7998399999999846,2.6999999999999997,3.562325255683623,2.6998399999999845,-2.1,3.562325255683623,0.09983999999998439,-2.1,-1.2376747443163767,1.3998399999999847,2.6999999999999997,-1.2376747443163767,-1.4001600000000156
5.344080816670236,4.2664347416641935,2.9260442421353527,3.31845107908895,0.2499999999999999,1.1740953964648697,2.8098399999999844,2.65,3.5740953964648696,2.7098399999999843,-2.15,3.5740953964648696,0.10983999999998417,-2.15,-1.2259046035351302,1.4098399999999844,2.65,-1.2259046035351302,-1.3901600000000158
5.341015190960106,4.238170121994262,2.9661608118551803,3.199938663415479,0.1999999999999999,1.183638458314024,2.819839999999984,2.5999999999999996,3.5836384583140237,2.719839999999984,-2.2,3.5836384583140237,0.11983999999998396,-2.2,-1.2163615416859759,1.4198399999999842,2.5999999999999996,-1.2163615416859759,-1.380160000000016
5.261593388556871,4.309127625391406,2.977277968457759,3.2275658914895686,0.1499999999999999,1.1910079764636339,2.829839999999984,2.55,3.591007976463634,2.729839999999984,-2.25,3.591007976463634,0.12983999999998375,-2.25,-1.208992023536366,1.429839999999984,2.55,-1.208992023536366,-1.3701600000000163
5.2097201767195696,4.351753469188408,2.9966152276146634,3.1478987564108336,0.09999999999999991,1.196244122242613,2.8398399999999837,2.5,3.596244122242613,2.7398399999999836,-2.3,3.596244122242613,0.13983999999998353,-2.3,-1.203755877757387,1.4398399999999838,2.5,-1.203755877757387,-1.3601600000000165
5.232094321495409,4.361150917171103,3.0879773842123663,3.0914591993248486,0.049999999999999906,1.199374837154757,2.8498399999999835,2.4499999999999997,3.599374837154757,2.7498399999999834,-2.35,3.599374837154757,0.14983999999998332,-2.35,-1.200625162845243,1.4498399999999836,2.4499999999999997,-1.200625162845243,-1.3501600000000167
5.1376126578472645,4.341169209062344,3.076172348884212,3.0861572313862764,-9.71445146547012e-17,1.20041659435381,2.8598399999999833,2.4,3.60041659435381,2.759839999999983,-2.4,3.60041659435381,0.1598399999999831,-2.4,-1.1995834056461898,1.4598399999999834,2.4,-1.1995834056461898,-1.340160000000017
5.184351083213058,4.39677753451612,3.1471889672637463,3.0010149095455767,-0.0500000000000001,1.199374837154757,2.869839999999983,2.3499999999999996,3.599374837154757,2.769839999999983,-2.45,3.599374837154757,0.1698399999999829,-2.45,-1.200625162845243,1.4698399999999832,2.3499999999999996,-1.200625162845243,-1.330160000000017
5.1963340951468995,4.489379157254371,3.173164879883212,2.9464266304749174,-0.1000000000000001,1.196244122242613,2.879839999999983,2.3,3.596244122242613,2.7798399999999828,-2.5,3.596244122242613,0.17983999999998268,-2.5,-1.203755877757387,1.479839999999983,2.3,-1.203755877757387,-1.3201600000000173
5.162726085412256,4.495926031089738,3.2709375387699287,2.9442059039258734,-0.1500000000000001,1.1910079764636339,2.8898399999999826,2.25,3.591007976463634,2.7898399999999826,-2.55,3.591007976463634,0.18983999999998247,-2.55,-1.208992023536366,1.4898399999999827,2.25,-1.208992023536366,-1.3101600000000175
5.071229976269396,4.462634426095226,3.3217626167154064,2.8983267027500914,-0.20000000000000012,1.183638458314024,2.8998399999999824,2.1999999999999997,3.5836384583140237,2.7998399999999823,-2.6,3.5836384583140237,0.19983999999998225,-2.6,-1.2163615416859759,1.4998399999999825,2.1999999999999997,-1.2163615416859759,-1.3001600000000177
5.0873855809676165,4.496128313523897,3.378436322158499,2.8374000872601823,-0.2500000000000001,1.1740953964648697,2.909839999999982,2.15,3.5740953964648696,2.809839999999982,-2.65,3.5740953964648696,0.20983999999998204,-2.65,-1.2259046035351302,1.5098399999999823,2.15,-1.2259046035351302,-1.290160000000018
5.089057305243833,4.509332773452385,3.408338131319538,2.7685486038803893,-0.3000000000000001,1.162325255683623,2.919839999999982,2.0999999999999996,3.562325255683623,2.819839999999982,-2.7,3.562325255683623,0.21983999999998183,-2.7,-1.237674744316377,1.519839999999982,2.0999999999999996,-1.237674744316377,-1.2801600000000182
4.981685245328021,4.6169980808196245,3.43217270009973,2.793988558395736,-0.3500000000000001,1.1482595525402781,2.929839999999982,2.05,3.5482595525402782,2.8298399999999817,-2.75,3.5482595525402782,0.22983999999998161,-2.75,-1.2517404474597218,1.5298399999999819,2.05,-1.2517404474597218,-1.2701600000000184
5.0787945418596765,4.532015371068581,3.5221431798194973,2.7119448267755297,-0.4000000000000001,1.1318127053536728,2.9398399999999816,1.9999999999999998,3.5318127053536728,2.8398399999999815,-2.8,3.5318127053536728,0.2398399999999814,-2.8,-1.268187294646327,1.5398399999999817,1.9999999999999998,-1.268187294646327,-1.2601600000000186
4.97008818726865,4.571608651221089,3.5913671159951552,2.657757819422893,-0.45000000000000007,1.1128791488746654,2.9498399999999814,1.9499999999999997,3.5128791488746653,2.8498399999999813,-2.85,3.5128791488746653,0.2498399999999812,-2.85,-1.2871208511253345,1.5498399999999815,1.9499999999999997,-1.2871208511253345,-1.2501600000000188
4.935635729156,4.5688358113117955,3.5670205034203017,2.666962682441234,-0.5000000000000001,1.0913294644606641,2.959839999999981,1.9,3.491329464460664,2.859839999999981,-2.9,3.491329464460664,0.259839999999981,-2.9,-1.3086705355393358,1.5598399999999812,1.9,-1.3086705355393358,-1.240160000000019
4.891273477913447,4.562010706787021,3.695809913934181,2.6632245158032584,-0.5500000000000002,1.0670051546267243,2.969839999999981,1.8499999999999996,3.467005154626724,2.869839999999981,-2.95,3.467005154626724,0.26983999999998076,-2.95,-1.3329948453732756,1.569839999999981,1.8499999999999996,-1.3329948453732756,-1.2301600000000192
4.839039355844494,4.641025606960876,3.710668075884402,2.577185343749634,-0.6000000000000002,1.0397114984456022,2.9798399999999807,1.7999999999999998,3.439711498445602,2.8798399999999806,-3.0,3.439711498445602,0.27983999999998055,-3.0,-1.3602885015543977,1.5798399999999808,1.7999999999999998,-1.3602885015543977,-1.2201600000000195
4.871662400851745,4.642177785799945,3.732378420469815,2.5457776094442424,-0.6500000000000002,1.0092076099594174,2.9898399999999805,1.7499999999999996,3.4092076099594175,2.8898399999999804,-3.0500000000000003,3.4092076099594175,0.28983999999998034,-3.0500000000000003,-1.3907923900405825,1.5898399999999806,1.7499999999999996,-1.3907923900405825,-1.2101600000000197
4.902874656620603,4.667411572220247,3.7959895903378156,2.5506246261503898,-0.7000000000000003,0.9751922887307914,2.9998399999999803,1.6999999999999997,3.3751922887307915,2.89983999999998,-3.1,3.3751922887307915,0.2998399999999801,-3.1,-1.4248077112692084,1.5998399999999804,1.6999999999999997,-1.4248077112692084,-1.2001600000000199
