3.4419240770586144,4.335902822381088,3.7140996799285864,5.495975461918093,0.05,0.0,0.0016675000000000004,2.4499999999999997,2.4,-0.0983325,-2.35,2.4,-2.6983325000000002,-2.35,-2.4,-1.3983325,2.4499999999999997,-2.4,-4.1983325
3.5325845738380752,4.336671399309675,3.6578761222076692,5.540067876316578,0.1,0.0,0.0066700000000000014,2.5,2.4,-0.09333000000000001,-2.3,2.4,-2.69333,-2.3,-2.4,-1.39333,2.5,-2.4,-4.1933300000000004
3.5532061483816966,4.329162785660377,3.5713309261775072,5.57653635668636,0.15000000000000002,0.0,0.015007500000000007,2.55,2.4,-0.0849925,-2.25,2.4,-2.6849925000000003,-2.25,-2.4,-1.3849924999999998,2.55,-2.4,-4.1849925
3.5908756888063236,4.2381927969378195,3.632035915489885,5.547596113149651,0.2,0.0,0.026680000000000006,2.6,2.4,-0.07332,-2.1999999999999997,2.4,-2.6733200000000004,-2.1999999999999997,-2.4,-1.3733199999999999,2.6,-2.4,-4.17332
3.6284809164967338,4.286670927325389,3.5737659508101194,5.6482523746817215,0.25,0.0,0.0416875,2.65,2.4,-0.0583125,-2.15,2.4,-2.6583125,-2.15,-2.4,-1.3583124999999998,2.65,-2.4,-4.1583125
3.6836943677524285,4.254236085244178,3.5313863180305582,5.518840256484824,0.3,0.0,0.06003,2.6999999999999997,2.4,-0.039970000000000006,-2.1,2.4,-2.6399700000000004,-2.1,-2.4,-1.3399699999999999,2.6999999999999997,-2.4,-4.13997
3.7282523983955893,4.163775021289987,3.4458018279580167,5.530271552922309,0.35,0.0,0.08170749999999999,2.75,2.4,-0.018292500000000017,-2.05,2.4,-2.6182925000000004,-2.05,-2.4,-1.3182924999999999,2.75,-2.4,-4.1182925
3.722939689391517,4.133131015421789,3.426158655776262,5.540626786547344,0.39999999999999997,0.0,0.10672,2.8,2.4,0.00671999999999999,-2.0,2.4,-2.59328,-2.0,-2.4,-1.29328,2.8,-2.4,-4.09328
3.7556401021349037,4.10410560548331,3.3821937024601993,5.522133188600468,0.44999999999999996,0.0,0.13506749999999998,2.8499999999999996,2.4,0.035067499999999974,-1.95,2.4,-2.5649325000000003,-1.95,-2.4,-1.2649325,2.8499999999999996,-2.4,-4.0649325
3.8096924544369797,4.079951195610188,3.3035028150585473,5.586420058940797,0.49999999999999994,0.0,0.16674999999999998,2.9,2.4,0.06674999999999998,-1.9,2.4,-2.5332500000000002,-1.9,-2.4,-1.23325,2.9,-2.4,-4.03325
3.9050679609894714,4.005376785191688,3.264153271171324,5.558554802602025,0.5499999999999999,0.0,0.20176749999999996,2.9499999999999997,2.4,0.10176749999999996,-1.85,2.4,-2.4982325000000003,-1.85,-2.4,-1.1982325,2.9499999999999997,-2.4,-3.9982325000000003
3.8508952010627637,3.96215867450663,3.2516275855619434,5.661023521913897,0.6,0.0,0.24012,3.0,2.4,0.14012,-1.7999999999999998,2.4,-2.45988,-1.7999999999999998,-2.4,-1.1598799999999998,3.0,-2.4,-3.95988
3.895021179807422,3.8594445213326596,3.189037885490742,5.534612328501921,0.65,0.0,0.28180750000000004,3.05,2.4,0.18180750000000004,-1.75,2.4,-2.4181925,-1.75,-2.4,-1.1181925,3.05,-2.4,-3.9181925
3.9651503436891278,3.849604196175425,3.1891102601950307,5.647952506852234,0.7000000000000001,0.0,0.32683000000000006,3.1,2.4,0.22683000000000006,-1.6999999999999997,2.4,-2.37317,-1.6999999999999997,-2.4,-1.0731699999999997,3.1,-2.4,-3.87317
4.025409115136428,3.75045813621786,3.155242439323607,5.642124635620254,0.7500000000000001,0.0,0.3751875000000002,3.15,2.4,0.27518750000000014,-1.65,2.4,-2.3248125,-1.65,-2.4,-1.0248124999999997,3.15,-2.4,-3.8248125
4.121616490710978,3.712944011763264,3.087845147854193,5.615442969081247,0.8000000000000002,0.0,0.4268800000000002,3.2,2.4,0.32688000000000017,-1.5999999999999996,2.4,-2.27312,-1.5999999999999996,-2.4,-0.9731199999999998,3.2,-2.4,-3.77312
4.067840145587391,3.693214202733435,3.0425409633433,5.544159376750702,0.8500000000000002,0.0,0.48190750000000027,3.25,2.4,0.3819075000000003,-1.5499999999999998,2.4,-2.2180925,-1.5499999999999998,-2.4,-0.9180924999999996,3.25,-2.4,-3.7180925
4.208843792520654,3.5761881831077504,3.019651466654348,5.50662867698385,0.9000000000000002,0.0,0.5402700000000003,3.3000000000000003,2.4,0.4402700000000003,-1.4999999999999996,2.4,-2.1597299999999997,-1.4999999999999996,-2.4,-0.8597299999999997,3.3000000000000003,-2.4,-3.6597299999999997
4.160038176713144,3.567750197350379,2.98159723730729,5.623716777052303,0.9500000000000003,0.0,0.6019675000000004,3.35,2.4,0.5019675000000005,-1.4499999999999997,2.4,-2.0980324999999995,-1.4499999999999997,-2.4,-0.7980324999999995,3.35,-2.4,-3.5980324999999995
4.2573645500670745,3.5240399510014044,2.941278708271567,5.4856227384219025,1.0000000000000002,0.0,0.6670000000000004,3.4000000000000004,2.4,0.5670000000000004,-1.3999999999999997,2.4,-2.033,-1.3999999999999997,-2.4,-0.7329999999999995,3.4000000000000004,-2.4,-3.533
4.2597124520112475,3.391906181935165,2.876876677574232,5.592627511832205,1.0500000000000003,0.0,0.7353675000000004,3.45,2.4,0.6353675000000004,-1.3499999999999996,2.4,-1.9646324999999998,-1.3499999999999996,-2.4,-0.6646324999999995,3.45,-2.4,-3.4646324999999996
4.352802340447199,3.392052433273033,2.8374758557291386,5.434525288898467,1.1000000000000003,0.0,0.8070700000000005,3.5,2.4,0.7070700000000005,-1.2999999999999996,2.4,-1.8929299999999998,-1.2999999999999996,-2.4,-0.5929299999999994,3.5,-2.4,-3.39293
4.386306694294684,3.290067483373148,2.7617660363526855,5.50803742093618,1.1500000000000004,0.0,0.8821075000000006,3.5500000000000003,2.4,0.7821075000000006,-1.2499999999999996,2.4,-1.8178924999999997,-1.2499999999999996,-2.4,-0.5178924999999993,3.5500000000000003,-2.4,-3.3178924999999997
4.466264196201231,3.2571273890832586,2.727638029283753,5.424762275944775,1.2000000000000004,0.0,0.9604800000000008,3.6000000000000005,2.4,0.8604800000000008,-1.1999999999999995,2.4,-1.7395199999999993,-1.1999999999999995,-2.4,-0.43951999999999913,3.6000000000000005,-2.4,-3.2395199999999993
4.599616516715648,3.2261560461745633,2.72669533162796,5.459508455649201,1.2500000000000004,0.0,1.0421875000000007,3.6500000000000004,2.4,0.9421875000000007,-1.1499999999999995,2.4,-1.6578124999999995,-1.1499999999999995,-2.4,-0.3578124999999992,3.6500000000000004,-2.4,-3.1578124999999995
4.58475070571983,3.1084112246497564,2.7131953123894808,5.388688640966898,1.3000000000000005,0.0,1.1272300000000008,3.7,2.4,1.0272300000000008,-1.0999999999999994,2.4,-1.5727699999999993,-1.0999999999999994,-2.4,-0.27276999999999907,3.7,-2.4,-3.0727699999999993
4.641580757569962,3.039425224721958,2.654214056402709,5.417753610278838,1.3500000000000005,0.0,1.215607500000001,3.7500000000000004,2.4,1.115607500000001,-1.0499999999999994,2.4,-1.4843924999999991,-1.0499999999999994,-2.4,-0.18439249999999885,3.7500000000000004,-2.4,-2.9843924999999993
4.762778115307274,3.0196940941756405,2.6531489241652104,5.39263625901219,1.4000000000000006,0.0,1.3073200000000011,3.8000000000000007,2.4,1.207320000000001,-0.9999999999999993,2.4,-1.392679999999999,-0.9999999999999993,-2.4,-0.09267999999999876,3.8000000000000007,-2.4,-2.892679999999999
4.7302049033686995,2.9306783452328817,2.6267002855839916,5.446976783455144,1.4500000000000006,0.0,1.4023675000000013,3.8500000000000005,2.4,1.3023675000000012,-0.9499999999999993,2.4,-1.2976324999999989,-0.9499999999999993,-2.4,0.00236750000000141,3.8500000000000005,-2.4,-2.797632499999999
4.892733272769093,2.8381693746492744,2.569860433668786,5.473560908213259,1.5000000000000007,0.0,1.5007500000000016,3.9000000000000004,2.4,1.4007500000000015,-0.8999999999999992,2.4,-1.1992499999999986,-0.8999999999999992,-2.4,0.10075000000000167,3.9000000000000004,-2.4,-2.6992499999999984
4.818774108692452,2.8662647400987535,2.6235302560810276,5.43043829035341,1.4500000000000006,0.0,1.5016675,3.8500000000000005,2.4,1.4016674999999998,-0.9499999999999993,2.4,-1.1983325000000002,-0.9499999999999993,-2.4,0.10166750000000002,3.8500000000000005,-2.4,-2.6983325000000002
4.782390632192091,2.8842885172304626,2.6391463303744187,5.3609922805814465,1.4000000000000006,0.0,1.50667,3.8000000000000007,2.4,1.4066699999999999,-0.9999999999999993,2.4,-1.1933300000000002,-0.9999999999999993,-2.4,0.10667000000000004,3.8000000000000007,-2.4,-2.6933300000000004
4.771828316508239,2.9224591640198345,2.686393982144288,5.314699086038654,1.3500000000000005,0.0,1.5150074999999998,3.7500000000000004,2.4,1.4150074999999998,-1.0499999999999994,2.4,-1.1849925000000003,-1.0499999999999994,-2.4,0.11500749999999993,3.7500000000000004,-2.4,-2.6849925000000003
4.75976080940242,2.918300975546719,2.675113029443111,5.264236747012831,1.3000000000000005,0.0,1.5266799999999998,3.7,2.4,1.4266799999999997,-1.0999999999999994,2.4,-1.1733200000000004,-1.0999999999999994,-2.4,0.1266799999999999,3.7,-2.4,-2.6733200000000004
4.695517819443665,2.9415960104416126,2.713660564400689,5.1484062472363865,1.2500000000000004,0.0,1.5416874999999999,3.6500000000000004,2.4,1.4416874999999998,-1.1499999999999995,2.4,-1.1583125000000003,-1.1499999999999995,-2.4,0.14168749999999997,3.6500000000000004,-2.4,-2.6583125
4.63677289815928,2.9245802696951584,2.6914559904753186,5.156167690299559,1.2000000000000004,0.0,1.5600299999999998,3.6000000000000005,2.4,1.4600299999999997,-1.1999999999999995,2.4,-1.1399700000000004,-1.1999999999999995,-2.4,0.1600299999999999,3.6000000000000005,-2.4,-2.6399700000000004
4.539189905058343,3.01251974784886,2.7377879505084786,5.041767186602423,1.1500000000000004,0.0,1.5817074999999998,3.5500000000000003,2.4,1.4817074999999997,-1.2499999999999996,2.4,-1.1182925000000004,-1.2499999999999996,-2.4,0.1817074999999999,3.5500000000000003,-2.4,-2.6182925000000004
4.559102966190295,3.023036868420715,2.7946744430180708,5.049547160704196,1.1000000000000003,0.0,1.60672,3.5,2.4,1.5067199999999998,-1.2999999999999996,2.4,-1.0932800000000003,-1.2999999999999996,-2.4,0.20672000000000001,3.5,-2.4,-2.59328
4.479297524141794,2.984338790574308,2.8434526976332686,4.925378158200705,1.0500000000000003,0.0,1.6350675,3.45,2.4,1.5350674999999998,-1.3499999999999996,2.4,-1.0649325000000003,-1.3499999999999996,-2.4,0.23506749999999998,3.45,-2.4,-2.5649325000000003
4.549894559267048,3.004609528315711,2.8559971158790476,4.91638435492979,1.0000000000000002,0.0,1.66675,3.4000000000000004,2.4,1.5667499999999999,-1.3999999999999997,2.4,-1.0332500000000002,-1.3999999999999997,-2.4,0.26675000000000004,3.4000000000000004,-2.4,-2.5332500000000002
4.536249620040321,3.017915387298744,2.895967346849149,4.932012618418151,0.9500000000000002,0.0,1.7017674999999999,3.35,2.4,1.6017674999999998,-1.4499999999999997,2.4,-0.9982325000000003,-1.4499999999999997,-2.4,0.30176749999999997,3.35,-2.4,-2.4982325000000003
4.436745352315255,3.0440781634093175,2.8551534793494775,4.905168306271365,0.9000000000000001,0.0,1.74012,3.3,2.4,1.6401199999999998,-1.4999999999999998,2.4,-0.9598800000000003,-1.4999999999999998,-2.4,0.34012,3.3,-2.4,-2.45988
4.428070881781332,3.059804275709234,2.918811393218756,4.780273582448284,0.8500000000000001,0.0,1.7818075,3.25,2.4,1.6818075,-1.5499999999999998,2.4,-0.9181925000000002,-1.5499999999999998,-2.4,0.3818075000000001,3.25,-2.4,-2.4181925
4.484627213617553,3.0958470305712353,2.972340814748492,4.786920571315947,0.8,0.0,1.82683,3.2,2.4,1.7268299999999999,-1.5999999999999999,2.4,-0.8731700000000002,-1.5999999999999999,-2.4,0.42683000000000004,3.2,-2.4,-2.37317
4.344372475769275,3.102169505453192,2.9781870752638033,4.633818931898579,0.75,0.0,1.8751875,3.15,2.4,1.7751875,-1.65,2.4,-0.8248125000000002,-1.65,-2.4,0.4751875000000001,3.15,-2.4,-2.3248125
4.387955678351552,3.1250704952437585,3.042689275411727,4.628438266604457,0.7,0.0,1.9268800000000001,3.0999999999999996,2.4,1.82688,-1.7,2.4,-0.77312,-1.7,-2.4,0.5268800000000002,3.0999999999999996,-2.4,-2.27312
4.42792147690122,3.1367832455095344,3.11389287772397,4.578970188560929,0.6499999999999999,0.0,1.9819075000000002,3.05,2.4,1.8819075,-1.75,2.4,-0.7180925,-1.75,-2.4,0.5819075000000002,3.05,-2.4,-2.2180925
4.3944146821277705,3.1000983236681496,3.1547049465624473,4.524427080616538,0.5999999999999999,0.0,2.0402700000000005,3.0,2.4,1.9402700000000004,-1.8,2.4,-0.6597299999999997,-1.8,-2.4,0.6402700000000006,3.0,-2.4,-2.1597299999999997
4.399133766416446,3.1162314961867,3.174667411797747,4.415197769998958,0.5499999999999998,0.0,2.1019675,2.9499999999999997,2.4,2.0019675,-1.85,2.4,-0.5980325,-1.85,-2.4,0.7019675000000003,2.9499999999999997,-2.4,-2.0980325
4.320279005148676,3.19927076156516,3.162289917067158,4.278594409461333,0.49999999999999983,0.0,2.1670000000000003,2.9,2.4,2.067,-1.9000000000000001,2.4,-0.5329999999999999,-1.9000000000000001,-2.4,0.7670000000000003,2.9,-2.4,-2.033
4.294738666525967,3.1473764985011123,3.2108027755748543,4.282322281480236,0.44999999999999984,0.0,2.2353675000000006,2.8499999999999996,2.4,2.1353675000000005,-1.9500000000000002,2.4,-0.46463249999999956,-1.9500000000000002,-2.4,0.8353675000000007,2.8499999999999996,-2.4,-1.9646324999999996
4.3950663171503965,3.1502064786382893,3.3342926379135123,4.1533864950271635,0.39999999999999986,0.0,2.3070700000000004,2.8,2.4,2.2070700000000003,-2.0,2.4,-0.3929299999999998,-2.0,-2.4,0.9070700000000005,2.8,-2.4,-1.8929299999999998
4.416622926133183,3.180759524849808,3.3191150919849313,4.099233455791523,0.34999999999999987,0.0,2.3821075,2.75,2.4,2.2821075,-2.05,2.4,-0.31789250000000013,-2.05,-2.4,0.9821075000000001,2.75,-2.4,-1.8178925000000001
4.388956551244528,3.25457430052705,3.412474169151965,4.0796221056558934,0.2999999999999999,0.0,2.4604800000000004,2.6999999999999997,2.4,2.3604800000000004,-2.1,2.4,-0.23951999999999973,-2.1,-2.4,1.0604800000000005,2.6999999999999997,-2.4,-1.7395199999999997
4.402900820831423,3.229040120084107,3.443568706900685,4.010971338835348,0.2499999999999999,0.0,2.5421875,2.65,2.4,2.4421874999999997,-2.15,2.4,-0.15781250000000036,-2.15,-2.4,1.1421875,2.65,-2.4,-1.6578125000000004
4.362491720677734,3.2605142589539278,3.5606639353712515,3.939395650849476,0.1999999999999999,0.0,2.62723,2.5999999999999996,2.4,2.52723,-2.2,2.4,-0.07277000000000022,-2.2,-2.4,1.22723,2.5999999999999996,-2.4,-1.5727700000000002
4.469660054034746,3.3432744391191855,3.6050682055909338,3.8820379610720863,0.1499999999999999,0.0,2.7156075,2.55,2.4,2.6156075,-2.25,2.4,0.015607499999999774,-2.25,-2.4,1.3156075,2.55,-2.4,-1.4843925000000002
4.425608344951596,3.419869619310894,3.622058494316287,3.7545427991359843,0.09999999999999991,0.0,2.8073200000000003,2.5,2.4,2.70732,-2.3,2.4,0.10732000000000008,-2.3,-2.4,1.4073200000000003,2.5,-2.4,-1.39268
4.515201688022687,3.410251757076113,3.6842973804257633,3.7037400827783142,0.049999999999999906,0.0,2.9023675000000004,2.4499999999999997,2.4,2.8023675000000003,-2.35,2.4,0.20236750000000026,-2.35,-2.4,1.5023675000000005,2.4499999999999997,-2.4,-1.2976324999999997
4.5837899393748565,3.4654255770386535,3.8487208617383715,3.6827975526195695,-9.71445146547012e-17,0.0,3.00075,2.4,2.4,2.90075,-2.4,2.4,0.30074999999999985,-2.4,-2.4,1.6007500000000001,2.4,-2.4,-1.1992500000000001
4.529384734485728,3.4551796379831115,3.7892633740528394,3.5735518426688366,-9.71445146547012e-17,0.05,3.00075,2.4,2.4499999999999997,2.90075,-2.4,2.4499999999999997,0.30074999999999985,-2.4,-2.35,1.6007500000000001,2.4,-2.35,-1.1992500000000001
4.596496648173574,3.5730072405387907,3.7230466003950777,3.593201742221201,-9.71445146547012e-17,0.1,3.00075,2.4,2.5,2.90075,-2.4,2.5,0.30074999999999985,-2.4,-2.3,1.6007500000000001,2.4,-2.3,-1.1992500000000001
4.574766044822094,3.5783852780003214,3.6878063027898818,3.5726454895539463,-9.71445146547012e-17,0.15000000000000002,3.00075,2.4,2.55,2.90075,-2.4,2.55,0.30074999999999985,-2.4,-2.25,1.6007500000000001,2.4,-2.25,-1.1992500000000001
4.585029060074594,3.616955414824571,3.726726533086111,3.534045772875252,-9.71445146547012e-17,0.2,3.00075,2.4,2.6,2.90075,-2.4,2.6,0.30074999999999985,-2.4,-2.1999999999999997,1.6007500000000001,2.4,-2.1999999999999997,-1.1992500000000001
4.621373958040166,3.5928741554630954,3.6691566502056,3.4798202958864786,-9.71445146547012e-17,0.25,3.00075,2.4,2.65,2.90075,-2.4,2.65,0.30074999999999985,-2.4,-2.15,1.6007500000000001,2.4,-2.15,-1.1992500000000001
4.728262020982092,3.678038144661176,3.587173290507728,3.4982791399728113,-9.71445146547012e-17,0.3,3.00075,2.4,2.6999999999999997,2.90075,-2.4,2.6999999999999997,0.30074999999999985,-2.4,-2.1,1.6007500000000001,2.4,-2.1,-1.1992500000000001
4.690690143471409,3.731259286564636,3.587682317444199,3.45682723531323,-9.71445146547012e-17,0.35,3.00075,2.4,2.75,2.90075,-2.4,2.75,0.30074999999999985,-2.4,-2.05,1.6007500000000001,2.4,-2.05,-1.1992500000000001
4.768598138165242,3.7632153964834343,3.5775309927400194,3.3502480465343187,-9.71445146547012e-17,0.39999999999999997,3.00075,2.4,2.8,2.90075,-2.4,2.8,0.30074999999999985,-2.4,-2.0,1.6007500000000001,2.4,-2.0,-1.1992500000000001
4.817062547766034,3.8221528770404536,3.548011049069837,3.399944500112814,-9.71445146547012e-17,0.44999999999999996,3.00075,2.4,2.8499999999999996,2.90075,-2.4,2.8499999999999996,0.30074999999999985,-2.4,-1.95,1.6007500000000001,2.4,-1.95,-1.1992500000000001
4.887252204853633,3.8755563256292604,3.557531265953282,3.3734139304115276,-9.71445146547012e-17,0.49999999999999994,3.00075,2.4,2.9,2.90075,-2.4,2.9,0.30074999999999985,-2.4,-1.9,1.6007500000000001,2.4,-1.9,-1.1992500000000001
4.809066852998324,3.8969714722546875,3.4739752543394644,3.2920501306046157,-9.71445146547012e-17,0.5499999999999999,3.00075,2.4,2.9499999999999997,2.90075,-2.4,2.9499999999999997,0.30074999999999985,-2.4,-1.85,1.6007500000000001,2.4,-1.85,-1.1992500000000001
4.874831943263577,3.9105886688826694,3.4544539174548925,3.312058967581513,-9.71445146547012e-17,0.6,3.00075,2.4,3.0,2.90075,-2.4,3.0,0.30074999999999985,-2.4,-1.7999999999999998,1.6007500000000001,2.4,-1.7999999999999998,-1.1992500000000001
4.85594552006395,3.902833292462131,3.3920064030386725,3.260343010138821,-9.71445146547012e-17,0.65,3.00075,2.4,3.05,2.90075,-2.4,3.05,0.30074999999999985,-2.4,-1.75,1.6007500000000001,2.4,-1.75,-1.1992500000000001
4.944846773244365,4.047609378528947,3.3551206369917486,3.2667708702617553,-9.71445146547012e-17,0.7000000000000001,3.00075,2.4,3.1,2.90075,-2.4,3.1,0.30074999999999985,-2.4,-1.6999999999999997,1.6007500000000001,2.4,-1.6999999999999997,-1.1992500000000001
5.054403632323807,3.9923161943952294,3.3664546231330617,3.2177379363073952,-9.71445146547012e-17,0.7500000000000001,3.00075,2.4,3.15,2.90075,-2.4,3.15,0.30074999999999985,-2.4,-1.65,1.6007500000000001,2.4,-1.65,-1.1992500000000001
5.009471318224214,4.017898592928198,3.3646188436559443,3.14816268340247,-9.71445146547012e-17,0.8000000000000002,3.00075,2.4,3.2,2.90075,-2.4,3.2,0.30074999999999985,-2.4,-1.5999999999999996,1.6007500000000001,2.4,-1.5999999999999996,-1.1992500000000001
5.042993682326265,4.116046615988473,3.3090169384769834,3.1018228854800185,-9.71445146547012e-17,0.8500000000000002,3.00075,2.4,3.25,2.90075,-2.4,3.25,0.30074999999999985,-2.4,-1.5499999999999998,1.6007500000000001,2.4,-1.5499999999999998,-1.1992500000000001
5.14664807615184,4.139658131870119,3.2785308776486355,3.108166829716664,-9.71445146547012e-17,0.9000000000000002,3.00075,2.4,3.3000000000000003,2.90075,-2.4,3.3000000000000003,0.30074999999999985,-2.4,-1.4999999999999996,1.6007500000000001,2.4,-1.4999999999999996,-1.1992500000000001
5.166040267271567,4.206964655750539,3.281955552503502,3.0623861413213898,-9.71445146547012e-17,0.9500000000000003,3.00075,2.4,3.35,2.90075,-2.4,3.35,0.30074999999999985,-2.4,-1.4499999999999997,1.6007500000000001,2.4,-1.4499999999999997,-1.1992500000000001
5.187324423668409,4.278272720370492,3.2853819661565833,3.059802999377004,-9.71445146547012e-17,1.0000000000000002,3.00075,2.4,3.4000000000000004,2.90075,-2.4,3.4000000000000004,0.30074999999999985,-2.4,-1.3999999999999997,1.6007500000000001,2.4,-1.3999999999999997,-1.1992500000000001
5.153036292007404,4.299142659897297,3.230018503504503,3.0551447590239103,-9.71445146547012e-17,1.0500000000000003,3.00075,2.4,3.45,2.90075,-2.4,3.45,0.30074999999999985,-2.4,-1.3499999999999996,1.6007500000000001,2.4,-1.3499999999999996,-1.1992500000000001
5.261926179670473,4.30471960331129,3.24173387722921,3.0348192613389204,-9.71445146547012e-17,1.1000000000000003,3.00075,2.4,3.5,2.90075,-2.4,3.5,0.30074999999999985,-2.4,-1.2999999999999996,1.6007500000000001,2.4,-1.2999999999999996,-1.1992500000000001
5.217590562793038,4.398687536090268,3.172982682524402,3.0472855364974323,-9.71445146547012e-17,1.1500000000000004,3.00075,2.4,3.5500000000000003,2.90075,-2.4,3.5500000000000003,0.30074999999999985,-2.4,-1.2499999999999996,1.6007500000000001,2.4,-1.2499999999999996,-1.1992500000000001
5.289950796363713,4.459369891208418,3.1828385053281107,2.9682255477664174,-9.71445146547012e-17,1.2000000000000004,3.00075,2.4,3.6000000000000005,2.90075,-2.4,3.6000000000000005,0.30074999999999985,-2.4,-1.1999999999999995,1.6007500000000001,2.4,-1.1999999999999995,-1.1992500000000001
5.275717053654357,4.49625991528082,3.1967340606896397,2.9429218796631993,-9.71445146547012e-17,1.2500000000000004,3.00075,2.4,3.6500000000000004,2.90075,-2.4,3.6500000000000004,0.30074999999999985,-2.4,-1.1499999999999995,1.6007500000000001,2.4,-1.1499999999999995,-1.1992500000000001
5.343552671584128,4.5117053820508755,3.1058325367517527,2.946614226840515,-9.71445146547012e-17,1.3000000000000005,3.00075,2.4,3.7,2.90075,-2.4,3.7,0.30074999999999985,-2.4,-1.0999999999999994,1.6007500000000001,2.4,-1.0999999999999994,-1.1992500000000001
5.34079164667093,4.487769519374785,3.086511188657752,2.9449050446393756,-9.71445146547012e-17,1.3500000000000005,3.00075,2.4,3.7500000000000004,2.90075,-2.4,3.7500000000000004,0.30074999999999985,-2.4,-1.0499999999999994,1.6007500000000001,2.4,-1.0499999999999994,-1.1992500000000001
5.426954392596612,4.512194847745377,3.0773306287801243,2.888424369288859,-9.71445146547012e-17,1.4000000000000006,3.00075,2.4,3.8000000000000007,2.90075,-2.4,3.8000000000000007,0.30074999999999985,-2.4,-0.9999999999999993,1.6007500000000001,2.4,-0.9999999999999993,-1.1992500000000001
5.4210816686102055,4.565195339376671,3.04662225825397,2.8915692820738643,-9.71445146547012e-17,1.4500000000000006,3.00075,2.4,3.8500000000000005,2.90075,-2.4,3.8500000000000005,0.30074999999999985,-2.4,-0.9499999999999993,1.6007500000000001,2.4,-0.9499999999999993,-1.1992500000000001
5.431880114244094,4.627834056627937,3.0685927424541988,2.8508384482430698,-9.71445146547012e-17,1.5000000000000007,3.00075,2.4,3.9000000000000004,2.90075,-2.4,3.9000000000000004,0.30074999999999985,-2.4,-0.8999999999999992,1.6007500000000001,2.4,-0.8999999999999992,-1.1992500000000001
5.434949349082219,4.641244685304856,3.084917993398241,2.8709857470789593,-0.0500000000000001,1.5000000000000007,3.00075,2.3499999999999996,3.9000000000000004,2.90075,-2.45,3.9000000000000004,0.30074999999999985,-2.45,-0.8999999999999992,1.6007500000000001,2.3499999999999996,-0.8999999999999992,-1.1992500000000001
5.439844954011936,4.6708907633618155,3.1757540291173134,2.8065425857234856,-0.1000000000000001,1.5000000000000007,3.00075,2.3,3.9000000000000004,2.90075,-2.5,3.9000000000000004,0.30074999999999985,-2.5,-0.8999999999999992,1.6007500000000001,2.3,-0.8999999999999992,-1.1992500000000001
5.439798161162903,4.770694130756671,3.1671365134523675,2.7728031679821443,-0.1500000000000001,1.5000000000000007,3.00075,2.25,3.9000000000000004,2.90075,-2.55,3.9000000000000004,0.30074999999999985,-2.55,-0.8999999999999992,1.6007500000000001,2.25,-0.8999999999999992,-1.1992500000000001
5.484977201888965,4.718609417204817,3.2444209255156884,2.667880587231674,-0.20000000000000012,1.5000000000000007,3.00075,2.1999999999999997,3.9000000000000004,2.90075,-2.6,3.9000000000000004,0.30074999999999985,-2.6,-0.8999999999999992,1.6007500000000001,2.1999999999999997,-0.8999999999999992,-1.1992500000000001
5.3401249276368645,4.854176483370352,3.30300877777551,2.6456407006365414,-0.2500000000000001,1.5000000000000007,3.00075,2.15,3.9000000000000004,2.90075,-2.65,3.9000000000000004,0.30074999999999985,-2.65,-0.8999999999999992,1.6007500000000001,2.15,-0.8999999999999992,-1.1992500000000001
5.346724921391325,4.88365941328486,3.289697764698402,2.589443647508614,-0.3000000000000001,1.5000000000000007,3.00075,2.0999999999999996,3.9000000000000004,2.90075,-2.7,3.9000000000000004,0.30074999999999985,-2.7,-0.8999999999999992,1.6007500000000001,2.0999999999999996,-0.8999999999999992,-1.1992500000000001
5.284571963630389,4.838556914542775,3.3290931412235603,2.5661007504103286,-0.3500000000000001,1.5000000000000007,3.00075,2.05,3.9000000000000004,2.90075,-2.75,3.9000000000000004,0.30074999999999985,-2.75,-0.8999999999999992,1.6007500000000001,2.05,-0.8999999999999992,-1.1992500000000001
5.40712608172231,4.856412067539714,3.3849039712316586,2.56218927286443,-0.4000000000000001,1.5000000000000007,3.00075,1.9999999999999998,3.9000000000000004,2.90075,-2.8,3.9000000000000004,0.30074999999999985,-2.8,-0.8999999999999992,1.6007500000000001,1.9999999999999998,-0.8999999999999992,-1.1992500000000001
5.346089926837946,4.892261168282441,3.4290621457912005,2.525526239343716,-0.45000000000000007,1.5000000000000007,3.00075,1.9499999999999997,3.9000000000000004,2.90075,-2.85,3.9000000000000004,0.30074999999999985,-2.85,-0.8999999999999992,1.6007500000000001,1.9499999999999997,-0.8999999999999992,-1.1992500000000001
5.278161572997448,4.9307722850174684,3.4692739034863536,2.477586875839936,-0.5000000000000001,1.5000000000000007,3.00075,1.9,3.9000000000000004,2.90075,-2.9,3.9000000000000004,0.30074999999999985,-2.9,-0.8999999999999992,1.6007500000000001,1.9,-0.8999999999999992,-1.1992500000000001
5.334492033142416,4.902927940432668,3.5491072283077134,2.3997787821139234,-0.5500000000000002,1.5000000000000007,3.00075,1.8499999999999996,3.9000000000000004,2.90075,-2.95,3.9000000000000004,0.30074999999999985,-2.95,-0.8999999999999992,1.6007500000000001,1.8499999999999996,-0.8999999999999992,-1.1992500000000001
5.312160266264429,4.976503141075666,3.583752249841316,2.3442499214511505,-0.6000000000000002,1.5000000000000007,3.00075,1.7999999999999998,3.9000000000000004,2.90075,-3.0,3.9000000000000004,0.30074999999999985,-3.0,-0.8999999999999992,1.6007500000000001,1.7999999999999998,-0.8999999999999992,-1.1992500000000001
5.2546129387825316,5.076918148622921,3.631874591443208,2.3407572281691325,-0.6500000000000002,1.5000000000000007,3.00075,1.7499999999999996,3.9000000000000004,2.90075,-3.0500000000000003,3.9000000000000004,0.30074999999999985,-3.0500000000000003,-0.8999999999999992,1.6007500000000001,1.7499999999999996,-0.8999999999999992,-1.1992500000000001
5.178238202654389,5.096314368339436,3.692548879097844,2.2984373526119812,-0.7000000000000003,1.5000000000000007,3.00075,1.6999999999999997,3.9000000000000004,2.90075,-3.1,3.9000000000000004,0.30074999999999985,-3.1,-0.8999999999999992,1.6007500000000001,1.6999999999999997,-0.8999999999999992,-1.1992500000000001
5.273787446822773,5.115325137452406,3.6888094751152325,2.2615823332496108,-0.7500000000000003,1.5000000000000007,3.00075,1.6499999999999995,3.9000000000000004,2.90075,-3.1500000000000004,3.9000000000000004,0.30074999999999985,-3.1500000000000004,-0.8999999999999992,1.6007500000000001,1.6499999999999995,-0.8999999999999992,-1.1992500000000001
5.153165881587319,5.125905435144966,3.7546254148072804,2.2153960238523176,-0.8000000000000004,1.5000000000000007,3.00075,1.5999999999999996,3.9000000000000004,2.90075,-3.2,3.9000000000000004,0.30074999999999985,-3.2,-0.8999999999999992,1.6007500000000001,1.5999999999999996,-0.8999999999999992,-1.1992500000000001
5.135739766448659,5.159953756084248,3.8144028131383005,2.179440467076196,-0.8500000000000004,1.5000000000000007,3.00075,1.5499999999999994,3.9000000000000004,2.90075,-3.2500000000000004,3.9000000000000004,0.30074999999999985,-3.2500000000000004,-0.8999999999999992,1.6007500000000001,1.5499999999999994,-0.8999999999999992,-1.1992500000000001
5.175685220528964,5.208634745827811,3.8887713937873847,2.1744722750153125,-0.9000000000000005,1.5000000000000007,3.00075,1.4999999999999996,3.9000000000000004,2.90075,-3.3000000000000003,3.9000000000000004,0.30074999999999985,-3.3000000000000003,-0.8999999999999992,1.6007500000000001,1.4999999999999996,-0.8999999999999992,-1.1992500000000001
5.186478265179527,5.243333355776641,3.8909650008676433,2.123811874613666,-0.9500000000000005,1.5000000000000007,3.00075,1.4499999999999993,3.9000000000000004,2.90075,-3.3500000000000005,3.9000000000000004,0.30074999999999985,-3.3500000000000005,-0.8999999999999992,1.6007500000000001,1.4499999999999993,-0.8999999999999992,-1.1992500000000001
5.130706125034624,5.243172360890889,3.941235753329672,2.0825613599295867,-1.0000000000000004,1.5000000000000007,3.00075,1.3999999999999995,3.9000000000000004,2.90075,-3.4000000000000004,3.9000000000000004,0.30074999999999985,-3.4000000000000004,-0.8999999999999992,1.6007500000000001,1.3999999999999995,-0.8999999999999992,-1.1992500000000001
5.1429412914302555,5.339194448016043,3.917272416115623,2.068740923039334,-1.0500000000000005,1.5000000000000007,3.00075,1.3499999999999994,3.9000000000000004,2.90075,-3.45,3.9000000000000004,0.30074999999999985,-3.45,-0.8999999999999992,1.6007500000000001,1.3499999999999994,-0.8999999999999992,-1.1992500000000001
5.0341275774423115,5.324040950118409,4.001472775732662,1.9890871047137937,-1.1000000000000005,1.5000000000000007,3.00075,1.2999999999999994,3.9000000000000004,2.90075,-3.5000000000000004,3.9000000000000004,0.30074999999999985,-3.5000000000000004,-0.8999999999999992,1.6007500000000001,1.2999999999999994,-0.8999999999999992,-1.1992500000000001
5.062573571299387,5.33582867377966,4.086337179668084,1.98612959869354,-1.1500000000000006,1.5000000000000007,3.00075,1.2499999999999993,3.9000000000000004,2.90075,-3.5500000000000007,3.9000000000000004,0.30074999999999985,-3.5500000000000007,-0.8999999999999992,1.6007500000000001,1.2499999999999993,-0.8999999999999992,-1.1992500000000001
5.018604990178784,5.400691772726732,4.145896416307051,1.9378458430314465,-1.2000000000000006,1.5000000000000007,3.00075,1.1999999999999993,3.9000000000000004,2.90075,-3.6000000000000005,3.9000000000000004,0.30074999999999985,-3.6000000000000005,-0.8999999999999992,1.6007500000000001,1.1999999999999993,-0.8999999999999992,-1.1992500000000001
4.999576411980998,5.351875125356968,4.131811094985234,1.9091747656881901,-1.2500000000000007,1.5000000000000007,3.00075,1.1499999999999992,3.9000000000000004,2.90075,-3.6500000000000004,3.9000000000000004,0.30074999999999985,-3.6500000000000004,-0.8999999999999992,1.6007500000000001,1.1499999999999992,-0.8999999999999992,-1.1992500000000001
5.094391934392751,5.515031428572618,4.2517090355267895,1.8964710454950326,-1.3000000000000007,1.5000000000000007,3.00075,1.0999999999999992,3.9000000000000004,2.90075,-3.7000000000000006,3.9000000000000004,0.30074999999999985,-3.7000000000000006,-0.8999999999999992,1.6007500000000001,1.0999999999999992,-0.8999999999999992,-1.1992500000000001
4.990921894235534,5.566368095244072,4.190374116315579,1.8773766034192945,-1.3500000000000008,1.5000000000000007,3.00075,1.0499999999999992,3.9000000000000004,2.90075,-3.750000000000001,3.9000000000000004,0.30074999999999985,-3.750000000000001,-0.8999999999999992,1.6007500000000001,1.0499999999999992,-0.8999999999999992,-1.1992500000000001
5.002752629750143,5.566165684272005,4.285319493093375,1.8544345646680203,-1.4000000000000008,1.5000000000000007,3.00075,0.9999999999999991,3.9000000000000004,2.90075,-3.8000000000000007,3.9000000000000004,0.30074999999999985,-3.8000000000000007,-0.8999999999999992,1.6007500000000001,0.9999999999999991,-0.8999999999999992,-1.1992500000000001
5.020487178962046,5.522677976825009,4.356124959198922,1.816220842448162,-1.4500000000000008,1.5000000000000007,3.00075,0.9499999999999991,3.9000000000000004,2.90075,-3.8500000000000005,3.9000000000000004,0.30074999999999985,-3.8500000000000005,-0.8999999999999992,1.6007500000000001,0.9499999999999991,-0.8999999999999992,-1.1992500000000001
5.000016476636011,5.597682496638152,4.371002152496681,1.7995477888324314,-1.5000000000000009,1.5000000000000007,3.00075,0.899999999999999,3.9000000000000004,2.90075,-3.900000000000001,3.9000000000000004,0.30074999999999985,-3.900000000000001,-0.8999999999999992,1.6007500000000001,0.899999999999999,-0.8999999999999992,-1.1992500000000001
5.049537876601547,5.612601123893056,4.420036021974059,1.7903068931318253,-1.5000000000000009,1.4500000000000006,3.00075,0.899999999999999,3.8500000000000005,2.90075,-3.900000000000001,3.8500000000000005,0.30074999999999985,-3.900000000000001,-0.9499999999999993,1.6007500000000001,0.899999999999999,-0.9499999999999993,-1.1992500000000001
4.979330419622275,5.613822916964543,4.414623662002626,1.8436291678686887,-1.5000000000000009,1.4000000000000006,3.00075,0.899999999999999,3.8000000000000007,2.90075,-3.900000000000001,3.8000000000000007,0.30074999999999985,-3.900000000000001,-0.9999999999999993,1.6007500000000001,0.899999999999999,-0.9999999999999993,-1.1992500000000001
4.96814176612784,5.42704224402109,4.395341680164161,1.8350261061577853,-1.5000000000000009,1.3500000000000005,3.00075,0.899999999999999,3.7500000000000004,2.90075,-3.900000000000001,3.7500000000000004,0.30074999999999985,-3.900000000000001,-1.0499999999999994,1.6007500000000001,0.899999999999999,-1.0499999999999994,-1.1992500000000001
4.79978367844618,5.5392077416303005,4.394169038622731,1.8959467450111065,-1.5000000000000009,1.3000000000000005,3.00075,0.899999999999999,3.7,2.90075,-3.900000000000001,3.7,0.30074999999999985,-3.900000000000001,-1.0999999999999994,1.6007500000000001,0.899999999999999,-1.0999999999999994,-1.1992500000000001
4.889681691487192,5.466273777287419,4.408409594788905,1.895782472127107,-1.5000000000000009,1.2500000000000004,3.00075,0.899999999999999,3.6500000000000004,2.90075,-3.900000000000001,3.6500000000000004,0.30074999999999985,-3.900000000000001,-1.1499999999999995,1.6007500000000001,0.899999999999999,-1.1499999999999995,-1.1992500000000001
4.750358880043329,5.407348242494005,4.410046448585957,1.9646295263139795,-1.5000000000000009,1.2000000000000004,3.00075,0.899999999999999,3.6000000000000005,2.90075,-3.900000000000001,3.6000000000000005,0.30074999999999985,-3.900000000000001,-1.1999999999999995,1.6007500000000001,0.899999999999999,-1.1999999999999995,-1.1992500000000001
4.7586060103274965,5.326221995397778,4.401967496285863,1.9647096764460772,-1.5000000000000009,1.1500000000000004,3.00075,0.899999999999999,3.5500000000000003,2.90075,-3.900000000000001,3.5500000000000003,0.30074999999999985,-3.900000000000001,-1.2499999999999996,1.6007500000000001,0.899999999999999,-1.2499999999999996,-1.1992500000000001
4.703722551481889,5.376335550376718,4.452846342800983,2.003744461102843,-1.5000000000000009,1.1000000000000003,3.00075,0.899999999999999,3.5,2.90075,-3.900000000000001,3.5,0.30074999999999985,-3.900000000000001,-1.2999999999999996,1.6007500000000001,0.899999999999999,-1.2999999999999996,-1.1992500000000001
4.646649115083095,5.331301800650746,4.427635882147403,2.0255112581345496,-1.5000000000000009,1.0500000000000003,3.00075,0.899999999999999,3.45,2.90075,-3.900000000000001,3.45,0.30074999999999985,-3.900000000000001,-1.3499999999999996,1.6007500000000001,0.899999999999999,-1.3499999999999996,-1.1992500000000001
4.636231145613323,5.188456507378164,4.481991884051947,2.1004969274784693,-1.5000000000000009,1.0000000000000002,3.00075,0.899999999999999,3.4000000000000004,2.90075,-3.900000000000001,3.4000000000000004,0.30074999999999985,-3.900000000000001,-1.3999999999999997,1.6007500000000001,0.899999999999999,-1.3999999999999997,-1.1992500000000001
4.634296766435714,5.200614884396908,4.552745615673914,2.1084118872006816,-1.5000000000000009,0.9500000000000002,3.00075,0.899999999999999,3.35,2.90075,-3.900000000000001,3.35,0.30074999999999985,-3.900000000000001,-1.4499999999999997,1.6007500000000001,0.899999999999999,-1.4499999999999997,-1.1992500000000001
4.564934699365993,5.215069178143118,4.561105476619742,2.1268924552497612,-1.5000000000000009,0.9000000000000001,3.00075,0.899999999999999,3.3,2.90075,-3.900000000000001,3.3,0.30074999999999985,-3.900000000000001,-1.4999999999999998,1.6007500000000001,0.899999999999999,-1.4999999999999998,-1.1992500000000001
4.5808286150783895,5.227208439868927,4.5749332898612565,2.1856798163209517,-1.5000000000000009,0.8500000000000001,3.00075,0.899999999999999,3.25,2.90075,-3.900000000000001,3.25,0.30074999999999985,-3.900000000000001,-1.5499999999999998,1.6007500000000001,0.899999999999999,-1.5499999999999998,-1.1992500000000001
4.5267378496323705,5.115176083457161,4.63496430720584,2.219530490247605,-1.5000000000000009,0.8,3.00075,0.899999999999999,3.2,2.90075,-3.900000000000001,3.2,0.30074999999999985,-3.900000000000001,-1.5999999999999999,1.6007500000000001,0.899999999999999,-1.5999999999999999,-1.1992500000000001
4.420201598132004,5.144730347306543,4.6090744990487,2.2892054653113254,-1.5000000000000009,0.75,3.00075,0.899999999999999,3.15,2.90075,-3.900000000000001,3.15,0.30074999999999985,-3.900000000000001,-1.65,1.6007500000000001,0.899999999999999,-1.65,-1.1992500000000001
4.3932151240632695,5.054287836390433,4.565264609515837,2.295542630434862,-1.5000000000000009,0.7,3.00075,0.899999999999999,3.0999999999999996,2.90075,-3.900000000000001,3.0999999999999996,0.30074999999999985,-3.900000000000001,-1.7,1.6007500000000001,0.899999999999999,-1.7,-1.1992500000000001
4.340725620374758,5.041728772944702,4.6343772443101825,2.3334421484551546,-1.5000000000000009,0.6499999999999999,3.00075,0.899999999999999,3.05,2.90075,-3.900000000000001,3.05,0.30074999999999985,-3.900000000000001,-1.75,1.6007500000000001,0.899999999999999,-1.75,-1.1992500000000001
4.274609260668501,5.031223496663902,4.670090863606456,2.40251533390192,-1.5000000000000009,0.5999999999999999,3.00075,0.899999999999999,3.0,2.90075,-3.900000000000001,3.0,0.30074999999999985,-3.900000000000001,-1.8,1.6007500000000001,0.899999999999999,-1.8,-1.1992500000000001
4.308094177138308,4.90987298827789,4.659987795992472,2.446924830270331,-1.5000000000000009,0.5499999999999998,3.00075,0.899999999999999,2.9499999999999997,2.90075,-3.900000000000001,2.9499999999999997,0.30074999999999985,-3.900000000000001,-1.85,1.6007500000000001,0.899999999999999,-1.85,-1.1992500000000001
4.283040632540754,5.000284608143572,4.667607482798881,2.4401751753479113,-1.5000000000000009,0.49999999999999983,3.00075,0.899999999999999,2.9,2.90075,-3.900000000000001,2.9,0.30074999999999985,-3.900000000000001,-1.9000000000000001,1.6007500000000001,0.899999999999999,-1.9000000000000001,-1.1992500000000001
4.289742601291049,4.949380957743876,4.781794949786383,2.5200644008435877,-1.5000000000000009,0.44999999999999984,3.00075,0.899999999999999,2.8499999999999996,2.90075,-3.900000000000001,2.8499999999999996,0.30074999999999985,-3.900000000000001,-1.9500000000000002,1.6007500000000001,0.899999999999999,-1.9500000000000002,-1.1992500000000001
4.220846707436363,4.929772920604258,4.737422242826272,2.5091118371442636,-1.5000000000000009,0.39999999999999986,3.00075,0.899999999999999,2.8,2.90075,-3.900000000000001,2.8,0.30074999999999985,-3.900000000000001,-2.0,1.6007500000000001,0.899999999999999,-2.0,-1.1992500000000001
4.208544733805032,4.842022850546203,4.8239660025949105,2.5495215880381803,-1.5000000000000009,0.34999999999999987,3.00075,0.899999999999999,2.75,2.90075,-3.900000000000001,2.75,0.30074999999999985,-3.900000000000001,-2.05,1.6007500000000001,0.899999999999999,-2.05,-1.1992500000000001
4.077117380479444,4.772603969340703,4.769760668729666,2.6299136459045562,-1.5000000000000009,0.2999999999999999,3.00075,0.899999999999999,2.6999999999999997,2.90075,-3.900000000000001,2.6999999999999997,0.30074999999999985,-3.900000000000001,-2.1,1.6007500000000001,0.899999999999999,-2.1,-1.1992500000000001
4.069101420583516,4.743911024063283,4.800948017045258,2.6472875692894684,-1.5000000000000009,0.2499999999999999,3.00075,0.899999999999999,2.65,2.90075,-3.900000000000001,2.65,0.30074999999999985,-3.900000000000001,-2.15,1.6007500000000001,0.899999999999999,-2.15,-1.1992500000000001
4.040039734811829,4.786165695315192,4.77564063080957,2.6955547045554686,-1.5000000000000009,0.1999999999999999,3.00075,0.899999999999999,2.5999999999999996,2.90075,-3.900000000000001,2.5999999999999996,0.30074999999999985,-3.900000000000001,-2.2,1.6007500000000001,0.899999999999999,-2.2,-1.1992500000000001
4.006613512207855,4.763511822348089,4.8424734651424695,2.7787360727037766,-1.5000000000000009,0.1499999999999999,3.00075,0.899999999999999,2.55,2.90075,-3.900000000000001,2.55,0.30074999999999985,-3.900000000000001,-2.25,1.6007500000000001,0.899999999999999,-2.25,-1.1992500000000001
3.998761658958731,4.757992754905403,4.9221749927381655,2.7910397695891653,-1.5000000000000009,0.09999999999999991,3.00075,0.899999999999999,2.5,2.90075,-3.900000000000001,2.5,0.30074999999999985,-3.900000000000001,-2.3,1.6007500000000001,0.899999999999999,-2.3,-1.1992500000000001
3.902957386370003,4.681399673875442,4.897544882289544,2.838576064606632,-1.5000000000000009,0.049999999999999906,3.00075,0.899999999999999,2.4499999999999997,2.90075,-3.900000000000001,2.4499999999999997,0.30074999999999985,-3.900000000000001,-2.35,1.6007500000000001,0.899999999999999,-2.35,-1.1992500000000001
3.9171395860657325,4.597319668488194,4.89173243884402,2.841891940771151,-1.5000000000000009,-9.71445146547012e-17,3.00075,0.899999999999999,2.4,2.90075,-3.900000000000001,2.4,0.30074999999999985,-3.900000000000001,-2.4,1.6007500000000001,0.899999999999999,-2.4,-1.1992500000000001
3.8753532994444657,4.63098341099208,5.011548042269239,2.9097306442486537,-1.5000000000000009,-0.0500000000000001,3.00075,0.899999999999999,2.3499999999999996,2.90075,-3.900000000000001,2.3499999999999996,0.30074999999999985,-3.900000000000001,-2.45,1.6007500000000001,0.899999999999999,-2.45,-1.1992500000000001
3.81373314580967,4.623513238671593,4.906434838447763,2.9526928307770723,-1.5000000000000009,-0.1000000000000001,3.00075,0.899999999999999,2.3,2.90075,-3.900000000000001,2.3,0.30074999999999985,-3.900000000000001,-2.5,1.6007500000000001,0.899999999999999,-2.5,-1.1992500000000001
3.888284056507639,4.520579569730123,5.048775728014107,3.013549410211923,-1.5000000000000009,-0.1500000000000001,3.00075,0.899999999999999,2.25,2.90075,-3.900000000000001,2.25,0.30074999999999985,-3.900000000000001,-2.55,1.6007500000000001,0.899999999999999,-2.55,-1.1992500000000001
3.843610512770155,4.608601264121046,5.088538877779851,3.0588745039167686,-1.5000000000000009,-0.20000000000000012,3.00075,0.899999999999999,2.1999999999999997,2.90075,-3.900000000000001,2.1999999999999997,0.30074999999999985,-3.900000000000001,-2.6,1.6007500000000001,0.899999999999999,-2.6,-1.1992500000000001
3.8143798620345817,4.5160004632021815,5.095838726302295,3.0737272289517104,-1.5000000000000009,-0.2500000000000001,3.00075,0.899999999999999,2.15,2.90075,-3.900000000000001,2.15,0.30074999999999985,-3.900000000000001,-2.65,1.6007500000000001,0.899999999999999,-2.65,-1.1992500000000001
3.7499708866414667,4.502651595669781,5.131413251276012,3.1746935565811185,-1.5000000000000009,-0.3000000000000001,3.00075,0.899999999999999,2.0999999999999996,2.90075,-3.900000000000001,2.0999999999999996,0.30074999999999985,-3.900000000000001,-2.7,1.6007500000000001,0.899999999999999,-2.7,-1.1992500000000001
3.680175485802804,4.4215606913125916,5.061878631553246,3.213785845955679,-1.5000000000000009,-0.3500000000000001,3.00075,0.899999999999999,2.05,2.90075,-3.900000000000001,2.05,0.30074999999999985,-3.900000000000001,-2.75,1.6007500000000001,0.899999999999999,-2.75,-1.1992500000000001
3.6447955672333525,4.48948930428988,5.094206723761368,3.269666302689929,-1.5000000000000009,-0.4000000000000001,3.00075,0.899999999999999,1.9999999999999998,2.90075,-3.900000000000001,1.9999999999999998,0.30074999999999985,-3.900000000000001,-2.8,1.6007500000000001,0.899999999999999,-2.8,-1.1992500000000001
3.6425006888815674,4.410197191939127,5.130943494650747,3.2951965360197217,-1.5000000000000009,-0.45000000000000007,3.00075,0.899999999999999,1.9499999999999997,2.90075,-3.900000000000001,1.9499999999999997,0.30074999999999985,-3.900000000000001,-2.85,1.6007500000000001,0.899999999999999,-2.85,-1.1992500000000001
3.6129744623105493,4.386969907435674,5.175854969452779,3.3443743559436596,-1.5000000000000009,-0.5000000000000001,3.00075,0.899999999999999,1.9,2.90075,-3.900000000000001,1.9,0.30074999999999985,-3.900000000000001,-2.9,1.6007500000000001,0.899999999999999,-2.9,-1.1992500000000001
3.6023467763394437,4.408785652079521,5.236088525063265,3.3305460931445814,-1.5000000000000009,-0.5500000000000002,3.00075,0.899999999999999,1.8499999999999996,2.90075,-3.900000000000001,1.8499999999999996,0.30074999999999985,-3.900000000000001,-2.95,1.6007500000000001,0.899999999999999,-2.95,-1.1992500000000001
3.5412261672062004,4.318566768897552,5.295333185910101,3.4460983704733055,-1.5000000000000009,-0.6000000000000002,3.00075,0.899999999999999,1.7999999999999998,2.90075,-3.900000000000001,1.7999999999999998,0.30074999999999985,-3.900000000000001,-3.0,1.6007500000000001,0.899999999999999,-3.0,-1.1992500000000001
3.5911180712786956,4.349892559281241,5.225049057650766,3.4098941734339645,-1.5000000000000009,-0.6500000000000002,3.00075,0.899999999999999,1.7499999999999996,2.90075,-3.900000000000001,1.7499999999999996,0.30074999999999985,-3.900000000000001,-3.0500000000000003,1.6007500000000001,0.899999999999999,-3.0500000000000003,-1.1992500000000001
3.5499963100972662,4.341461650939122,5.2686520883475705,3.483237261489512,-1.5000000000000009,-0.7000000000000003,3.00075,0.899999999999999,1.6999999999999997,2.90075,-3.900000000000001,1.6999999999999997,0.30074999999999985,-3.900000000000001,-3.1,1.6007500000000001,0.899999999999999,-3.1,-1.1992500000000001
3.5549579216695486,4.316481745243061,5.284420110676146,3.5544299600721705,-1.5000000000000009,-0.7500000000000003,3.00075,0.899999999999999,1.6499999999999995,2.90075,-3.900000000000001,1.6499999999999995,0.30074999999999985,-3.900000000000001,-3.1500000000000004,1.6007500000000001,0.899999999999999,-3.1500000000000004,-1.1992500000000001
3.4949903916962404,4.241642040529391,5.338834937611483,3.5476604170113495,-1.5000000000000009,-0.8000000000000004,3.00075,0.899999999999999,1.5999999999999996,2.90075,-3.900000000000001,1.5999999999999996,0.30074999999999985,-3.900000000000001,-3.2,1.6007500000000001,0.899999999999999,-3.2,-1.1992500000000001
3.5054928664658562,4.328574681308366,5.467285550967949,3.5855459659515643,-1.5000000000000009,-0.8500000000000004,3.00075,0.899999999999999,1.5499999999999994,2.90075,-3.900000000000001,1.5499999999999994,0.30074999999999985,-3.900000000000001,-3.2500000000000004,1.6007500000000001,0.899999999999999,-3.2500000000000004,-1.1992500000000001
3.437426225639895,4.221759429416867,5.414346705424252,3.6453688945219587,-1.5000000000000009,-0.9000000000000005,3.00075,0.899999999999999,1.4999999999999996,2.90075,-3.900000000000001,1.4999999999999996,0.30074999999999985,-3.900000000000001,-3.3000000000000003,1.6007500000000001,0.899999999999999,-3.3000000000000003,-1.1992500000000001
3.413730724942312,4.25719355807784,5.5299208461858,3.677770361244571,-1.5000000000000009,-0.9500000000000005,3.00075,0.899999999999999,1.4499999999999993,2.90075,-3.900000000000001,1.4499999999999993,0.30074999999999985,-3.900000000000001,-3.3500000000000005,1.6007500000000001,0.899999999999999,-3.3500000000000005,-1.1992500000000001
3.4117467143406373,4.19200387621547,5.470810841188,3.7553637454290207,-1.5000000000000009,-1.0000000000000004,3.00075,0.899999999999999,1.3999999999999995,2.90075,-3.900000000000001,1.3999999999999995,0.30074999999999985,-3.900000000000001,-3.4000000000000004,1.6007500000000001,0.899999999999999,-3.4000000000000004,-1.1992500000000001
3.4048119991467822,4.235025273035026,5.583392774552631,3.8229079113478464,-1.5000000000000009,-1.0500000000000005,3.00075,0.899999999999999,1.3499999999999994,2.90075,-3.900000000000001,1.3499999999999994,0.30074999999999985,-3.900000000000001,-3.45,1.6007500000000001,0.899999999999999,-3.45,-1.1992500000000001
3.391380660657107,4.126635489015023,5.632959747195614,3.8480552258157723,-1.5000000000000009,-1.1000000000000005,3.00075,0.899999999999999,1.2999999999999994,2.90075,-3.900000000000001,1.2999999999999994,0.30074999999999985,-3.900000000000001,-3.5000000000000004,1.6007500000000001,0.899999999999999,-3.5000000000000004,-1.1992500000000001
3.350935046934898,4.166060984055709,5.633489673612363,3.9002842177422994,-1.5000000000000009,-1.1500000000000006,3.00075,0.899999999999999,1.2499999999999993,2.90075,-3.900000000000001,1.2499999999999993,0.30074999999999985,-3.900000000000001,-3.5500000000000007,1.6007500000000001,0.899999999999999,-3.5500000000000007,-1.1992500000000001
3.3111130405298788,4.161734713997672,5.627610355077633,3.941024027951683,-1.5000000000000009,-1.2000000000000006,3.00075,0.899999999999999,1.1999999999999993,2.90075,-3.900000000000001,1.1999999999999993,0.30074999999999985,-3.900000000000001,-3.6000000000000005,1.6007500000000001,0.899999999999999,-3.6000000000000005,-1.1992500000000001
3.31951598890236,4.089812924462074,5.605090917851315,3.9907127863402576,-1.5000000000000009,-1.2500000000000007,3.00075,0.899999999999999,1.1499999999999992,2.90075,-3.900000000000001,1.1499999999999992,0.30074999999999985,-3.900000000000001,-3.6500000000000004,1.6007500000000001,0.899999999999999,-3.6500000000000004,-1.1992500000000001
3.2780250478868838,4.144936485610484,5.616272072213404,4.057091923742594,-1.5000000000000009,-1.3000000000000007,3.00075,0.899999999999999,1.0999999999999992,2.90075,-3.900000000000001,1.0999999999999992,0.30074999999999985,-3.900000000000001,-3.7000000000000006,1.6007500000000001,0.899999999999999,-3.7000000000000006,-1.1992500000000001
3.2855978848000764,4.083175057656399,5.725569013994074,4.066848270985954,-1.5000000000000009,-1.3500000000000008,3.00075,0.899999999999999,1.0499999999999992,2.90075,-3.900000000000001,1.0499999999999992,0.30074999999999985,-3.900000000000001,-3.750000000000001,1.6007500000000001,0.899999999999999,-3.750000000000001,-1.1992500000000001
3.2168830785440843,4.102890433209443,5.7101035614657425,4.129752423706944,-1.5000000000000009,-1.4000000000000008,3.00075,0.899999999999999,0.9999999999999991,2.90075,-3.900000000000001,0.9999999999999991,0.30074999999999985,-3.900000000000001,-3.8000000000000007,1.6007500000000001,0.899999999999999,-3.8000000000000007,-1.1992500000000001
3.252019128171239,4.12294072554386,5.74434406450361,4.253513968258843,-1.5000000000000009,-1.4500000000000008,3.00075,0.899999999999999,0.9499999999999991,2.90075,-3.900000000000001,0.9499999999999991,0.30074999999999985,-3.900000000000001,-3.8500000000000005,1.6007500000000001,0.899999999999999,-3.8500000000000005,-1.1992500000000001
3.1837225323954934,4.0622504861214,5.772298914065284,4.238894651039322,-1.5000000000000009,-1.5000000000000009,3.00075,0.899999999999999,0.899999999999999,2.90075,-3.900000000000001,0.899999999999999,0.30074999999999985,-3.900000000000001,-3.900000000000001,1.6007500000000001,0.899999999999999,-3.900000000000001,-1.1992500000000001
3.2757360186638813,3.9818767163752553,5.729436054181425,4.263151673109582,-1.4500000000000008,-1.5000000000000009,3.00075,0.9499999999999991,0.899999999999999,2.90075,-3.8500000000000005,0.899999999999999,0.30074999999999985,-3.8500000000000005,-3.900000000000001,1.6007500000000001,0.9499999999999991,-3.900000000000001,-1.1992500000000001
3.2934188980623715,3.9408842915228925,5.786631839741584,4.321643881590989,-1.4000000000000008,-1.5000000000000009,3.00075,0.9999999999999991,0.899999999999999,2.90075,-3.8000000000000007,0.899999999999999,0.30074999999999985,-3.8000000000000007,-3.900000000000001,1.6007500000000001,0.9999999999999991,-3.900000000000001,-1.1992500000000001
3.2684831523506412,3.9353670722485603,5.754655770618982,4.282955872478611,-1.3500000000000008,-1.5000000000000009,3.00075,1.0499999999999992,0.899999999999999,2.90075,-3.750000000000001,0.899999999999999,0.30074999999999985,-3.750000000000001,-3.900000000000001,1.6007500000000001,1.0499999999999992,-3.900000000000001,-1.1992500000000001
3.2354597368431905,3.8527684622483003,5.749053967372376,4.236730633227461,-1.3000000000000007,-1.5000000000000009,3.00075,1.0999999999999992,0.899999999999999,2.90075,-3.7000000000000006,0.899999999999999,0.30074999999999985,-3.7000000000000006,-3.900000000000001,1.6007500000000001,1.0999999999999992,-3.900000000000001,-1.1992500000000001
3.328048343515072,3.867331125655826,5.633185925800023,4.3196049699991,-1.2500000000000007,-1.5000000000000009,3.00075,1.1499999999999992,0.899999999999999,2.90075,-3.6500000000000004,0.899999999999999,0.30074999999999985,-3.6500000000000004,-3.900000000000001,1.6007500000000001,1.1499999999999992,-3.900000000000001,-1.1992500000000001
3.297940482403444,3.813289183076351,5.7054118793794615,4.31695655341638,-1.2000000000000006,-1.5000000000000009,3.00075,1.1999999999999993,0.899999999999999,2.90075,-3.6000000000000005,0.899999999999999,0.30074999999999985,-3.6000000000000005,-3.900000000000001,1.6007500000000001,1.1999999999999993,-3.900000000000001,-1.1992500000000001
3.301275865071718,3.757251594542692,5.658385794989611,4.317120367793111,-1.1500000000000006,-1.5000000000000009,3.00075,1.2499999999999993,0.899999999999999,2.90075,-3.5500000000000007,0.899999999999999,0.30074999999999985,-3.5500000000000007,-3.900000000000001,1.6007500000000001,1.2499999999999993,-3.900000000000001,-1.1992500000000001
3.3114945125822337,3.637329055768878,5.62657717834074,4.374171424419883,-1.1000000000000005,-1.5000000000000009,3.00075,1.2999999999999994,0.899999999999999,2.90075,-3.5000000000000004,0.899999999999999,0.30074999999999985,-3.5000000000000004,-3.900000000000001,1.6007500000000001,1.2999999999999994,-3.900000000000001,-1.1992500000000001
3.3750451595824127,3.609861619796072,5.50594431751899,4.419868280777212,-1.0500000000000005,-1.5000000000000009,3.00075,1.3499999999999994,0.899999999999999,2.90075,-3.45,0.899999999999999,0.30074999999999985,-3.45,-3.900000000000001,1.6007500000000001,1.3499999999999994,-3.900000000000001,-1.1992500000000001
3.352269499693396,3.5884290701717876,5.5428924407296325,4.3999125947519895,-1.0000000000000004,-1.5000000000000009,3.00075,1.3999999999999995,0.899999999999999,2.90075,-3.4000000000000004,0.899999999999999,0.30074999999999985,-3.4000000000000004,-3.900000000000001,1.6007500000000001,1.3999999999999995,-3.900000000000001,-1.1992500000000001
3.3750887768611877,3.5679055022551287,5.530630654150146,4.454285040705653,-0.9500000000000004,-1.5000000000000009,3.00075,1.4499999999999995,0.899999999999999,2.90075,-3.3500000000000005,0.899999999999999,0.30074999999999985,-3.3500000000000005,-3.900000000000001,1.6007500000000001,1.4499999999999995,-3.900000000000001,-1.1992500000000001
3.4111079920826044,3.468993983647927,5.496040512291252,4.378430972307033,-0.9000000000000004,-1.5000000000000009,3.00075,1.4999999999999996,0.899999999999999,2.90075,-3.3000000000000003,0.899999999999999,0.30074999999999985,-3.3000000000000003,-3.900000000000001,1.6007500000000001,1.4999999999999996,-3.900000000000001,-1.1992500000000001
3.466441692440725,3.394441665419673,5.442212650994526,4.403275500476051,-0.8500000000000003,-1.5000000000000009,3.00075,1.5499999999999996,0.899999999999999,2.90075,-3.25,0.899999999999999,0.30074999999999985,-3.25,-3.900000000000001,1.6007500000000001,1.5499999999999996,-3.900000000000001,-1.1992500000000001
3.4814836348421663,3.419157745400941,5.361398740501496,4.457720412553525,-0.8000000000000003,-1.5000000000000009,3.00075,1.5999999999999996,0.899999999999999,2.90075,-3.2,0.899999999999999,0.30074999999999985,-3.2,-3.900000000000001,1.6007500000000001,1.5999999999999996,-3.900000000000001,-1.1992500000000001
3.5461194474258737,3.3004491358816,5.3286123144575255,4.493292572918961,-0.7500000000000002,-1.5000000000000009,3.00075,1.6499999999999997,0.899999999999999,2.90075,-3.1500000000000004,0.899999999999999,0.30074999999999985,-3.1500000000000004,-3.900000000000001,1.6007500000000001,1.6499999999999997,-3.900000000000001,-1.1992500000000001
3.5743513439215624,3.33843535985244,5.288070951969395,4.489633542101836,-0.7000000000000002,-1.5000000000000009,3.00075,1.6999999999999997,0.899999999999999,2.90075,-3.1,0.899999999999999,0.30074999999999985,-3.1,-3.900000000000001,1.6007500000000001,1.6999999999999997,-3.900000000000001,-1.1992500000000001
3.5815430416479352,3.264860092135592,5.273143206299403,4.504856267569018,-0.6500000000000001,-1.5000000000000009,3.00075,1.7499999999999998,0.899999999999999,2.90075,-3.05,0.899999999999999,0.30074999999999985,-3.05,-3.900000000000001,1.6007500000000001,1.7499999999999998,-3.900000000000001,-1.1992500000000001
3.6269066883364673,3.229311226943187,5.194346043095074,4.527109555418719,-0.6000000000000001,-1.5000000000000009,3.00075,1.7999999999999998,0.899999999999999,2.90075,-3.0,0.899999999999999,0.30074999999999985,-3.0,-3.900000000000001,1.6007500000000001,1.7999999999999998,-3.900000000000001,-1.1992500000000001
3.610825856829865,3.1693663691229914,5.15082228753151,4.508674303103887,-0.55,-1.5000000000000009,3.00075,1.8499999999999999,0.899999999999999,2.90075,-2.95,0.899999999999999,0.30074999999999985,-2.95,-3.900000000000001,1.6007500000000001,1.8499999999999999,-3.900000000000001,-1.1992500000000001
3.5896364154279308,3.075676490457997,5.198862615930758,4.541772282001135,-0.5,-1.5000000000000009,3.00075,1.9,0.899999999999999,2.90075,-2.9,0.899999999999999,0.30074999999999985,-2.9,-3.900000000000001,1.6007500000000001,1.9,-3.900000000000001,-1.1992500000000001
3.680130231190864,3.08029260461502,5.229777548998306,4.5297766170910885,-0.45,-1.5000000000000009,3.00075,1.95,0.899999999999999,2.90075,-2.85,0.899999999999999,0.30074999999999985,-2.85,-3.900000000000001,1.6007500000000001,1.95,-3.900000000000001,-1.1992500000000001
3.7314288476534982,3.0088716259620405,5.064573569651221,4.666732679444493,-0.4,-1.5000000000000009,3.00075,2.0,0.899999999999999,2.90075,-2.8,0.899999999999999,0.30074999999999985,-2.8,-3.900000000000001,1.6007500000000001,2.0,-3.900000000000001,-1.1992500000000001
3.6895489353480735,2.9929936914745983,5.0684545142115125,4.6203970901521805,-0.35000000000000003,-1.5000000000000009,3.00075,2.05,0.899999999999999,2.90075,-2.75,0.899999999999999,0.30074999999999985,-2.75,-3.900000000000001,1.6007500000000001,2.05,-3.900000000000001,-1.1992500000000001
3.7398666667318117,2.870153081065248,5.0673187914693925,4.626196621749614,-0.30000000000000004,-1.5000000000000009,3.00075,2.0999999999999996,0.899999999999999,2.90075,-2.7,0.899999999999999,0.30074999999999985,-2.7,-3.900000000000001,1.6007500000000001,2.0999999999999996,-3.900000000000001,-1.1992500000000001
3.7805381219688288,2.8902777473201127,5.081203193498242,4.7288795993173345,-0.25000000000000006,-1.5000000000000009,3.00075,2.15,0.899999999999999,2.90075,-2.65,0.899999999999999,0.30074999999999985,-2.65,-3.900000000000001,1.6007500000000001,2.15,-3.900000000000001,-1.1992500000000001
3.8053631607498666,2.8066208440555886,4.9592858042371475,4.6571358446455235,-0.20000000000000007,-1.5000000000000009,3.00075,2.1999999999999997,0.899999999999999,2.90075,-2.6,0.899999999999999,0.30074999999999985,-2.6,-3.900000000000001,1.6007500000000001,2.1999999999999997,-3.900000000000001,-1.1992500000000001
3.780032900972486,2.7574609468453186,4.955726991360658,4.756811272682493,-0.15000000000000008,-1.5000000000000009,3.00075,2.25,0.899999999999999,2.90075,-2.55,0.899999999999999,0.30074999999999985,-2.55,-3.900000000000001,1.6007500000000001,2.25,-3.900000000000001,-1.1992500000000001
3.8570313245831707,2.740308735681057,4.9872696479667455,4.696895954545345,-0.10000000000000007,-1.5000000000000009,3.00075,2.3,0.899999999999999,2.90075,-2.5,0.899999999999999,0.30074999999999985,-2.5,-3.900000000000001,1.6007500000000001,2.3,-3.900000000000001,-1.1992500000000001
3.947804253551165,2.658418806326919,4.97453262723378,4.768137977958313,-0.05000000000000007,-1.5000000000000009,3.00075,2.3499999999999996,0.899999999999999,2.90075,-2.45,0.899999999999999,0.30074999999999985,-2.45,-3.900000000000001,1.6007500000000001,2.3499999999999996,-3.900000000000001,-1.1992500000000001
3.9666897353749935,2.618706764061408,4.9549058718935495,4.745012227254622,-6.938893903907228e-17,-1.5000000000000009,3.00075,2.4,0.899999999999999,2.90075,-2.4,0.899999999999999,0.30074999999999985,-2.4,-3.900000000000001,1.6007500000000001,2.4,-3.900000000000001,-1.1992500000000001
3.9365521818327736,2.5552538307302632,4.8460740414567764,4.817446524104499,0.04999999999999993,-1.5000000000000009,3.00075,2.4499999999999997,0.899999999999999,2.90075,-2.35,0.899999999999999,0.30074999999999985,-2.35,-3.900000000000001,1.6007500000000001,2.4499999999999997,-3.900000000000001,-1.1992500000000001
3.9403389045088013,2.4896110093287818,4.916439060392393,4.837763549188466,0.09999999999999994,-1.5000000000000009,3.00075,2.5,0.899999999999999,2.90075,-2.3,0.899999999999999,0.30074999999999985,-2.3,-3.900000000000001,1.6007500000000001,2.5,-3.900000000000001,-1.1992500000000001
3.998834399689012,2.5091300257956477,4.895882911449383,4.825424144057987,0.14999999999999994,-1.5000000000000009,3.00075,2.55,0.899999999999999,2.90075,-2.25,0.899999999999999,0.30074999999999985,-2.25,-3.900000000000001,1.6007500000000001,2.55,-3.900000000000001,-1.1992500000000001
4.040589134158759,2.417549275874148,4.816795690645796,4.918362318126881,0.19999999999999996,-1.5000000000000009,3.00075,2.5999999999999996,0.899999999999999,2.90075,-2.2,0.899999999999999,0.30074999999999985,-2.2,-3.900000000000001,1.6007500000000001,2.5999999999999996,-3.900000000000001,-1.1992500000000001
4.1258709806794664,2.3897067579813887,4.738294593089636,4.887427513060171,0.24999999999999994,-1.5000000000000009,3.00075,2.65,0.899999999999999,2.90075,-2.15,0.899999999999999,0.30074999999999985,-2.15,-3.900000000000001,1.6007500000000001,2.65,-3.900000000000001,-1.1992500000000001
4.072355599992351,2.3193202972088973,4.728742182779899,4.894488086250629,0.29999999999999993,-1.5000000000000009,3.00075,2.6999999999999997,0.899999999999999,2.90075,-2.1,0.899999999999999,0.30074999999999985,-2.1,-3.900000000000001,1.6007500000000001,2.6999999999999997,-3.900000000000001,-1.1992500000000001
4.123082072642865,2.3263828250667347,4.802171341607513,4.933739674010934,0.3499999999999999,-1.5000000000000009,3.00075,2.75,0.899999999999999,2.90075,-2.05,0.899999999999999,0.30074999999999985,-2.05,-3.900000000000001,1.6007500000000001,2.75,-3.900000000000001,-1.1992500000000001
4.192146179543752,2.218845322333959,4.685703114711313,4.95020194118164,0.3999999999999999,-1.5000000000000009,3.00075,2.8,0.899999999999999,2.90075,-2.0,0.899999999999999,0.30074999999999985,-2.0,-3.900000000000001,1.6007500000000001,2.8,-3.900000000000001,-1.1992500000000001
4.281025220242508,2.183141251730207,4.736916359095621,4.994992659129605,0.4499999999999999,-1.5000000000000009,3.00075,2.8499999999999996,0.899999999999999,2.90075,-1.95,0.899999999999999,0.30074999999999985,-1.95,-3.900000000000001,1.6007500000000001,2.8499999999999996,-3.900000000000001,-1.1992500000000001
4.216220624369012,2.155801447226965,4.709685981764755,5.04036139003936,0.4999999999999999,-1.5000000000000009,3.00075,2.9,0.899999999999999,2.90075,-1.9,0.899999999999999,0.30074999999999985,-1.9,-3.900000000000001,1.6007500000000001,2.9,-3.900000000000001,-1.1992500000000001
4.287302446066602,2.138025907362151,4.668603443546182,5.11319427036155,0.5499999999999999,-1.5000000000000009,3.00075,2.9499999999999997,0.899999999999999,2.90075,-1.85,0.899999999999999,0.30074999999999985,-1.85,-3.900000000000001,1.6007500000000001,2.9499999999999997,-3.900000000000001,-1.1992500000000001
4.337419836521843,2.0833153241522,4.645027985952344,5.097141352475686,0.6,-1.5000000000000009,3.00075,3.0,0.899999999999999,2.90075,-1.7999999999999998,0.899999999999999,0.30074999999999985,-1.7999999999999998,-3.900000000000001,1.6007500000000001,3.0,-3.900000000000001,-1.1992500000000001
4.349093843699753,2.0367915920920066,4.6004847835736635,5.1570501510258,0.65,-1.5000000000000009,3.00075,3.05,0.899999999999999,2.90075,-1.75,0.899999999999999,0.30074999999999985,-1.75,-3.900000000000001,1.6007500000000001,3.05,-3.900000000000001,-1.1992500000000001
4.399398211141591,1.9484331829673767,4.617995185871558,5.202686126424133,0.7000000000000001,-1.5000000000000009,3.00075,3.1,0.899999999999999,2.90075,-1.6999999999999997,0.899999999999999,0.30074999999999985,-1.6999999999999997,-3.900000000000001,1.6007500000000001,3.1,-3.900000000000001,-1.1992500000000001
4.434028057091624,1.9336423572558372,4.555091739306802,5.198953744276055,0.7500000000000001,-1.5000000000000009,3.00075,3.15,0.899999999999999,2.90075,-1.65,0.899999999999999,0.30074999999999985,-1.65,-3.900000000000001,1.6007500000000001,3.15,-3.900000000000001,-1.1992500000000001
4.43843302138823,1.8797667654527952,4.632814888739381,5.330318063120364,0.8000000000000002,-1.5000000000000009,3.00075,3.2,0.899999999999999,2.90075,-1.5999999999999996,0.899999999999999,0.30074999999999985,-1.5999999999999996,-3.900000000000001,1.6007500000000001,3.2,-3.900000000000001,-1.1992500000000001
4.533435290720429,1.836401621021699,4.615883128157544,5.256008714212282,0.8500000000000002,-1.5000000000000009,3.00075,3.25,0.899999999999999,2.90075,-1.5499999999999998,0.899999999999999,0.30074999999999985,-1.5499999999999998,-3.900000000000001,1.6007500000000001,3.25,-3.900000000000001,-1.1992500000000001
4.60055841500462,1.81530439116046,4.569870807722915,5.2792188064032,0.9000000000000002,-1.5000000000000009,3.00075,3.3000000000000003,0.899999999999999,2.90075,-1.4999999999999996,0.899999999999999,0.30074999999999985,-1.4999999999999996,-3.900000000000001,1.6007500000000001,3.3000000000000003,-3.900000000000001,-1.1992500000000001
4.53421309696145,1.7486410761437057,4.568488066151457,5.333915805206073,0.9500000000000003,-1.5000000000000009,3.00075,3.35,0.899999999999999,2.90075,-1.4499999999999997,0.899999999999999,0.30074999999999985,-1.4499999999999997,-3.900000000000001,1.6007500000000001,3.35,-3.900000000000001,-1.1992500000000001
4.604649251296872,1.739680384148952,4.484689873037867,5.320310794109633,1.0000000000000002,-1.5000000000000009,3.00075,3.4000000000000004,0.899999999999999,2.90075,-1.3999999999999997,0.899999999999999,0.30074999999999985,-1.3999999999999997,-3.900000000000001,1.6007500000000001,3.4000000000000004,-3.900000000000001,-1.1992500000000001
4.704509692363865,1.6902034204589567,4.558940906558841,5.4622580992781185,1.0500000000000003,-1.5000000000000009,3.00075,3.45,0.899999999999999,2.90075,-1.3499999999999996,0.899999999999999,0.30074999999999985,-1.3499999999999996,-3.900000000000001,1.6007500000000001,3.45,-3.900000000000001,-1.1992500000000001
4.6392209862934815,1.6198101479514424,4.4648287253437315,5.383391726731733,1.1000000000000003,-1.5000000000000009,3.00075,3.5,0.899999999999999,2.90075,-1.2999999999999996,0.899999999999999,0.30074999999999985,-1.2999999999999996,-3.900000000000001,1.6007500000000001,3.5,-3.900000000000001,-1.1992500000000001
4.706370900265678,1.572742266024978,4.454696431326189,5.466893280154265,1.1500000000000004,-1.5000000000000009,3.00075,3.5500000000000003,0.899999999999999,2.90075,-1.2499999999999996,0.899999999999999,0.30074999999999985,-1.2499999999999996,-3.900000000000001,1.6007500000000001,3.5500000000000003,-3.900000000000001,-1.1992500000000001
4.836001986113183,1.5533778113684316,4.454831613893387,5.567886642623128,1.2000000000000004,-1.5000000000000009,3.00075,3.6000000000000005,0.899999999999999,2.90075,-1.1999999999999995,0.899999999999999,0.30074999999999985,-1.1999999999999995,-3.900000000000001,1.6007500000000001,3.6000000000000005,-3.900000000000001,-1.1992500000000001
4.800508032979095,1.4965697715727633,4.478888200107192,5.570838843485172,1.2500000000000004,-1.5000000000000009,3.00075,3.6500000000000004,0.899999999999999,2.90075,-1.1499999999999995,0.899999999999999,0.30074999999999985,-1.1499999999999995,-3.900000000000001,1.6007500000000001,3.6500000000000004,-3.900000000000001,-1.1992500000000001
4.791832911571805,1.473127831179808,4.459089551935854,5.628818474052349,1.3000000000000005,-1.5000000000000009,3.00075,3.7,0.899999999999999,2.90075,-1.0999999999999994,0.899999999999999,0.30074999999999985,-1.0999999999999994,-3.900000000000001,1.6007500000000001,3.7,-3.900000000000001,-1.1992500000000001
4.918357749105365,1.4465636926474037,4.468644925953379,5.687517725082081,1.3500000000000005,-1.5000000000000009,3.00075,3.7500000000000004,0.899999999999999,2.90075,-1.0499999999999994,0.899999999999999,0.30074999999999985,-1.0499999999999994,-3.900000000000001,1.6007500000000001,3.7500000000000004,-3.900000000000001,-1.1992500000000001
4.887541892232021,1.3963873608930906,4.358533910787431,5.7243379988727074,1.4000000000000006,-1.5000000000000009,3.00075,3.8000000000000007,0.899999999999999,2.90075,-0.9999999999999993,0.899999999999999,0.30074999999999985,-0.9999999999999993,-3.900000000000001,1.6007500000000001,3.8000000000000007,-3.900000000000001,-1.1992500000000001
5.007979819554859,1.3622799760564996,4.444063613295562,5.75629455907146,1.4500000000000006,-1.5000000000000009,3.00075,3.8500000000000005,0.899999999999999,2.90075,-0.9499999999999993,0.899999999999999,0.30074999999999985,-0.9499999999999993,-3.900000000000001,1.6007500000000001,3.8500000000000005,-3.900000000000001,-1.1992500000000001
4.992408488797529,1.3204012199036008,4.34705010428564,5.740378572846359,1.5000000000000007,-1.5000000000000009,3.00075,3.9000000000000004,0.899999999999999,2.90075,-0.8999999999999992,0.899999999999999,0.30074999999999985,-0.8999999999999992,-3.900000000000001,1.6007500000000001,3.9000000000000004,-3.900000000000001,-1.1992500000000001
5.0145468112838945,1.3539979997570732,4.346846598006439,5.732745641232244,1.5000000000000007,-1.4500000000000008,3.00075,3.9000000000000004,0.9499999999999991,2.90075,-0.8999999999999992,0.9499999999999991,0.30074999999999985,-0.8999999999999992,-3.8500000000000005,1.6007500000000001,3.9000000000000004,-3.8500000000000005,-1.1992500000000001
5.004613044025319,1.3947117406602632,4.305654066188857,5.688830736829734,1.5000000000000007,-1.4000000000000008,3.00075,3.9000000000000004,0.9999999999999991,2.90075,-0.8999999999999992,0.9999999999999991,0.30074999999999985,-0.8999999999999992,-3.8000000000000007,1.6007500000000001,3.9000000000000004,-3.8000000000000007,-1.1992500000000001
5.008419278679624,1.4334020959617468,4.201733907724266,5.706988572852951,1.5000000000000007,-1.3500000000000008,3.00075,3.9000000000000004,1.0499999999999992,2.90075,-0.8999999999999992,1.0499999999999992,0.30074999999999985,-0.8999999999999992,-3.750000000000001,1.6007500000000001,3.9000000000000004,-3.750000000000001,-1.1992500000000001
5.047183871773586,1.4761445320358033,4.159285029471417,5.609362318963068,1.5000000000000007,-1.3000000000000007,3.00075,3.9000000000000004,1.0999999999999992,2.90075,-0.8999999999999992,1.0999999999999992,0.30074999999999985,-0.8999999999999992,-3.7000000000000006,1.6007500000000001,3.9000000000000004,-3.7000000000000006,-1.1992500000000001
5.024661929592548,1.517082687514239,4.123258920070361,5.474796248459282,1.5000000000000007,-1.2500000000000007,3.00075,3.9000000000000004,1.1499999999999992,2.90075,-0.8999999999999992,1.1499999999999992,0.30074999999999985,-0.8999999999999992,-3.6500000000000004,1.6007500000000001,3.9000000000000004,-3.6500000000000004,-1.1992500000000001
5.149821028406422,1.5310036585934017,4.096117741097696,5.515084956470123,1.5000000000000007,-1.2000000000000006,3.00075,3.9000000000000004,1.1999999999999993,2.90075,-0.8999999999999992,1.1999999999999993,0.30074999999999985,-0.8999999999999992,-3.6000000000000005,1.6007500000000001,3.9000000000000004,-3.6000000000000005,-1.1992500000000001
5.1561207857489615,1.6006722305305179,4.022622620368149,5.492426989944602,1.5000000000000007,-1.1500000000000006,3.00075,3.9000000000000004,1.2499999999999993,2.90075,-0.8999999999999992,1.2499999999999993,0.30074999999999985,-0.8999999999999992,-3.5500000000000007,1.6007500000000001,3.9000000000000004,-3.5500000000000007,-1.1992500000000001
5.153313816705026,1.6255977614914379,4.0234704667328325,5.457902145582452,1.5000000000000007,-1.1000000000000005,3.00075,3.9000000000000004,1.2999999999999994,2.90075,-0.8999999999999992,1.2999999999999994,0.30074999999999985,-0.8999999999999992,-3.5000000000000004,1.6007500000000001,3.9000000000000004,-3.5000000000000004,-1.1992500000000001
5.134954285753855,1.6526032994161757,3.9330847484443683,5.388358053501999,1.5000000000000007,-1.0500000000000005,3.00075,3.9000000000000004,1.3499999999999994,2.90075,-0.8999999999999992,1.3499999999999994,0.30074999999999985,-0.8999999999999992,-3.45,1.6007500000000001,3.9000000000000004,-3.45,-1.1992500000000001
5.201004589772868,1.7048657836929468,3.9256998605049205,5.315843066148402,1.5000000000000007,-1.0000000000000004,3.00075,3.9000000000000004,1.3999999999999995,2.90075,-0.8999999999999992,1.3999999999999995,0.30074999999999985,-0.8999999999999992,-3.4000000000000004,1.6007500000000001,3.9000000000000004,-3.4000000000000004,-1.1992500000000001
5.142878506441152,1.7345351376276925,3.903751606262279,5.33868161088813,1.5000000000000007,-0.9500000000000004,3.00075,3.9000000000000004,1.4499999999999995,2.90075,-0.8999999999999992,1.4499999999999995,0.30074999999999985,-0.8999999999999992,-3.3500000000000005,1.6007500000000001,3.9000000000000004,-3.3500000000000005,-1.1992500000000001
5.206541156469823,1.8188685698974572,3.8262546378059965,5.257200106009926,1.5000000000000007,-0.9000000000000004,3.00075,3.9000000000000004,1.4999999999999996,2.90075,-0.8999999999999992,1.4999999999999996,0.30074999999999985,-0.8999999999999992,-3.3000000000000003,1.6007500000000001,3.9000000000000004,-3.3000000000000003,-1.1992500000000001
5.237171854874824,1.8476462860176912,3.7582030214219433,5.299937609497043,1.5000000000000007,-0.8500000000000003,3.00075,3.9000000000000004,1.5499999999999996,2.90075,-0.8999999999999992,1.5499999999999996,0.30074999999999985,-0.8999999999999992,-3.25,1.6007500000000001,3.9000000000000004,-3.25,-1.1992500000000001
5.171350488918348,1.8933918271913062,3.715180457555274,5.291253108853936,1.5000000000000007,-0.8000000000000003,3.00075,3.9000000000000004,1.5999999999999996,2.90075,-0.8999999999999992,1.5999999999999996,0.30074999999999985,-0.8999999999999992,-3.2,1.6007500000000001,3.9000000000000004,-3.2,-1.1992500000000001
5.185756530052467,1.9236914672298142,3.723072103302363,5.191272142519147,1.5000000000000007,-0.7500000000000002,3.00075,3.9000000000000004,1.6499999999999997,2.90075,-0.8999999999999992,1.6499999999999997,0.30074999999999985,-0.8999999999999992,-3.1500000000000004,1.6007500000000001,3.9000000000000004,-3.1500000000000004,-1.1992500000000001
5.21036992774894,1.972885084906342,3.621309228183645,5.220497735602322,1.5000000000000007,-0.7000000000000002,3.00075,3.9000000000000004,1.6999999999999997,2.90075,-0.8999999999999992,1.6999999999999997,0.30074999999999985,-0.8999999999999992,-3.1,1.6007500000000001,3.9000000000000004,-3.1,-1.1992500000000001
5.262479012399842,1.9967563836016626,3.6585222379189957,5.122745273086484,1.5000000000000007,-0.6500000000000001,3.00075,3.9000000000000004,1.7499999999999998,2.90075,-0.8999999999999992,1.7499999999999998,0.30074999999999985,-0.8999999999999992,-3.05,1.6007500000000001,3.9000000000000004,-3.05,-1.1992500000000001
5.230275294516635,2.06846175349841,3.6200732468282233,5.1682661956333416,1.5000000000000007,-0.6000000000000001,3.00075,3.9000000000000004,1.7999999999999998,2.90075,-0.8999999999999992,1.7999999999999998,0.30074999999999985,-0.8999999999999992,-3.0,1.6007500000000001,3.9000000000000004,-3.0,-1.1992500000000001
5.226066695780934,2.0995594806819438,3.5471463930076457,5.035175392259602,1.5000000000000007,-0.55,3.00075,3.9000000000000004,1.8499999999999999,2.90075,-0.8999999999999992,1.8499999999999999,0.30074999999999985,-0.8999999999999992,-2.95,1.6007500000000001,3.9000000000000004,-2.95,-1.1992500000000001
5.295727454190109,2.140560300558775,3.480312024457456,5.033062997176423,1.5000000000000007,-0.5,3.00075,3.9000000000000004,1.9,2.90075,-0.8999999999999992,1.9,0.30074999999999985,-0.8999999999999992,-2.9,1.6007500000000001,3.9000000000000004,-2.9,-1.1992500000000001
5.24975295577315,2.226338640884599,3.4176333782905277,5.0589665009570535,1.5000000000000007,-0.45,3.00075,3.9000000000000004,1.95,2.90075,-0.8999999999999992,1.95,0.30074999999999985,-0.8999999999999992,-2.85,1.6007500000000001,3.9000000000000004,-2.85,-1.1992500000000001
5.4062912439658195,2.2150501045368323,3.3692994982163524,5.075111098680969,1.5000000000000007,-0.4,3.00075,3.9000000000000004,2.0,2.90075,-0.8999999999999992,2.0,0.30074999999999985,-0.8999999999999992,-2.8,1.6007500000000001,3.9000000000000004,-2.8,-1.1992500000000001
5.3426195959194684,2.2693625422839974,3.37275913721928,4.958137782019185,1.5000000000000007,-0.35000000000000003,3.00075,3.9000000000000004,2.05,2.90075,-0.8999999999999992,2.05,0.30074999999999985,-0.8999999999999992,-2.75,1.6007500000000001,3.9000000000000004,-2.75,-1.1992500000000001
5.302619447396989,2.367752561478451,3.3520228715968714,5.03898676166579,1.5000000000000007,-0.30000000000000004,3.00075,3.9000000000000004,2.0999999999999996,2.90075,-0.8999999999999992,2.0999999999999996,0.30074999999999985,-0.8999999999999992,-2.7,1.6007500000000001,3.9000000000000004,-2.7,-1.1992500000000001
5.419817263716327,2.4151726989340423,3.2297498115892744,5.005214496319056,1.5000000000000007,-0.25000000000000006,3.00075,3.9000000000000004,2.15,2.90075,-0.8999999999999992,2.15,0.30074999999999985,-0.8999999999999992,-2.65,1.6007500000000001,3.9000000000000004,-2.65,-1.1992500000000001
5.367677553843882,2.4514124837290967,3.262461245964125,4.891085665215941,1.5000000000000007,-0.20000000000000007,3.00075,3.9000000000000004,2.1999999999999997,2.90075,-0.8999999999999992,2.1999999999999997,0.30074999999999985,-0.8999999999999992,-2.6,1.6007500000000001,3.9000000000000004,-2.6,-1.1992500000000001
5.398838789755645,2.4941694890961776,3.2340876715665456,4.931437998583051,1.5000000000000007,-0.15000000000000008,3.00075,3.9000000000000004,2.25,2.90075,-0.8999999999999992,2.25,0.30074999999999985,-0.8999999999999992,-2.55,1.6007500000000001,3.9000000000000004,-2.55,-1.1992500000000001
5.412782558809455,2.547299496148181,3.1785090515202397,4.812178877014426,1.5000000000000007,-0.10000000000000007,3.00075,3.9000000000000004,2.3,2.90075,-0.8999999999999992,2.3,0.30074999999999985,-0.8999999999999992,-2.5,1.6007500000000001,3.9000000000000004,-2.5,-1.1992500000000001
5.422730662346388,2.5769984454286243,3.128704491475257,4.782558533406395,1.5000000000000007,-0.05000000000000007,3.00075,3.9000000000000004,2.3499999999999996,2.90075,-0.8999999999999992,2.3499999999999996,0.30074999999999985,-0.8999999999999992,-2.45,1.6007500000000001,3.9000000000000004,-2.45,-1.1992500000000001
5.426790953231916,2.583011262090477,3.044478136556815,4.81918838295783,1.5000000000000007,-6.938893903907228e-17,3.00075,3.9000000000000004,2.4,2.90075,-0.8999999999999992,2.4,0.30074999999999985,-0.8999999999999992,-2.4,1.6007500000000001,3.9000000000000004,-2.4,-1.1992500000000001
5.516546197751909,2.6690452128274624,3.029691655964506,4.78368213943534,1.5000000000000007,0.04999999999999993,3.00075,3.9000000000000004,2.4499999999999997,2.90075,-0.8999999999999992,2.4499999999999997,0.30074999999999985,-0.8999999999999992,-2.35,1.6007500000000001,3.9000000000000004,-2.35,-1.1992500000000001
5.476325705850351,2.6930670168329374,2.9901984530321486,4.766907862237329,1.5000000000000007,0.09999999999999994,3.00075,3.9000000000000004,2.5,2.90075,-0.8999999999999992,2.5,0.30074999999999985,-0.8999999999999992,-2.3,1.6007500000000001,3.9000000000000004,-2.3,-1.1992500000000001
5.619194793241225,2.794228774809283,2.9337763067249414,4.663224388295799,1.5000000000000007,0.14999999999999994,3.00075,3.9000000000000004,2.55,2.90075,-0.8999999999999992,2.55,0.30074999999999985,-0.8999999999999992,-2.25,1.6007500000000001,3.9000000000000004,-2.25,-1.1992500000000001
5.55519656780957,2.8472267220899767,2.9408948657387906,4.6863777342116215,1.5000000000000007,0.19999999999999996,3.00075,3.9000000000000004,2.5999999999999996,2.90075,-0.8999999999999992,2.5999999999999996,0.30074999999999985,-0.8999999999999992,-2.2,1.6007500000000001,3.9000000000000004,-2.2,-1.1992500000000001
5.6390017715320155,2.8733244093188945,2.8419113135303595,4.630623824661234,1.5000000000000007,0.24999999999999994,3.00075,3.9000000000000004,2.65,2.90075,-0.8999999999999992,2.65,0.30074999999999985,-0.8999999999999992,-2.15,1.6007500000000001,3.9000000000000004,-2.15,-1.1992500000000001
5.5818887411253115,2.9375511458259815,2.842202872307768,4.64636660025488,1.5000000000000007,0.29999999999999993,3.00075,3.9000000000000004,2.6999999999999997,2.90075,-0.8999999999999992,2.6999999999999997,0.30074999999999985,-0.8999999999999992,-2.1,1.6007500000000001,3.9000000000000004,-2.1,-1.1992500000000001
5.7470628971383135,2.918193045616267,2.8124249135568413,4.664105907988794,1.5000000000000007,0.3499999999999999,3.00075,3.9000000000000004,2.75,2.90075,-0.8999999999999992,2.75,0.30074999999999985,-0.8999999999999992,-2.05,1.6007500000000001,3.9000000000000004,-2.05,-1.1992500000000001
5.764623513711888,2.9802608543535136,2.76650905991191,4.65371180444317,1.5000000000000007,0.3999999999999999,3.00075,3.9000000000000004,2.8,2.90075,-0.8999999999999992,2.8,0.30074999999999985,-0.8999999999999992,-2.0,1.6007500000000001,3.9000000000000004,-2.0,-1.1992500000000001
5.784698588901065,3.0069728677925798,2.7044713208613764,4.525376085765967,1.5000000000000007,0.4499999999999999,3.00075,3.9000000000000004,2.8499999999999996,2.90075,-0.8999999999999992,2.8499999999999996,0.30074999999999985,-0.8999999999999992,-1.95,1.6007500000000001,3.9000000000000004,-1.95,-1.1992500000000001
5.691000098541579,3.0939428001388434,2.6795578747598996,4.547846928685186,1.5000000000000007,0.4999999999999999,3.00075,3.9000000000000004,2.9,2.90075,-0.8999999999999992,2.9,0.30074999999999985,-0.8999999999999992,-1.9,1.6007500000000001,3.9000000000000004,-1.9,-1.1992500000000001
5.802549711795086,3.1393338267534956,2.661726089894138,4.569622902475133,1.5000000000000007,0.5499999999999999,3.00075,3.9000000000000004,2.9499999999999997,2.90075,-0.8999999999999992,2.9499999999999997,0.30074999999999985,-0.8999999999999992,-1.85,1.6007500000000001,3.9000000000000004,-1.85,-1.1992500000000001
5.818030657867051,3.201590144696107,2.600711959405373,4.491097998065449,1.5000000000000007,0.6,3.00075,3.9000000000000004,3.0,2.90075,-0.8999999999999992,3.0,0.30074999999999985,-0.8999999999999992,-1.7999999999999998,1.6007500000000001,3.9000000000000004,-1.7999999999999998,-1.1992500000000001
5.8245014860866196,3.2493515738066288,2.5683300831091906,4.522579749810736,1.5000000000000007,0.65,3.00075,3.9000000000000004,3.05,2.90075,-0.8999999999999992,3.05,0.30074999999999985,-0.8999999999999992,-1.75,1.6007500000000001,3.9000000000000004,-1.75,-1.1992500000000001
5.817532616312444,3.3207320668411753,2.539728094174554,4.520803115759416,1.5000000000000007,0.7000000000000001,3.00075,3.9000000000000004,3.1,2.90075,-0.8999999999999992,3.1,0.30074999999999985,-0.8999999999999992,-1.6999999999999997,1.6007500000000001,3.9000000000000004,-1.6999999999999997,-1.1992500000000001
5.9186663068521055,3.3438086374648113,2.477692450871677,4.412980081242466,1.5000000000000007,0.7500000000000001,3.00075,3.9000000000000004,3.15,2.90075,-0.8999999999999992,3.15,0.30074999999999985,-0.8999999999999992,-1.65,1.6007500000000001,3.9000000000000004,-1.65,-1.1992500000000001
5.832735795057814,3.3831376147135837,2.4562591314019344,4.50399061690089,1.5000000000000007,0.8000000000000002,3.00075,3.9000000000000004,3.2,2.90075,-0.8999999999999992,3.2,0.30074999999999985,-0.8999999999999992,-1.5999999999999996,1.6007500000000001,3.9000000000000004,-1.5999999999999996,-1.1992500000000001
5.938450731787769,3.4219569038694653,2.456638887396165,4.448284396062242,1.5000000000000007,0.8500000000000002,3.00075,3.9000000000000004,3.25,2.90075,-0.8999999999999992,3.25,0.30074999999999985,-0.8999999999999992,-1.5499999999999998,1.6007500000000001,3.9000000000000004,-1.5499999999999998,-1.1992500000000001
5.996126812164265,3.5171747566681666,2.37922711840851,4.387101950466483,1.5000000000000007,0.9000000000000002,3.00075,3.9000000000000004,3.3000000000000003,2.90075,-0.8999999999999992,3.3000000000000003,0.30074999999999985,-0.8999999999999992,-1.4999999999999996,1.6007500000000001,3.9000000000000004,-1.4999999999999996,-1.1992500000000001
5.906421234388252,3.5082923599331886,2.3865451484698124,4.382213999340788,1.5000000000000007,0.9500000000000003,3.00075,3.9000000000000004,3.35,2.90075,-0.8999999999999992,3.35,0.30074999999999985,-0.8999999999999992,-1.4499999999999997,1.6007500000000001,3.9000000000000004,-1.4499999999999997,-1.1992500000000001
6.020370950928258,3.5903432423953094,2.352839476786915,4.426605427058222,1.5000000000000007,1.0000000000000002,3.00075,3.9000000000000004,3.4000000000000004,2.90075,-0.8999999999999992,3.4000000000000004,0.30074999999999985,-0.8999999999999992,-1.3999999999999997,1.6007500000000001,3.9000000000000004,-1.3999999999999997,-1.1992500000000001
6.112124129348907,3.6321092842031946,2.31416498432726,4.380541590397027,1.5000000000000007,1.0500000000000003,3.00075,3.9000000000000004,3.45,2.90075,-0.8999999999999992,3.45,0.30074999999999985,-0.8999999999999992,-1.3499999999999996,1.6007500000000001,3.9000000000000004,-1.3499999999999996,-1.1992500000000001
6.067802442674488,3.693107174616791,2.27200807864781,4.334060594140408,1.5000000000000007,1.1000000000000003,3.00075,3.9000000000000004,3.5,2.90075,-0.8999999999999992,3.5,0.30074999999999985,-0.8999999999999992,-1.2999999999999996,1.6007500000000001,3.9000000000000004,-1.2999999999999996,-1.1992500000000001
6.120342175269497,3.752190445463959,2.2746963992854417,4.303401137758025,1.5000000000000007,1.1500000000000004,3.00075,3.9000000000000004,3.5500000000000003,2.90075,-0.8999999999999992,3.5500000000000003,0.30074999999999985,-0.8999999999999992,-1.2499999999999996,1.6007500000000001,3.9000000000000004,-1.2499999999999996,-1.1992500000000001
6.125822083837443,3.7405256701099114,2.259436135871167,4.339353633691532,1.5000000000000007,1.2000000000000004,3.00075,3.9000000000000004,3.6000000000000005,2.90075,-0.8999999999999992,3.6000000000000005,0.30074999999999985,-0.8999999999999992,-1.1999999999999995,1.6007500000000001,3.9000000000000004,-1.1999999999999995,-1.1992500000000001
6.127341415798834,3.773395771192141,2.1813444988168924,4.321303503478649,1.5000000000000007,1.2500000000000004,3.00075,3.9000000000000004,3.6500000000000004,2.90075,-0.8999999999999992,3.6500000000000004,0.30074999999999985,-0.8999999999999992,-1.1499999999999995,1.6007500000000001,3.9000000000000004,-1.1499999999999995,-1.1992500000000001
6.128500072820556,3.8468228537360027,2.147672806521678,4.275567539869495,1.5000000000000007,1.3000000000000005,3.00075,3.9000000000000004,3.7,2.90075,-0.8999999999999992,3.7,0.30074999999999985,-0.8999999999999992,-1.0999999999999994,1.6007500000000001,3.9000000000000004,-1.0999999999999994,-1.1992500000000001
6.162692216247209,3.8724483797703226,2.1497009020653515,4.293544932546146,1.5000000000000007,1.3500000000000005,3.00075,3.9000000000000004,3.7500000000000004,2.90075,-0.8999999999999992,3.7500000000000004,0.30074999999999985,-0.8999999999999992,-1.0499999999999994,1.6007500000000001,3.9000000000000004,-1.0499999999999994,-1.1992500000000001
6.351434370231189,3.9354254731615703,2.102421244495448,4.211150667476601,1.5000000000000007,1.4000000000000006,3.00075,3.9000000000000004,3.8000000000000007,2.90075,-0.8999999999999992,3.8000000000000007,0.30074999999999985,-0.8999999999999992,-0.9999999999999993,1.6007500000000001,3.9000000000000004,-0.9999999999999993,-1.1992500000000001
6.302289953036041,4.055399238764835,2.0981342873979125,4.206355424359261,1.5000000000000007,1.4500000000000006,3.00075,3.9000000000000004,3.8500000000000005,2.90075,-0.8999999999999992,3.8500000000000005,0.30074999999999985,-0.8999999999999992,-0.9499999999999993,1.6007500000000001,3.9000000000000004,-0.9499999999999993,-1.1992500000000001
6.376069748874458,4.021322535346425,2.1037462236694724,4.273601684416892,1.5000000000000007,1.5000000000000007,3.00075,3.9000000000000004,3.9000000000000004,2.90075,-0.8999999999999992,3.9000000000000004,0.30074999999999985,-0.8999999999999992,-0.8999999999999992,1.6007500000000001,3.9000000000000004,-0.8999999999999992,-1.1992500000000001
6.264459885643591,4.063542529383512,2.089253189680866,4.205011556593895,1.4500000000000006,1.5000000000000007,3.00075,3.8500000000000005,3.9000000000000004,2.90075,-0.9499999999999993,3.9000000000000004,0.30074999999999985,-0.9499999999999993,-0.8999999999999992,1.6007500000000001,3.8500000000000005,-0.8999999999999992,-1.1992500000000001
6.221194637773504,4.0945330017896415,2.141518036440808,4.152356140247825,1.4000000000000006,1.5000000000000007,3.00075,3.8000000000000007,3.9000000000000004,2.90075,-0.9999999999999993,3.9000000000000004,0.30074999999999985,-0.9999999999999993,-0.8999999999999992,1.6007500000000001,3.8000000000000007,-0.8999999999999992,-1.1992500000000001
6.234996318458331,4.088786571365725,2.134096607921423,4.1463855435624,1.3500000000000005,1.5000000000000007,3.00075,3.7500000000000004,3.9000000000000004,2.90075,-1.0499999999999994,3.9000000000000004,0.30074999999999985,-1.0499999999999994,-0.8999999999999992,1.6007500000000001,3.7500000000000004,-0.8999999999999992,-1.1992500000000001
6.133021286538661,4.08634504141066,2.190569144481382,4.0995202054847555,1.3000000000000005,1.5000000000000007,3.00075,3.7,3.9000000000000004,2.90075,-1.0999999999999994,3.9000000000000004,0.30074999999999985,-1.0999999999999994,-0.8999999999999992,1.6007500000000001,3.7,-0.8999999999999992,-1.1992500000000001
6.2550444671189345,4.11976225422474,2.2210991284102466,3.9514487079803446,1.2500000000000004,1.5000000000000007,3.00075,3.6500000000000004,3.9000000000000004,2.90075,-1.1499999999999995,3.9000000000000004,0.30074999999999985,-1.1499999999999995,-0.8999999999999992,1.6007500000000001,3.6500000000000004,-0.8999999999999992,-1.1992500000000001
6.106236252382959,4.144024042814653,2.24491316363606,3.9543700343333614,1.2000000000000004,1.5000000000000007,3.00075,3.6000000000000005,3.9000000000000004,2.90075,-1.1999999999999995,3.9000000000000004,0.30074999999999985,-1.1999999999999995,-0.8999999999999992,1.6007500000000001,3.6000000000000005,-0.8999999999999992,-1.1992500000000001
6.187310353778464,4.211413526351706,2.2865140761114513,3.8558952469321097,1.1500000000000004,1.5000000000000007,3.00075,3.5500000000000003,3.9000000000000004,2.90075,-1.2499999999999996,3.9000000000000004,0.30074999999999985,-1.2499999999999996,-0.8999999999999992,1.6007500000000001,3.5500000000000003,-0.8999999999999992,-1.1992500000000001
5.990151247235243,4.134203495186286,2.3042615111971037,3.9078097401899865,1.1000000000000003,1.5000000000000007,3.00075,3.5,3.9000000000000004,2.90075,-1.2999999999999996,3.9000000000000004,0.30074999999999985,-1.2999999999999996,-0.8999999999999992,1.6007500000000001,3.5,-0.8999999999999992,-1.1992500000000001
5.9872593236756435,4.218323309832147,2.314469348975795,3.858383951390171,1.0500000000000003,1.5000000000000007,3.00075,3.45,3.9000000000000004,2.90075,-1.3499999999999996,3.9000000000000004,0.30074999999999985,-1.3499999999999996,-0.8999999999999992,1.6007500000000001,3.45,-0.8999999999999992,-1.1992500000000001
5.95273679811699,4.240156457485638,2.310801065153212,3.7590471528932583,1.0000000000000002,1.5000000000000007,3.00075,3.4000000000000004,3.9000000000000004,2.90075,-1.3999999999999997,3.9000000000000004,0.30074999999999985,-1.3999999999999997,-0.8999999999999992,1.6007500000000001,3.4000000000000004,-0.8999999999999992,-1.1992500000000001
6.032877086153329,4.258439173395645,2.3784764109499728,3.732267900242799,0.9500000000000002,1.5000000000000007,3.00075,3.35,3.9000000000000004,2.90075,-1.4499999999999997,3.9000000000000004,0.30074999999999985,-1.4499999999999997,-0.8999999999999992,1.6007500000000001,3.35,-0.8999999999999992,-1.1992500000000001
5.892115071392711,4.223991952715273,2.387594058738362,3.675006407574623,0.9000000000000001,1.5000000000000007,3.00075,3.3,3.9000000000000004,2.90075,-1.4999999999999998,3.9000000000000004,0.30074999999999985,-1.4999999999999998,-0.8999999999999992,1.6007500000000001,3.3,-0.8999999999999992,-1.1992500000000001
5.995506306889166,4.241685264080738,2.432468852914748,3.6577231661827465,0.8500000000000001,1.5000000000000007,3.00075,3.25,3.9000000000000004,2.90075,-1.5499999999999998,3.9000000000000004,0.30074999999999985,-1.5499999999999998,-0.8999999999999992,1.6007500000000001,3.25,-0.8999999999999992,-1.1992500000000001
5.9535754199681765,4.278125789302794,2.4903243601341845,3.6035217387882037,0.8,1.5000000000000007,3.00075,3.2,3.9000000000000004,2.90075,-1.5999999999999999,3.9000000000000004,0.30074999999999985,-1.5999999999999999,-0.8999999999999992,1.6007500000000001,3.2,-0.8999999999999992,-1.1992500000000001
5.815633063467443,4.306218096776582,2.500508327616169,3.5830137561917264,0.75,1.5000000000000007,3.00075,3.15,3.9000000000000004,2.90075,-1.65,3.9000000000000004,0.30074999999999985,-1.65,-0.8999999999999992,1.6007500000000001,3.15,-0.8999999999999992,-1.1992500000000001
5.869101202597549,4.339055191728815,2.5128981963030625,3.485259894049901,0.7,1.5000000000000007,3.00075,3.0999999999999996,3.9000000000000004,2.90075,-1.7,3.9000000000000004,0.30074999999999985,-1.7,-0.8999999999999992,1.6007500000000001,3.0999999999999996,-0.8999999999999992,-1.1992500000000001
5.802434444642034,4.385187906244154,2.561673462497034,3.499629504474447,0.6499999999999999,1.5000000000000007,3.00075,3.05,3.9000000000000004,2.90075,-1.75,3.9000000000000004,0.30074999999999985,-1.75,-0.8999999999999992,1.6007500000000001,3.05,-0.8999999999999992,-1.1992500000000001
5.823548664972983,4.431988502281161,2.5718388825830285,3.4274309382840733,0.5999999999999999,1.5000000000000007,3.00075,3.0,3.9000000000000004,2.90075,-1.8,3.9000000000000004,0.30074999999999985,-1.8,-0.8999999999999992,1.6007500000000001,3.0,-0.8999999999999992,-1.1992500000000001
5.781059926739108,4.333354952731906,2.638763361540665,3.3324042857501097,0.5499999999999998,1.5000000000000007,3.00075,2.9499999999999997,3.9000000000000004,2.90075,-1.85,3.9000000000000004,0.30074999999999985,-1.85,-0.8999999999999992,1.6007500000000001,2.9499999999999997,-0.8999999999999992,-1.1992500000000001
5.71428738493084,4.4615179125207,2.713281083512627,3.2846941690252436,0.49999999999999983,1.5000000000000007,3.00075,2.9,3.9000000000000004,2.90075,-1.9000000000000001,3.9000000000000004,0.30074999999999985,-1.9000000000000001,-0.8999999999999992,1.6007500000000001,2.9,-0.8999999999999992,-1.1992500000000001
5.781395099563911,4.426422522765278,2.715599318553592,3.314188262884858,0.44999999999999984,1.5000000000000007,3.00075,2.8499999999999996,3.9000000000000004,2.90075,-1.9500000000000002,3.9000000000000004,0.30074999999999985,-1.9500000000000002,-0.8999999999999992,1.6007500000000001,2.8499999999999996,-0.8999999999999992,-1.1992500000000001
5.744407601530049,4.421903017048126,2.719175707633278,3.262615985521771,0.39999999999999986,1.5000000000000007,3.00075,2.8,3.9000000000000004,2.90075,-2.0,3.9000000000000004,0.30074999999999985,-2.0,-0.8999999999999992,1.6007500000000001,2.8,-0.8999999999999992,-1.1992500000000001
5.701708844943546,4.5004811994804745,2.776093707032561,3.189028738034852,0.34999999999999987,1.5000000000000007,3.00075,2.75,3.9000000000000004,2.90075,-2.05,3.9000000000000004,0.30074999999999985,-2.05,-0.8999999999999992,1.6007500000000001,2.75,-0.8999999999999992,-1.1992500000000001
5.700815116263691,4.56396662895699,2.811141795647426,3.139612234012215,0.2999999999999999,1.5000000000000007,3.00075,2.6999999999999997,3.9000000000000004,2.90075,-2.1,3.9000000000000004,0.30074999999999985,-2.1,-0.8999999999999992,1.6007500000000001,2.6999999999999997,-0.8999999999999992,-1.1992500000000001
5.657405923063375,4.486377373274881,2.83332361457921,3.064021130502555,0.2499999999999999,1.5000000000000007,3.00075,2.65,3.9000000000000004,2.90075,-2.15,3.9000000000000004,0.30074999999999985,-2.15,-0.8999999999999992,1.6007500000000001,2.65,-0.8999999999999992,-1.1992500000000001
5.567616280929803,4.504351716245789,2.912772700694306,3.031564544619585,0.1999999999999999,1.5000000000000007,3.00075,2.5999999999999996,3.9000000000000004,2.90075,-2.2,3.9000000000000004,0.30074999999999985,-2.2,-0.8999999999999992,1.6007500000000001,2.5999999999999996,-0.8999999999999992,-1.1992500000000001
5.621736060361347,4.5721403342685365,2.9616981885916744,2.9845813281025038,0.1499999999999999,1.5000000000000007,3.00075,2.55,3.9000000000000004,2.90075,-2.25,3.9000000000000004,0.30074999999999985,-2.25,-0.8999999999999992,1.6007500000000001,2.55,-0.8999999999999992,-1.1992500000000001
5.5235418630386555,4.638559533414358,3.007205799374763,2.9314833345793723,0.09999999999999991,1.5000000000000007,3.00075,2.5,3.9000000000000004,2.90075,-2.3,3.9000000000000004,0.30074999999999985,-2.3,-0.8999999999999992,1.6007500000000001,2.5,-0.8999999999999992,-1.1992500000000001
5.469394436902346,4.608235610195746,3.0477316897972613,2.9307318586842706,0.049999999999999906,1.5000000000000007,3.00075,2.4499999999999997,3.9000000000000004,2.90075,-2.35,3.9000000000000004,0.30074999999999985,-2.35,-0.8999999999999992,1.6007500000000001,2.4499999999999997,-0.8999999999999992,-1.1992500000000001
5.537562127471529,4.683850548546085,3.072201177648852,2.8351441946955447,-9.71445146547012e-17,1.5000000000000007,3.00075,2.4,3.9000000000000004,2.90075,-2.4,3.9000000000000004,0.30074999999999985,-2.4,-0.8999999999999992,1.6007500000000001,2.4,-0.8999999999999992,-1.1992500000000001
