-2.0,-0.40843546390533375,4.0
-2.0,-1.5803432464599607,5.934824466705315
-2.0,-1.556875944137573,5.172374486923213
-2.0,-1.611040949821472,5.461587190628046
-2.0,-2.0,4.0
-2.0,-0.2200528383254997,4.0
-2.0,-1.6292518377304075,6.016925811767571
-2.0,-1.6514110565185545,5.342964410781856
-2.0,-1.2200200557708736,5.184462785720821
-2.0,-2.0,4.0
-2.0,1.0434479713439955,5.186655282974239
-2.0,1.0877618789672865,4.498979449272154
-2.0,-0.6068381071090692,4.309191703796386
-2.0,-0.757950067520141,4.742944955825803
-2.0,-2.0,4.0
-2.0,-1.7189269065856931,4.8029102683067295
-2.0,-1.1040672659873958,4.208952546119689
-2.0,-0.3187202215194695,5.905569911003106
-2.0,-2.0,6.490212917327872
-2.0,-2.0,5.507735967636103
1.4261686801910416,-2.0,5.247208476066585
-1.0553157329559322,-1.254354953765869,4.0
-1.430779695510864,-2.0,5.046859622001644
-1.2225952148437496,-2.0,5.593994617462153
-0.35418808460235524,-1.602793216705322,5.10761475563049
1.2738106250762955,-2.0,5.227054715156551
-0.9951922893524165,-1.39132285118103,4.0
-1.400516629219055,-2.0,5.104022264480587
-1.1823399066925044,-2.0,5.569606423377985
-0.21987271308898848,-1.586783170700073,5.161875724792476
1.0952310562133802,-2.0,5.211152315139766
-0.8619580268859858,-1.4780695438385008,4.0
-1.38095486164093,-2.0,5.106219410896298
-1.0991392135620113,-2.0,5.630458116531366
-0.03491318225860508,-1.5668888092041013,5.2680627107620195
1.00348997116089,-2.0,5.201888799667354
-0.8049952983856196,-1.547901153564453,4.0
-1.3733760118484495,-2.0,5.116555333137509
-1.0611294507980342,-2.0,5.670760750770563
0.03129863739013762,-1.499289274215698,5.316177845001216
0.9550147056579603,-2.0,5.199958801269527
-0.7957475185394282,-1.4488993883132932,4.0
-1.3811527490615843,-2.0,5.089444994926449
-1.0329990386962886,-2.0,5.734525561332696
0.04953980445861907,-1.4904313087463377,5.346984863281246
0.9507482051849379,-2.0,5.205017328262325
-0.7578780651092524,-1.4459353685379026,4.0
-1.379343509674072,-2.0,5.075794816017147
-0.9980492591857906,-2.0,5.765321135520929
0.1347143650054941,-1.4995106458663938,5.366680860519405
0.8417763710021985,-2.0,5.19683182239532
-0.6340646743774409,-1.4822705984115598,4.0
-1.3499804735183714,-2.0,5.091023206710812
-0.930167436599731,-2.0,5.7770607471466
0.3172044754028331,-1.4161038398742674,5.491964936256403
0.8021085262298596,-2.0,5.194040536880489
-0.5940008163452142,-1.5406917333602903,4.0
-1.3394949436187742,-2.0,5.108847737312313
-0.8818866014480586,-2.0,5.830718159675592
0.3725175857543956,-1.3555552959442136,5.537834882736201
0.7995302677154553,-2.0,5.198268651962276
-0.5405626296997064,-1.599774360656738,4.0
-1.311131715774536,-2.0,5.153519153594966
-0.8005167245864863,-2.0,5.843402624130243
0.5476489067077648,-1.3250954151153562,5.607788324356074
0.8041131496429456,-2.0,5.202792882919307
-0.5486414432525628,-1.5384553670883176,4.0
-1.303549289703369,-2.0,5.161607980728145
-0.7507801055908198,-2.0,5.899747252464287
0.637046813964845,-1.3199626207351682,5.646900892257684
0.8203935623168958,-2.0,5.214756250381465
-0.4896924495697015,-1.4171326160430906,4.0
-1.294589281082153,-2.0,5.145020842552181
-0.6770627498626703,-2.0,5.9607465267181325
0.8197710514068616,-1.3113679885864256,5.734690189361566
0.8237214088439954,-2.0,5.224846243858333
-0.40909111499786305,-1.329783797264099,4.0
-1.2580728530883787,-2.0,5.163210034370418
-0.5523915290832513,-2.0,6.021700620651238
1.115533828735353,-1.222560882568359,5.872490882873529
0.8350718021392834,-2.0,5.230254769325252
-0.3809460401535027,-1.2477458715438838,4.0
-1.2265956401824947,-2.0,5.199259161949153
-0.4464631080627435,-2.0,6.081824064254754
1.2622539997100846,-1.1716158390045162,5.939091205596917
0.8510899543762219,-2.0,5.234042525291438
-0.4255838394165032,-1.2322754859924312,4.0
-1.2165462970733638,-2.0,5.246891498565669
-0.37574195861816334,-2.0,6.126257419586174
1.2966961860656754,-1.1701016426086421,5.919414401054375
0.8798391819000257,-2.0,5.244196772575374
-0.39289236068725514,-1.1533217430114742,4.0
-1.1955491304397579,-2.0,5.261199474334712
-0.3014650344848625,-2.0,6.141181945800773
1.4695055484771744,-1.1326914429664607,5.972568273544304
0.8531103134155286,-1.987239956855774,5.247316360473628
-0.38430309295654225,-1.0767700672149654,4.0
-1.2161469459533687,-2.0,5.222559809684749
-0.22744023799896163,-2.0,6.223377704620353
1.6119623184204117,-1.1322603225708003,6.021865129470818
0.889234542846681,-1.9670650959014893,5.262865543365474
-0.29739367961883467,-0.9781875610351558,4.0
-1.1836116313934322,-2.0,5.232876896858211
-0.09276187419891273,-2.0,6.284127950668327
1.8283867835998553,-1.092043817043304,6.108897924423211
0.836192846298219,-1.9277002811431885,5.264260888099666
-0.311551094055175,-0.8185820579528803,4.0
-1.2390909194946285,-2.0,5.123612761497494
0.004886150360108313,-2.0,6.426542043685904
1.9166884422302264,-1.0599407553672786,6.153782367706291
0.6464641094207776,-1.8842554092407227,5.22819590568542
-0.312795162200927,-0.689456701278686,4.0
-1.28945255279541,-2.0,5.010741949081417
0.04053068161010833,-2.0,6.503382921218863
1.9190580844879168,-1.0092052221298213,6.147107839584343
0.5609393119812023,-1.8970898389816284,5.2153824567794755
-0.32755923271179127,-0.6383018493652338,4.0
-1.3282529115676878,-2.0,4.97422760725021
0.10024929046630952,-2.0,6.506868839263907
1.8873848915100115,-1.0712811350822444,6.0288171768188406
0.5959289073944103,-1.9055445194244385,5.220176339149471
-0.2982892990112297,-0.5229793787002557,4.0
-1.2989494800567625,-2.0,5.0217462778091395
0.14291000366211032,-2.0,6.4758214950561435
1.922659397125246,-1.0407322645187373,6.001567363739007
0.5531227588653576,-2.0,5.21578454971313
0.044964075088501886,-0.629645943641662,4.0
-1.471277356147766,-1.9739606380462646,4.29211938381195
0.17980718612670996,-2.0,6.66722321510314
1.6743466854095475,-1.5491662025451658,6.374197721481315
2.549912452697756,-0.6075980663299554,5.6296602487564025
1.180992126464845,-0.6120052337646478,4.156901597976684
-1.74526309967041,-0.6956681013107294,4.0
0.2783641815185557,-2.0,6.290972471237175
1.5983598232269303,-1.7234575748443601,6.627143383026113
3.8588533401489284,2.310643196105959,6.614401578903189
1.8944163322448748,-0.7893480062484736,4.509856224060057
-1.863809585571289,-0.10212051868438636,4.0
0.35509967803955184,-2.0,6.126219987869255
1.48909902572632,-1.6566103696823118,6.774780035018911
4.3941788673400906,3.319824218750002,6.974602222442616
1.259665727615358,0.15734291076660253,5.017944812774655
-1.7927556037902832,0.2275078296661387,4.0
0.40241861343383895,-2.0,6.236727237701408
1.4110302925109879,-1.37424099445343,6.726567268371572
4.548521518707278,3.423722267150881,7.049502372741689
1.2460279464721693,0.3150076866149913,5.140874862670894
-1.7428212165832517,0.27141380310058694,4.0
0.5433554649353038,-2.0,6.33667850494384
1.371263742446901,-1.3572592735290525,6.732300281524648
4.456401348114016,3.245360374450686,6.977864980697621
1.3455157279968277,0.2597484588623057,4.9884645938873255
-1.769578218460083,0.3046865463256846,4.0
0.4027342796325694,-2.0,6.4011206626892
1.3779363632202164,-1.091771304607391,6.533372879028311
4.345952510833743,2.8662071228027366,6.805387020111074
1.7078475952148453,-0.2760753631591789,4.633535742759702
-1.802783727645874,0.06352972984314056,4.0
0.3753907680511485,-2.0,6.395166873931876
1.4087922573089615,-1.1172438263893123,6.5152621269225985
4.3512969017028835,2.623210906982424,6.737029075622549
1.5950984954834,-0.21536993980407634,4.557440042495726
-1.8017468452453613,-0.036444187164305766,4.0
0.35256719589233504,-2.0,6.35213088989257
1.4510731697082535,-1.1510243415832515,6.500064611434928
2.194902420043947,-0.27611351013183516,5.76896977424621
1.0642795562744154,0.12706089019775485,4.189210653305053
-1.7065629959106443,-0.627461433410644,4.0
0.26201915740966897,-2.0,6.510026454925528
1.4358801841735855,-1.04808098077774,6.327036142349235
2.375453948974611,-0.21923756599426192,5.854947805404657
1.1208882331848158,-0.07052755355834875,4.286151766777038
-1.7412533760070799,-0.5635052919387811,4.0
0.19032406806945898,-2.0,6.492271423339835
1.4254150390625016,-1.042194306850433,6.386149883270255
-0.0927737951278678,-2.0,5.12949419021606
0.5654203891754161,-0.9090480804443355,4.947919309139248
-1.5925794839859007,-1.3838744163513181,4.0
0.16559910774231054,-2.0,6.6525039672851465
1.3943674564361588,-1.2850631475448606,6.20282554626464
-0.23388183116912764,-2.0,5.115826368331906
0.44751787185669056,-1.689984321594238,5.399031519889826
-1.4883248805999754,-1.2656471729278562,4.0
0.15040922164917087,-2.0,6.544670581817618
1.4689612388610855,-1.266946196556091,6.041198730468743
-0.5845581293106072,-2.0,4.951609969139096
0.18324184417724707,-2.0,5.531311511993403
-1.5433007478713987,-1.2022793292999263,4.0
-0.006991505622862885,-2.0,6.456781625747672
1.1778702735900892,-1.9482734203338623,5.824971437454217
-1.6172248125076292,-2.0,4.425671815872191
-0.980399370193481,-2.0,5.978891611099236
-2.0,-1.6712760925292967,4.0
-2.0,-2.0,7.0629675388336075
-2.0,-1.9438941478729248,4.170410394668578
-2.0,-2.0,4.605784356594084
-2.0,-2.0,5.822063446044916
-2.0,-1.5055739879608152,4.282589435577392
-2.0,-1.7528576850891113,5.470298767089838
-2.0,-1.8439934253692627,5.518461704254145
-2.0,-2.0,5.315926194190975
-2.0,-1.5390069484710691,5.657817602157587
-2.0,-1.0797584056854244,4.27448010444641
-2.0,-1.3678603172302244,5.085253596305844
-2.0,-2.0,5.04846620559692
-2.0,-1.9346061944961548,5.317607402801509
-2.0,-1.4070279598236082,5.500886797904963
-2.0,-0.9330233335494991,4.090700387954712
-2.0,-1.2072167396545406,4.938339471817013
-2.0,-2.0,5.034257411956784
-2.0,-1.569811701774597,5.360035061836238
-2.0,-0.921338558197021,5.400706171989436
-2.0,-0.3009358644485466,4.0
-2.0,-0.9823862314224239,4.83581084012985
-2.0,-2.0,5.063401222229
-2.0,-1.4558920860290525,5.309332132339473
-2.0,-0.7862579822540278,5.159910440444942
-2.0,-0.08315086364746009,4.0
-2.0,-1.1353683471679683,5.1060252189636195
-2.0,-2.0,5.186368227005
-2.0,-1.3620086908340452,5.241110682487483
-2.0,-0.7121582031249994,5.068341016769406
-2.0,-0.12664854526519692,4.0
-2.0,-1.1958907842636104,5.189105749130245
-2.0,-2.0,5.2820503711700395
-2.0,-1.2536289691925047,5.1324343681335405
-2.0,-0.7611712217330927,4.773800909519193
-2.0,0.07289338111877533,4.0
-2.0,-1.2273786067962642,5.280796527862544
-2.0,-2.0,5.298763632774349
-2.0,-1.1360795497894283,4.959841012954708
-2.0,-0.7402266263961786,4.736334621906278
-2.0,0.07138204574585053,4.0
-2.0,-1.2917572259902952,5.35307931900024
-2.0,-2.0,5.305960536003108
-2.0,-1.148370265960693,5.026347160339352
-2.0,-0.7290635108947748,4.6570144891738865
-2.0,0.14239668846130465,4.0
-2.0,-1.2792685031890867,5.343748569488521
-2.0,-2.0,5.297257661819454
-2.0,-1.250751495361328,5.380398035049433
-2.0,-0.7131379842758173,4.392535567283629
-2.0,0.3351666927337657,4.0
-2.0,-1.3412261009216306,5.4547369480133
-2.0,-2.0,5.338826537132259
-2.0,-1.3125172853469846,5.590347766876215
-2.0,-0.5960456132888787,4.0
-2.0,0.44397735595703236,4.0
-2.0,-1.3910233974456785,5.523989677429194
-2.0,-2.0,5.3801679611206
-2.0,-1.2296289205551143,5.489533424377436
-2.0,-0.4309481382369988,4.0
-2.0,0.46831583976745716,4.0
-2.0,-1.4897906780242918,5.618500113487238
-2.0,-2.0,5.422452688217158
-2.0,-0.7114734649658198,4.67075967788696
-2.0,-0.2071298360824577,4.0
-2.0,0.2566962242126475,4.0
-2.0,-1.5668029785156248,5.603944301605219
-2.0,-2.0,5.342182397842403
-2.0,-1.1546983718872066,5.399287462234492
-2.0,-0.29619050025939864,4.0
-2.0,0.37453818321228133,4.0
-2.0,-1.610023498535156,5.627619743347162
-2.0,-2.0,5.303926467895503
-2.0,-0.8643870353698725,4.942090332508084
-2.0,-0.18543601036071697,4.0
-2.0,0.19500780105590917,4.0
-2.0,-1.6389676332473753,5.56620573997497
-2.0,-2.0,5.283562421798702
-2.0,-0.991224884986877,5.151587963104244
-2.0,-0.17861747741699138,4.0
-2.0,0.20349979400634863,4.0
-2.0,-1.6382303237915037,5.527869939804072
-2.0,-2.0,5.247305035591121
-2.0,-0.25657427310943526,4.0
-2.0,-0.1619969606399528,4.0
-2.0,-0.03622531890869053,4.0
-2.0,-1.635557174682617,5.430125713348383
-2.0,-2.0,5.214220285415645
-2.0,-0.33942651748657154,4.115533471107483
-2.0,-0.1186122894287101,4.0
-2.0,-0.020752072334288673,4.0
-2.0,-1.6367437839508054,5.417633533477778
-2.0,-2.0,5.211949825286861
-2.0,-0.8442205190658564,4.923296749591824
-2.0,-0.06825256347656164,4.0
-2.0,0.12369775772094821,4.0
-2.0,-1.679562211036682,5.438488960266108
-2.0,-2.0,5.189002513885494
-2.0,-0.2613461017608635,4.0
-2.0,-0.1414084434509269,4.0
-2.0,-0.04503726959228429,4.0
-2.0,-1.5669999122619627,5.2842792272567705
-2.0,-2.0,5.141344189643855
-2.0,0.4628736972808849,4.0
-2.0,-0.616442441940307,4.448585748672484
-2.0,-0.4798798561096185,4.0
-2.0,-1.2709960937499998,4.92362159490585
-2.0,-1.8433929681777954,5.05523586273193
-2.0,0.029199600219727465,4.0
-2.0,-0.350470304489135,4.0
-2.0,-0.21979141235351485,4.0
-2.0,-1.4257802963256834,5.127688646316524
-2.0,-2.0,5.0597372055053675
-2.0,-0.0005323886871329011,4.0
-2.0,-0.42920780181884693,4.103806972503662
-2.0,-0.0604951381683341,4.0
-2.0,-1.4198153018951414,5.196024179458614
-2.0,-2.0,5.057197332382199
-2.0,0.14456558227539157,4.0
-2.0,-0.6084009408950799,4.4585554599761945
-2.0,-0.11502945423126137,4.0
-2.0,-1.2996534109115598,5.038561105728146
-2.0,-2.0,4.997255861759182
-2.0,-0.14136958122253335,4.0
-2.0,-0.5270603895187371,4.280607223510741
-2.0,0.08243179321289155,4.0
-2.0,-1.3824386596679685,5.16129875183105
-2.0,-2.0,5.04200458526611
-2.0,0.5684332847595226,4.0
-2.0,-0.8908944129943843,5.001501798629757
-2.0,-0.4843040704727166,4.0
-2.0,-1.0857825279235835,4.6618792414665196
-2.0,-1.7320013046264646,5.014457225799557
-2.0,-0.05832707881927404,4.0
-2.0,-0.6971845626831049,4.562475919723509
-2.0,-0.12926983833312905,4.0
-2.0,-1.3006403446197508,5.022293329238888
-2.0,-2.0,5.046416044235226
-2.0,0.13184237480163669,4.0
-2.0,-0.8796724081039424,4.942065477371212
-2.0,-0.35713469982147145,4.0
-2.0,-1.1576557159423824,4.7842141389846775
-2.0,-1.8649570941925049,5.052148580551144
-2.0,-0.6496114730834955,4.594911396503447
-2.0,-0.2898172140121452,4.0
-2.0,0.38148164749145613,4.0
-2.0,-1.6417291164398191,5.483880519866938
-2.0,-2.0,5.088728547096249
-2.0,-1.1117057800292964,5.303356647491451
-2.0,-0.1128655672073356,4.0
-2.0,0.5454797744750988,4.0
-2.0,-1.694772124290466,5.437532663345332
-2.0,-2.0,5.031554460525509
-2.0,0.15524005889892672,4.0
-2.0,-0.7024049758911127,4.572483301162718
-2.0,-0.139669179916381,4.0
-2.0,-1.3649606704711912,5.09705829620361
-2.0,-2.0,5.051302790641781
-2.0,-1.010269999504089,5.151482343673702
-2.0,-0.05639648437499914,4.0
-2.0,0.3930907249450694,4.0
-2.0,-1.7962923049926758,5.495875597000117
-2.0,-2.0,5.075323820114132
-2.0,-0.7042461633682245,4.606508731842039
-2.0,-0.358428239822387,4.0
-2.0,0.2859358787536631,4.0
-2.0,-1.677814960479736,5.489970445632929
-2.0,-2.0,5.076617717742916
-2.0,-0.8971194028854366,4.9183208942413295
-2.0,-0.10119307041168128,4.0
-2.0,0.4653751850128185,4.0
-2.0,-1.7692357301712036,5.488727092742915
-2.0,-2.0,5.071353197097775
-2.0,-0.9704872369766231,5.035516500473019
-2.0,-0.018066883087157322,4.0
-2.0,0.3678936958312999,4.0
-2.0,-1.7759661674499512,5.400032758712763
-2.0,-2.0,5.097570538520809
-2.0,-0.9605098962783809,5.022597551345822
-2.0,-0.017130613327025486,4.0
-2.0,0.1882505416870127,4.0
-2.0,-1.8157932758331299,5.389326095581049
-2.0,-2.0,5.174517273902889
-2.0,-0.8881250619888301,4.9256153702735865
-2.0,0.26680469512939553,4.0
-2.0,-0.47008228302001887,4.055912613868713
-2.0,-1.8350679874420166,4.897640228271481
-2.0,-1.7659637928009033,5.384549975395197
-2.0,0.41935396194458113,4.0
-2.0,0.7904882431030286,4.0
-2.0,-1.5411961078643797,5.683157801628107
-2.0,-2.0,5.047193288803097
-2.0,-1.7682521343231201,5.32001948356628
-2.0,0.2874174118042002,4.0
-2.0,0.8667163848876965,4.0
-2.0,-1.2991271018981931,5.288364768028255
-2.0,-2.0,4.959192454814907
-2.0,-1.7682785987854004,5.268595695495601
-2.0,-0.9992161989212032,4.72399693727493
-2.0,0.5265080928802501,4.0
-2.0,-0.7255033254623408,4.141051292419433
-2.0,-2.0,5.049528837203976
-2.0,-1.6460090875625608,5.500212192535395
-2.0,-0.8965972661972041,4.713729321956632
-2.0,-0.9135569334030147,4.842983603477475
-2.0,-0.8774721622467037,4.0
-2.0,-1.6558291912078855,5.157155752182002
-2.0,-1.4444397687911985,5.654782295227045
-2.0,1.3485903739929215,5.390749931335444
-2.0,-0.663772583007812,4.949598431587216
-2.0,-1.3277282714843748,4.681349813938138
-2.0,-2.0,4.9875243902206385
-2.0,-1.367652893066406,5.548305988311762
0.18112134933471777,3.823201179504397,6.455133914947501
-2.0,0.3357028961181651,5.176722645759578
-2.0,-1.3682270050048826,5.04501640796661
-2.0,-2.0,4.138563632965087
-2.0,-1.783750057220459,4.48179256916046
-2.0,-0.3039752244949333,4.663559198379514
-2.0,0.7843937873840344,5.256139039993282
-2.0,-1.3468549251556394,4.993862688541409
-2.0,-2.0,4.0
-1.9893462657928467,-1.697731018066406,4.0
-2.0,0.08914279937744234,4.846964716911313
-1.4495646953582761,2.132224082946779,5.845955133438104
-2.0,-1.2833156585693357,5.186708927154537
-2.0,-2.0,4.0
-1.7753281593322754,-1.5095268487930296,4.0
-2.0,-0.0012210607528677648,4.797802090644834
-1.6313784122467039,1.9213960170745867,5.784641981124872
-2.0,-1.402467608451843,4.961496651172634
-2.0,-2.0,4.0
-1.5180629491806028,-0.7928543090820307,4.0
-2.0,0.35543966293335066,4.987647235393521
-2.0,1.2505922317504898,5.646402478218072
-1.8103179931640625,-1.0692887306213374,4.544772267341612
-2.0,-1.014751553535461,5.422131776809687
-0.7129997014999384,1.5666661262512223,5.419014215469355
-2.0,1.5647397041320816,5.529572010040278
-2.0,1.2922997474670426,5.674601793289178
-1.1027976274490352,-0.9832291603088374,4.327178955078124
-1.7638838291168213,0.04577851295471282,5.260701775550838
-0.07463765144348058,1.9263799190521258,5.672146201133722
-0.19494235515594402,3.4525904655456565,6.3018200397491375
-2.0,0.9850997924804701,5.431710481643671
-0.5956323146820062,-0.6895849704742426,4.42382776737213
-2.0,-0.46194696426391535,4.699450433254239
-0.7238912582397455,2.122280120849611,5.539852380752558
-0.11792039871215737,3.5501518249511745,6.312634229660026
-2.0,1.002362966537477,5.300053954124446
-0.8132158517837519,-0.35208451747894215,4.838387012481687
-2.0,-1.3779306411743162,4.888875484466549
-1.2766674757003782,1.977534770965578,4.741103053092954
-1.0918773412704463,2.5246171951293968,5.969295263290398
-1.6560131311416624,1.532079696655275,5.414393305778498
-0.06828629970550451,1.2531595230102555,5.763220906257623
-2.0,-0.3178122043609612,5.452840328216547
-2.0,-0.022125840187071876,5.694618582725519
-2.0,0.842571020126344,5.286308288574214
-1.447039484977722,1.5857100486755387,5.400871038436884
-0.22635269165038985,1.1085333824157728,5.682038545608514
-2.0,-0.566450119018554,5.1460452079772905
-2.0,0.23074579238891701,5.2827286720275834
-2.0,0.5215594768524181,5.230435967445369
-1.439920902252197,1.5582485198974625,5.388892412185664
-0.49956929683685236,0.639643192291261,5.4091393947601265
-2.0,-0.6354601383209223,5.193710684776302
-1.9828760623931885,0.06935119628906342,4.953014910221096
-0.9823918342590328,2.0875329971313494,6.179559707641594
-1.641751170158386,1.040514945983888,5.173579931259151
-0.44039094448089533,-0.2382382154464714,4.729966938495633
-2.0,-1.4180111885070799,4.75555610656738
-2.0,-0.7769432067871088,5.174600124359126
-1.1313426494598384,1.8949327468872088,6.072613239288323
-2.0,0.6830525398254407,5.019530653953549
-1.2371919155120845,-1.9138859510421753,4.0
-2.0,-2.0,4.0
-2.0,-1.849564790725708,4.237072348594665
-1.7661361694335938,1.412652492523195,5.656552910804742
-2.0,-0.09216213226318275,4.681645691394803
-2.0,-2.0,4.0
-2.0,-2.0,4.0
-2.0,-2.0,4.0
-1.5604023933410642,1.4461381435394303,5.864718794822687
-2.0,0.27071595191955666,4.872134685516355
-2.0,-2.0,4.0
-2.0,-2.0,4.0
-2.0,-2.0,4.0
-1.7115700244903562,1.2802081108093277,5.756695747375482
-2.0,0.14787149429321383,4.8473539352416966
-2.0,-2.0,4.0
-2.0,-2.0,4.0
-2.0,-2.0,4.0
-1.817014455795288,1.7860431671142596,5.106645464897152
-2.0,-0.3400440216064446,4.5052731037139875
-2.0,-2.0,4.0
-2.0,-2.0,4.0
-2.0,-2.0,4.0
-1.9077579975128174,1.7544517517089862,4.991066932678219
-2.0,-0.3955128192901604,4.4691015481948835
-2.0,-2.0,4.0
-2.0,-2.0,4.0
-2.0,-2.0,4.0
-1.8515217304229736,1.8068647384643572,4.886021375656124
-2.0,-0.36373519897460865,4.54505407810211
-2.0,-2.0,4.0
-2.0,-2.0,4.0
-2.0,-2.0,4.0
-1.8853645324707031,1.7665286064147967,4.860437870025632
-2.0,-0.3428581953048699,4.57664370536804
-2.0,-2.0,4.0
-2.0,-2.0,4.0
-2.0,-2.0,4.0
-1.8140804767608643,1.8279850482940692,4.85570818185806
-2.0,-0.3127937316894524,4.5904253721237165
-2.0,-2.0,4.0
-2.0,-2.0,4.0
-2.0,-2.0,4.0
-1.7780370712280273,1.6760153770446793,5.053653240203854
-2.0,-0.3450644016265862,4.599673867225645
-2.0,-2.0,4.0
-2.0,-2.0,4.0
-2.0,-2.0,4.0
-2.0,-0.10985624790191567,4.644056320190427
-2.0,-0.3822592496871941,4.7667697668075535
-2.0,-2.0,4.0
-2.0,-2.0,4.0
-2.0,-2.0,4.0
-1.9338185787200928,1.5811603069305435,4.750965178012845
-2.0,-0.3006846904754631,4.660991907119748
-2.0,-2.0,4.0
-2.0,-2.0,4.0
-2.0,-2.0,4.0
-2.0,1.5653331279754654,4.677978932857511
-2.0,-0.2812269926071159,4.668912589550016
-2.0,-2.0,4.0
-2.0,-2.0,4.0
-2.0,-2.0,4.0
-2.0,1.403020620346071,4.869775712490079
-2.0,-0.24744415283203047,4.722370386123655
-2.0,-2.0,4.0
-2.0,-2.0,4.0
-2.0,-2.0,4.0
-2.0,1.3901643753051773,4.833730936050412
-2.0,-0.2692232131958,4.698553323745725
-2.0,-2.0,4.0
-2.0,-2.0,4.0
-2.0,-2.0,4.0
-2.0,0.1448745727539072,4.559009552001951
-2.0,-0.4570288658142083,4.7445847988128635
-2.0,-2.0,4.0
-2.0,-2.0,4.0
-2.0,-2.0,4.0
-2.0,1.6095108985900894,4.620079457759855
-2.0,-0.36572003364562916,4.626863360404966
-2.0,-2.0,4.0
-2.0,-2.0,4.0
-2.0,-2.0,4.0
-2.0,0.8027603626251233,4.555608749389647
-2.0,-0.36158931255340504,4.7232007384300205
-2.0,-2.0,4.0
-2.0,-2.0,4.0
-2.0,-2.0,4.0
-2.0,0.8379814624786389,4.4720524549484235
-2.0,-0.3690477609634392,4.726242661476133
-2.0,-2.0,4.0
-2.0,-2.0,4.0
-2.0,-2.0,4.0
-2.0,1.26540517807007,4.759151637554166
-2.0,-0.2960535287857048,4.6793403625488255
-2.0,-2.0,4.0
-2.0,-2.0,4.0
-2.0,-2.0,4.0
-2.0,0.8477149009704602,4.489443540573118
-2.0,-0.3857927322387688,4.725623250007627
-2.0,-2.0,4.0
-2.0,-2.0,4.0
-2.0,-2.0,4.0
-2.0,1.150026082992555,4.793824434280393
-2.0,-0.30275487899780196,4.691372036933896
-2.0,-2.0,4.0
-2.0,-2.0,4.0
-2.0,-2.0,4.0
-2.0,0.6419963836669934,4.538882017135618
-2.0,-0.42350268363952565,4.708717823028562
-2.0,-2.0,4.0
-2.0,-2.0,4.0
-2.0,-2.0,4.0
-2.0,1.0720567703247084,4.752702832221982
-2.0,-0.32722771167755055,4.671075642108915
-2.0,-2.0,4.0
-2.0,-2.0,4.0
-2.0,-2.0,4.0
-2.0,0.9641280174255384,4.7081637978553745
-2.0,-0.36229944229125904,4.637640118598935
-2.0,-2.0,4.0
-2.0,-2.0,4.0
-2.0,-2.0,4.0
-2.0,1.0153038501739515,4.807579040527341
-2.0,-0.44299411773681574,4.625245928764341
-2.0,-2.0,4.0
-2.0,-2.0,4.0
-2.0,-2.0,4.0
-2.0,0.8686928749084485,4.724321901798246
-2.0,-0.41469037532806324,4.608249902725218
-2.0,-2.0,4.0
-2.0,-2.0,4.0
-2.0,-2.0,4.0
-2.0,0.8049187660217297,4.810035645961759
-2.0,-0.4179614782333367,4.627842664718625
-2.0,-2.0,4.0
-2.0,-2.0,4.0
-2.0,-2.0,4.0
-2.0,0.9137732982635511,4.879536390304562
-2.0,-0.5386102199554437,4.629375815391538
-2.0,-2.0,4.0
-2.0,-2.0,4.0
-2.0,-2.0,4.0
-2.0,-0.43718588352203297,4.770077049732206
-2.0,-0.6900249719619745,4.670634925365445
-2.0,-2.0,4.0
-2.0,-2.0,4.0
-2.0,-2.0,4.0
-2.0,-0.6409682035446161,4.860996842384336
-2.0,-0.7010216712951655,4.718428015708921
-2.0,-2.0,4.0
-2.0,-2.0,4.0
-2.0,-2.0,4.0
-2.0,-0.7858868837356562,4.850215733051297
-2.0,-0.6721446514129633,4.735616803169248
-2.0,-2.0,4.0
-2.0,-2.0,4.0
-2.0,-2.0,4.0
-2.0,-0.7700513601303095,4.799893379211423
-2.0,-0.6807337999343867,4.7276034951209995
-2.0,-2.0,4.0
-2.0,-2.0,4.0
-2.0,-2.0,4.0
-2.0,-0.7014371156692499,4.732461392879483
-2.0,-0.6634820699691767,4.739202499389646
-2.0,-2.0,4.0
-2.0,-2.0,4.0
-2.0,-2.0,4.0
-2.0,-0.6880581378936762,4.637310266494748
-2.0,-0.6549218893051142,4.730327129364011
-2.0,-2.0,4.0
-2.0,-2.0,4.0
-2.0,-2.0,4.0
-2.0,-0.13369596004486,5.007844924926754
-2.0,-0.5596164464950555,4.863191902637479
-2.0,-2.0,4.0
-2.0,-2.0,4.0
-2.0,-2.0,4.0
-2.0,-0.6382955312728876,4.933798313140866
-2.0,-0.39198768138885426,4.857028245925901
-2.0,-2.0,4.0
-2.0,-2.0,4.0
-2.0,-2.0,4.0
-2.0,-0.8035817146301264,4.8787655830383265
-2.0,-0.33920466899871754,4.801671087741849
-2.0,-2.0,4.0
-2.0,-2.0,4.0
-2.0,-2.0,4.0
-2.0,-0.8005844354629511,4.875880539417263
-2.0,-0.3328573703765862,4.857107520103452
-2.0,-2.0,4.0
-2.0,-2.0,4.0
-2.0,-2.0,4.0
-2.0,-0.7578011751174921,4.863733589649198
-2.0,-0.3324506282806389,4.898247241973873
-2.0,-2.0,4.0
-2.0,-2.0,4.0
-2.0,-2.0,4.0
-2.0,-0.808828711509704,4.866147220134732
-2.0,-0.33092951774597096,4.8924772739410365
-2.0,-2.0,4.0
-2.0,-2.0,4.0
-2.0,-2.0,4.0
-2.0,-0.8938750028610225,4.886374652385708
-2.0,-0.2869416475296013,4.782767117023465
-2.0,-2.0,4.0
-2.0,-2.0,4.179978013038634
-2.0,-2.0,4.0
-2.0,-0.8915135860443111,4.876764416694638
-2.0,-0.2924355268478386,4.819321632385251
-2.0,-2.0,4.0
-2.0,-2.0,4.263329505920409
-2.0,-2.0,4.0
-2.0,-0.7726802825927729,4.861306607723233
-2.0,-0.30724000930786055,4.759193062782285
-2.0,-2.0,4.0
-2.0,-2.0,4.445332288742064
-2.0,-2.0,4.0
-2.0,-0.8124862909317011,4.855828106403348
-2.0,-0.29739129543304366,4.766821324825284
-2.0,-2.0,4.0
-2.0,-2.0,4.644060492515561
-2.0,-2.0,4.0
-2.0,-0.6831876039504999,4.831157803535459
-2.0,-0.2979041337966911,4.784424901008603
-2.0,-2.0,4.0
-2.0,-2.0,4.678972065448758
-2.0,-2.0,4.0
-2.0,-0.34172892570495533,4.667993843555448
-2.0,-0.22943520545959395,4.866445302963254
-2.0,-2.0,4.0
-2.0,-2.0,4.942777812480923
-2.0,-2.0,4.0
-2.0,-0.04415071010589513,4.657498240470884
-2.0,-0.6646851301193232,4.680741131305692
-2.0,-2.0,4.0
-2.0,-2.0,5.031322121620175
-2.0,-2.0,4.0
-2.0,0.29226207733154397,4.5924589037895185
-2.0,-0.8383077383041376,4.610726237297056
-2.0,-2.0,4.0
-2.0,-2.0,5.010582923889157
-2.0,-2.0,4.0
-2.0,0.3084378242492686,4.546632170677183
-2.0,-0.8680924177169794,4.575014591217039
-2.0,-2.0,4.0
-2.0,-2.0,5.007351517677304
-2.0,-2.0,4.0
-2.0,-0.22083044052123946,4.6545032858848545
-2.0,-0.9014554023742671,4.397269845008848
-2.0,-2.0,4.0
-2.0,-2.0,5.041561126708981
-2.0,-2.0,4.061741828918457
-2.0,-0.2679281234741203,4.658523142337796
-2.0,-0.6525897979736323,4.036128997802734
-2.0,-2.0,4.0
-2.0,-2.0,5.062115669250485
-2.0,-2.0,4.018760681152344
-2.0,-0.1962280273437492,5.015568017959591
-2.0,-0.12468242645263589,4.0
-2.0,-1.5071924924850462,4.556520938873289
-2.0,-1.9938147068023682,5.045531034469601
-2.0,-2.0,4.2163448333740225
-2.0,1.0656342506408705,4.469217538833616
-2.0,-1.2278816699981685,4.912346541881558
-2.0,-2.0,4.850392937660215
-2.0,-2.0,5.0377621650695765
-2.0,-2.0,4.190699696540832
-2.0,0.8133673667907727,4.0
-2.0,-1.3695337772369383,4.865527391433713
-2.0,-2.0,5.536146879196162
-2.0,-1.9118536710739136,5.0654931068420375
-2.0,-2.0,4.505871176719664
-2.0,0.5795540809631359,4.0
-2.0,-2.0,6.060575008392327
-2.0,-1.5949862003326414,4.82552373409271
-2.0,-1.3788828849792478,4.602657020092009
-2.0,-2.0,4.307073116302489
-2.0,0.5956292152404796,4.0
-2.0,-1.9812390804290771,6.040091514587395
-2.0,-1.59278929233551,4.828494668006894
-2.0,-1.3135845661163328,4.6034441590309125
-2.0,-1.9239507913589478,4.45532965660095
-2.0,0.5261957645416271,4.0
-2.0,-2.0,6.090511322021477
-2.0,-1.7416069507598875,5.10248780250549
-2.0,-1.2704621553421018,4.593681812286375
-2.0,-1.7091667652130125,4.584347009658812
-2.0,0.5999722480773937,4.0
-2.0,-1.8914715051651,6.032043457031243
-2.0,-1.7697060108184814,5.149190187454219
-2.0,-1.3081181049346922,4.6767553687095615
-2.0,-1.2726082801818845,4.697444379329679
-2.0,0.5466938018798839,4.0
-2.0,-1.8280824422836304,5.998795032501214
-2.0,-1.810721755027771,5.163393974304195
-2.0,-1.482781648635864,4.791353225708005
-1.9364838600158691,-1.3686656951904295,4.581191182136534
-2.0,0.5338869094848644,4.0
-2.0,-1.8434998989105225,5.9836673736572195
-2.0,-1.8575587272644043,5.261155843734737
-2.0,-1.4507786035537718,4.774384438991544
-2.0,-1.2637352943420408,4.588297486305235
-2.0,0.58314609527588,4.0
-2.0,-1.7892024517059326,5.913454294204705
-2.0,-1.8093068599700928,5.164585351943965
-2.0,-1.4990270137786863,4.8385311961173985
-1.951869010925293,-1.3810420036315916,4.563514351844786
-2.0,0.6129655838012706,4.0
-2.0,-1.7357298135757444,5.871688365936273
-2.0,-1.8080145120620728,5.152992486953731
-2.0,-1.496529698371887,4.846891462802884
-2.0,-1.343076944351196,4.561093688011168
-2.0,0.6377630233764661,4.0
-2.0,-1.7127053737640379,5.834459304809564
-2.0,-1.81778085231781,5.1609977483749345
-2.0,-1.486730098724365,4.83151030540466
-2.0,-1.3389551639556883,4.57171320915222
-2.0,0.6368260383605969,4.0
-2.0,-1.714599013328552,5.829275369644159
-2.0,-1.8273913860321045,5.182189464569087
-2.0,-1.490298271179199,4.841170310974118
-2.0,-1.3406996726989744,4.579373121261595
-2.0,0.5631027221679699,4.0
-2.0,-1.807919979095459,5.821633458137506
-2.0,-1.8742650747299194,5.288138270378108
-2.0,-1.5291357040405271,4.8694173693656895
-2.0,-1.3582475185394285,4.561369419097899
-2.0,0.507852077484132,4.0
-2.0,-1.878401756286621,5.786240220069879
-2.0,-1.8711405992507935,5.3088294267654375
-2.0,-1.5391986370086668,4.88382393121719
-1.987795352935791,-1.3926898241043089,4.557135105133055
-2.0,0.462110996246339,4.0
-2.0,-1.9185272455215454,5.7560863494872985
-2.0,-1.883529782295227,5.347276926040645
-2.0,-1.5578050613403318,4.8964250087738
-1.9193592071533203,-1.425966143608093,4.5536972284317
-2.0,0.47385096549987904,4.0
-2.0,-1.9020469188690186,5.748125314712518
-2.0,-1.8941535949707031,5.364042758941646
-2.0,-1.5636472702026365,4.900248885154721
-1.9467823505401611,-1.4301708936691282,4.557106494903563
-2.0,0.4736804962158214,4.0
-2.0,-1.9086142778396606,5.718616962432855
-2.0,-1.8905054330825806,5.36673521995544
-2.0,-1.569135785102844,4.917002677917477
-1.957167148590088,-1.4282904863357542,4.559422016143797
-2.0,0.4592390060424816,4.0
-2.0,-1.9337193965911865,5.713779211044305
-2.0,-1.9205803871154785,5.427091598510737
-2.0,-1.6083291769027708,4.953180730342861
-1.923774003982544,-1.4408869743347166,4.549888968467711
-2.0,0.5011949539184581,4.0
-2.0,-1.917447805404663,5.703770518302911
-2.0,-1.9426382780075073,5.448728442192072
-2.0,-1.626350164413452,4.986351311206814
-2.0,-1.4051581621170042,4.551111102104185
-2.0,0.4829854965209972,4.0
-2.0,-1.9491653442382812,5.704251766204828
-2.0,-1.9629520177841187,5.483227014541621
-2.0,-1.6432977914810178,4.995004236698147
-1.999528408050537,-1.4138743877410886,4.5419422388076764
-2.0,0.41793918609619246,4.0
-2.0,-1.981528639793396,5.679155349731439
-2.0,-1.9349244832992554,5.475382566452021
-2.0,-1.6448457241058347,4.9786201715469325
-1.9030859470367432,-1.459042429924011,4.536154389381407
-2.0,0.37635970115661727,4.0
-2.0,-2.0,5.6276121139526305
-2.0,-1.93037748336792,5.5091664791107124
-2.0,-1.6456254720687864,4.994268298149105
-2.0,-1.4196329116821287,4.542812466621397
-2.0,0.3926341533660899,4.0
-2.0,-2.0,5.601801276206965
-2.0,-1.9351259469985962,5.550957202911372
-2.0,-1.6275229454040525,5.014474272727963
-2.0,-1.2705779075622556,4.570631861686705
-2.0,0.4097390174865733,4.0
-2.0,-1.9856542348861694,5.543859243392939
-2.0,-1.9157410860061646,5.568728208541865
-2.0,-1.6031470298767088,5.0183211565017665
-2.0,-1.17673647403717,4.638062894344327
-2.0,0.3722105026245128,4.0
-2.0,-1.9478400945663452,5.4086887836456246
-2.0,-1.8972344398498535,5.625042676925653
-2.0,-1.640032887458801,5.041439056396481
-2.0,-1.4162446260452268,4.567442417144774
-2.0,0.36796236038208113,4.0
-2.0,-1.9292926788330078,5.361633300781246
-2.0,-1.8736320734024048,5.621252059936518
-2.0,-1.6543470621109007,5.053952693939205
-2.0,-1.6425309181213377,4.446592330932615
-1.9595448970794678,-0.8399535417556757,4.0
-1.874915361404419,-2.0,4.832434654235837
-2.0,-2.0,5.878164410591118
-2.0,-2.0,4.985732197761532
-2.0,-1.4753285646438596,4.694081485271451
-0.9524190425872798,-1.4421867132186887,4.0
-1.5921568870544431,-2.0,4.48247444629669
-0.6056162118911737,-2.0,6.098499059677117
-1.6696625947952268,-2.0,5.293924450874324
-1.680244445800781,-1.815186619758606,4.577120423316954
-0.4894467592239373,-1.63191282749176,4.0
-1.817873477935791,-1.5861010551452634,4.0
-0.5604465007781976,-2.0,5.68350994586944
-1.647914409637451,-2.0,5.112329602241513
-1.6388162374496458,-1.814119815826416,4.554966449737547
-0.12470865249633706,-1.7800694704055786,4.0
-1.9477038383483887,-1.1638653278350826,4.0
-0.5874698162078851,-2.0,5.320525407791133
-1.5956761837005613,-2.0,5.002399563789364
-1.643700838088989,-1.7888314723968506,4.523214817047117
0.3715763092041026,-1.8165291547775269,4.191380739212035
-2.0,-0.8474951982498163,4.0
-0.5921543836593621,-2.0,5.009777784347531
-1.5226565599441526,-2.0,4.936696529388424
-1.579267621040344,-1.8018215894699097,4.5144459009170514
0.6402325630188,-1.8280383348464966,4.269642114639281
-2.0,-0.8068282604217524,4.0
-0.6757065057754511,-2.0,5.001432418823239
-1.524567365646362,-2.0,4.932297289371487
-1.6210267543792722,-1.7670551538467407,4.507815480232237
1.1306462287902845,-2.0,4.296542048454284
-2.0,-0.914875745773315,4.0
-0.6804454326629633,-2.0,5.08413743972778
-1.5220972299575803,-2.0,4.956622004508969
-1.6302273273468015,-1.765467882156372,4.500433206558226
1.1635470390319838,-2.0,4.307486653327941
-2.0,-0.8833215236663814,4.0
-0.6421549320220942,-2.0,5.039952516555783
-1.493179678916931,-2.0,4.960395455360409
-1.5301475524902342,-1.840283989906311,4.523915648460386
1.2131891250610365,-2.0,4.291500449180602
-2.0,-0.8701771497726435,4.0
-0.5241464376449578,-2.0,4.987894296646115
-1.4576027393341062,-2.0,4.9722467660903895
-1.4162607192993162,-1.919089913368225,4.56770598888397
1.1646833419799818,-2.0,4.288092136383056
-2.0,-0.8559796810150141,4.0
-0.56670594215393,-2.0,4.989808678627011
-1.4545588493347166,-2.0,4.984665811061856
-1.4319924116134641,-1.9105918407440186,4.581583261489866
0.9007101058959974,-1.9510949850082397,4.2375566959381095
-2.0,-0.8495972156524653,4.0
-0.48364984989166193,-2.0,4.966817855834957
-1.3951567411422727,-2.0,5.00672626495361
-1.2632850408554075,-2.0,4.632452011108396
0.9425671100616468,-1.9694502353668213,4.238044023513793
-2.0,-0.8337525129318232,4.0
-0.4307451248168938,-2.0,4.949344873428341
-1.3731265068054197,-2.0,5.008524060249325
-1.1732182502746578,-2.0,4.657871246337888
0.9211976528167738,-1.9364651441574097,4.232007384300231
-2.0,-0.8407243490219111,4.0
-0.460241794586181,-2.0,4.954276084899899
-1.3830933570861814,-2.0,5.016150832176205
-1.2520315647125242,-2.0,4.644203424453733
0.695642948150636,-1.8356292247772217,4.229725003242492
-2.0,-0.8269122838973993,4.0
-0.3352886438369744,-2.0,4.929760217666622
-1.3411446809768675,-2.0,5.029811263084408
-1.0753314495086665,-2.0,4.700554132461545
0.44390106201171986,-1.7757751941680908,4.141070127487182
-2.0,-0.9036407470703121,4.0
-0.22901070117950362,-2.0,4.954175949096676
-1.3064044713973997,-2.0,5.068069458007809
-0.9473094940185542,-2.0,4.7535099983215305
0.13321161270141696,-1.6721770763397215,4.010314226150513
-2.0,-1.0025043487548824,4.0
-0.19806814193725505,-2.0,5.005202412605282
-1.3002383708953855,-2.0,5.120398640632626
-0.9508194923400874,-2.0,4.786246597766874
-2.0,0.18029260635376074,4.0
-2.0,-0.4110879898071282,4.0
-2.0,-0.8947933912277217,4.799378752708432
-2.0,-1.5656268596649168,4.9760397076606715
-2.0,-2.0,4.080614328384399
-2.0,0.17764139175415136,4.0
-2.0,-0.46529424190521174,4.0
-2.0,-0.9172441959381099,4.82050561904907
-2.0,-1.5707098245620725,4.98579382896423
-2.0,-2.0,4.087987422943115
-2.0,0.16851949691772558,4.0
-2.0,-0.4153306484222405,4.0
-2.0,-1.0134818553924556,4.823490619659421
-2.0,-1.5820980072021482,4.981419444084164
-2.0,-2.0,4.124568462371826
-2.0,0.10918331146240327,4.0
-2.0,-0.8215563297271723,4.0
-2.0,-1.1278277635574336,5.016374111175534
-2.0,-1.628366708755493,5.059659838676449
-2.0,-2.0,4.1598262786865225
-2.0,0.15318298339843844,4.0
-2.0,-0.8539884090423578,4.0
-2.0,-1.2250654697418208,5.109747409820553
-2.0,-1.6571574211120603,5.093031406402584
-2.0,-2.0,4.2435675859451285
-2.0,0.20978760719299414,4.0
-2.0,-0.9571621417999263,4.0
-2.0,-1.4610729217529295,5.238241910934444
-2.0,-1.6796305179595945,5.121121764183041
-2.0,-1.9308730363845825,4.327136754989623
-2.0,0.2619333267211924,4.0
-2.0,-1.1334674358367915,4.315605878829955
-2.0,-1.7047209739685056,5.338983774185176
-2.0,-1.698395490646362,5.1433856487274126
-2.0,-1.6995531320571897,4.498636603355406
-2.0,0.25700974464416604,4.0
-2.0,-1.2099740505218501,4.382375478744505
-2.0,-1.6886491775512693,5.40088820457458
-2.0,-1.6983556747436521,5.158121228218074
-2.0,-1.806307315826416,4.458402156829832
-2.0,0.3075146675109873,4.0
-2.0,-1.1982259750366206,4.373662471771239
-2.0,-1.6961104869842527,5.444503784179682
-2.0,-1.7100445032119749,5.186423063278194
-2.0,-1.58120059967041,4.623743057250975
-2.0,0.3229160308837901,4.0
-2.0,-1.2983523607254026,4.6112402081489545
-2.0,-1.807218074798584,5.539176464080805
-2.0,-1.712403059005737,5.20126092433929
-2.0,-1.5385384559631345,4.650110125541684
-2.0,0.3212206363677989,4.0
-2.0,-1.304453372955322,4.638424634933469
-2.0,-1.809800386428833,5.549397468566889
-2.0,-1.7118520736694334,5.20472133159637
-2.0,-1.5050721168518064,4.676007807254789
-2.0,0.349674940109254,4.0
-2.0,-1.393399357795715,4.8023909330368015
-2.0,-1.8750499486923218,5.65838718414306
-2.0,-1.728614568710327,5.2433352470397905
-2.0,-1.395923614501953,4.755470335483548
-2.0,0.38307094573974715,4.0
-2.0,-1.3531901836395261,4.818957388401029
-2.0,-1.897850751876831,5.647880077362054
-2.0,-1.7095398902893064,5.226656079292293
-2.0,-1.235981702804565,4.731509864330289
-2.0,0.4229955673217784,4.0
-2.0,-1.3435928821563718,4.826470017433164
-2.0,-1.8947826623916626,5.6938822269439635
-2.0,-1.7035976648330686,5.238571643829341
-2.0,-1.2011801004409786,4.751770615577695
-2.0,0.4124956130981456,4.0
-2.0,-1.3584661483764646,4.897343039512631
-2.0,-1.9373397827148438,5.725603342056268
-2.0,-1.717631936073303,5.2353959083557084
-2.0,-1.1736259460449214,4.650376200675962
-2.0,0.4348220825195323,4.0
-2.0,-1.4021769762039182,4.922173082828518
-2.0,-1.9148762226104736,5.725949287414545
-2.0,-1.7005437612533567,5.249323606491084
-2.0,-1.2112078666687007,4.786053895950315
-2.0,0.4709582328796398,4.0
-2.0,-1.4798626899719236,4.984422266483303
-2.0,-1.9164522886276245,5.747238874435419
-2.0,-1.7243772745132444,5.282740831375118
-2.0,-1.2159824371337886,4.833227872848508
-2.0,0.4646461009979259,4.0
-2.0,-1.5290985107421873,5.040068626403805
-2.0,-1.9249800443649292,5.757499933242792
-2.0,-1.7210819721221922,5.2830972671508745
-2.0,-1.2700374126434324,4.866849958896634
-2.0,0.49361300468444935,4.0
-2.0,-1.300827383995056,4.676911175251004
-2.0,-1.8073782920837402,5.659893751144403
-2.0,-1.7028574943542478,5.261166810989375
-2.0,-1.2025287151336665,4.819864392280576
-2.0,0.49062204360962025,4.0
-2.0,-1.4051030874252317,4.842233419418332
-2.0,-1.8567534685134888,5.710140347480768
-2.0,-1.7163805961608884,5.285053968429561
-2.0,-1.2265360355377193,4.862053394317624
-2.0,0.48961305618286244,4.0
-2.0,-1.5526994466781614,4.853741288185117
-2.0,-1.7147275209426878,5.604840159416193
-2.0,-1.7473751306533811,5.305737972259517
-2.0,-1.3877701759338377,4.948771297931668
-2.0,0.507058620452882,4.0
-2.0,-1.4999493360519407,4.702262461185453
-2.0,-1.601956009864807,5.525878548622126
-2.0,-1.7650307416915894,5.312017917633052
-2.0,-1.4216606616973875,4.966200232505795
-2.0,0.4924492835998546,4.0
-2.0,-1.303609490394592,4.152729511260985
-2.0,-1.2875000238418577,5.36017787456512
-2.0,-1.8308241367340088,5.354297041893001
-2.0,-1.5264565944671629,4.963717281818386
-2.0,0.4670386314392101,4.0
-2.0,-1.4199492931365965,4.299528717994689
-2.0,-1.2870969772338865,5.367217540740962
-2.0,-1.8412309885025024,5.377991199493403
-2.0,-1.5475039482116697,5.002633810043331
-2.0,0.6020689010620128,4.0
-2.0,-0.506540656089782,4.0
-2.0,-1.0151146650314327,5.2525491714477495
-2.0,-1.9186012744903564,5.495415210723872
-2.0,-1.6822721958160398,5.024013280868527
-2.0,0.6114623546600353,4.15550410747528
-2.0,-0.403694033622741,4.0
-2.0,-1.0460665225982662,5.315202474594112
-2.0,-1.9635703563690186,5.581227540969843
-2.0,-1.7184121608734129,5.0876594781875575
-1.7731099128723145,0.46707868576049916,4.339226484298705
-2.0,-0.3265000581741326,4.0
-2.0,-1.148746013641357,5.373184204101558
-2.0,-2.0,5.759760022163385
-2.0,-1.7496569156646726,5.178985595703121
2.8649821281433128,-2.0,4.84770607948303
-1.9139981269836426,-0.8761856555938716,4.0
-0.5807373523712152,-2.0,5.389393806457514
-0.5462114810943597,-2.0,5.4995489120483345
0.4295239448547374,-2.0,5.606088876724238
2.8835616111755393,-2.0,5.029697537422177
-1.7652652263641357,-1.2698490619659422,4.0
-0.7004336118698115,-2.0,5.575640320777888
-0.37361633777618336,-2.0,5.6141506433486885
0.6157269477844249,-2.0,5.637168765068048
2.982057571411135,-2.0,5.111854434013363
-1.608213424682617,-1.20337700843811,4.0
-0.9195735454559322,-2.0,5.65875339508056
-0.23875856399536055,-2.0,5.67199540138244
0.8532493114471448,-2.0,5.600437045097346
2.9000134468078635,-2.0,5.244477272033687
-1.2019228935241695,-1.5793832540512083,4.0
-0.9119369983673091,-2.0,5.874640583991998
-0.09335601329803382,-2.0,5.6905547380447326
0.8854424953460707,-2.0,5.630442500114435
2.7573862075805686,-2.0,5.265466451644893
-1.144659280776977,-1.6768348217010496,4.0
-0.9043889045715328,-2.0,5.932103991508477
-0.11212468147277749,-2.0,5.675573110580438
0.879757642745973,-2.0,5.6435881853103576
2.4780993461608904,-2.0,5.318707466125484
-0.9849673509597774,-1.851349949836731,4.0
-0.9161075353622432,-2.0,6.02115607261657
-0.11359083652496255,-2.0,5.614155054092402
0.8757276535034193,-2.0,5.65726208686828
2.550219535827639,-2.0,5.379062175750727
-1.1141824722290035,-1.2027709484100337,4.0
-1.03545331954956,-2.0,5.885615229606621
0.11818194389343356,-2.0,5.647468209266656
1.0936479568481459,-2.0,5.585296392440791
1.7576825618743914,-2.0,5.329751968383785
-0.6900527477264399,-2.0,5.022665500640866
-0.9083561897277828,-2.0,5.986114263534539
0.40176010131836043,-2.0,5.410130739212031
1.195070028305055,-2.0,5.474786996841425
1.5488400459289566,-2.0,5.338837623596187
-0.48894798755645685,-2.0,5.72291457653045
-0.7127159833908076,-2.0,5.5580593347549385
0.5910258293151867,-2.0,5.237185716629024
1.2797846794128434,-2.0,5.400827288627619
1.391154289245607,-2.0,5.29955661296844
-0.6588153839111323,-2.0,5.337051033973689
-0.9068261384963985,-2.0,5.837183594703668
0.5741043090820324,-2.0,5.349503993988033
1.3629031181335465,-2.0,5.489396691322321
1.3828141689300553,-2.0,5.3092789649963334
-0.7600362300872797,-2.0,5.228063583374019
-0.9357445240020748,-2.0,5.936509847640984
0.7879176139831555,-2.0,5.445815920829768
1.3935725688934342,-2.0,5.553944468498225
1.3932027816772476,-2.0,5.293651580810542
-1.0034152269363399,-2.0,4.573642849922178
-1.0259077548980708,-2.0,6.168421506881706
0.7678024768829358,-2.0,5.698376417160028
1.3828563690185562,-2.0,5.653785347938531
1.4572229385375992,-2.0,5.2847019433975175
-1.2321876287460323,-1.5691787004470823,4.0
-1.0601292848587032,-2.0,6.123252391815178
0.7793860435485852,-2.0,5.824014663696283
1.408018827438356,-2.0,5.710052013397211
1.4075605869293228,-2.0,5.278931498527522
-1.4186203479766843,-1.3881657123565672,4.0
-1.0723059177398677,-2.0,6.0651917457580495
0.8842935562133802,-2.0,5.8648650646209655
1.4498684406280533,-2.0,5.752926230430597
1.2340822219848646,-2.0,5.331460237503047
-1.4149371385574339,-1.9634546041488647,4.216929554939269
-1.0152651071548457,-2.0,6.217493772506706
1.0809550285339369,-2.0,5.850909948348993
1.460309505462648,-2.0,5.732265949249261
1.1008863449096693,-2.0,5.317256093025203
-1.5028135776519773,-1.8211729526519775,4.025166749954224
-1.0014382600784297,-2.0,6.223802566528312
1.1729106903076185,-2.0,5.8950397968292165
1.547263145446779,-2.0,5.775948286056512
0.828509569168092,-2.0,5.454498410224909
-1.5555142164230344,-1.8571841716766357,4.079338312149048
-0.9706479310989375,-2.0,6.23983144760131
1.3081212043762223,-2.0,5.884073257446282
1.5680465698242203,-2.0,5.784680366516107
0.579286813735963,-2.0,5.568152666091914
-1.6247218847274778,-1.7456175088882444,4.0
-0.943358182907104,-2.0,6.231081962585441
1.3800725936889664,-2.0,5.9268943071365285
1.5718517303466812,-2.0,5.8085755109786925
0.5310425758361828,-2.0,5.521754741668696
-1.6395572423934934,-1.7066955566406248,4.0
-0.9266735315322872,-2.0,6.230712413787834
1.5321488380432144,-2.0,6.003378152847283
1.6300830841064469,-2.0,5.856775641441339
0.47172927856445424,-2.0,5.578891515731806
-1.6590322256088255,-1.6667482852935789,4.0
-0.885543584823608,-2.0,6.235185623168937
1.6627249717712418,-2.0,6.033870220184319
1.6298408508300797,-2.0,5.871324658393854
0.1995131969451914,-2.0,5.369694948196407
-1.6097309589385984,-1.6664288043975828,4.0
-0.909018754959106,-2.0,6.207563400268547
1.7166409492492691,-2.0,6.133015871047966
1.6967787742614762,-2.0,5.927476882934563
-0.16884446144103923,-2.0,5.374670505523677
-1.5294611454010008,-1.7063032388687132,4.0
-0.9398335218429561,-2.0,6.134330511093132
1.7800669670104998,-2.0,6.227752923965446
1.71615242958069,-2.0,5.981575369834893
-0.47263324260711603,-2.0,5.631630420684808
-1.1866916418075557,-1.9683630466461182,4.0760817527771
-0.9740780591964717,-2.0,5.985468626022332
1.8998544216156024,-2.0,6.295919418334953
1.7158317565917984,-2.0,6.0559940338134695
-0.4977265596389764,-2.0,5.465517163276667
-1.4804896116256712,-1.7888747453689575,4.0
-0.8923553228378291,-2.0,6.118690490722649
1.9727315902709979,-2.0,6.345905780792228
1.695729255676271,-2.0,6.05090928077697
-0.8429100513458246,-2.0,4.2494022846221915
0.5875356197357189,-1.6268296241760252,4.2351529598236075
-1.0544812679290767,-2.0,4.977454364299771
2.2277941703796404,-2.0,6.087706089019768
1.8450844287872332,-2.0,5.924494028091424
-0.01347100734710605,-2.0,4.882307887077328
1.218899250030519,-1.3414071798324583,4.035880923271179
-1.1459742784500118,-1.9811046123504639,4.182119607925414
2.274818420410158,-2.0,6.1483378410339276
1.8374080657959002,-2.0,5.994045257568352
-0.7889466285705561,-2.0,4.263782024383544
0.5525789260864269,-1.7170596122741697,4.391145348548887
-0.9244492053985591,-2.0,5.398429274559016
2.35697650909424,-2.0,6.10616207122802
1.8565025329589862,-2.0,5.925572633743279
-0.6104862689971917,-2.0,4.590052127838133
0.3668551445007335,-1.7805882692337036,4.459284901618956
-0.830283641815185,-2.0,5.769128322601312
2.384425640106203,-2.0,6.117544889450066
1.8482534885406512,-2.0,5.91309738159179
-0.05832934379577551,-2.0,5.852399110794061
-0.2970123291015617,-2.0,4.5026276111602765
-0.8220571279525751,-2.0,6.095421314239495
2.2403769493103045,-2.0,6.250232219696037
1.744939565658571,-2.0,5.99621653556823
-0.5791691541671746,-2.0,4.440610885620115
0.7897515296936047,-1.6781076192855833,4.483906745910643
-0.8772349357604976,-2.0,5.53836059570312
2.336426734924318,-2.0,6.108322620391839
1.8631069660186785,-2.0,5.9257051944732595
0.04470109939575286,-2.0,5.659324884414667
0.3077511787414561,-1.841001272201538,4.6063568592071515
-0.9022543430328365,-2.0,5.740020155906671
2.2635984420776385,-2.0,6.219367265701286
1.814580440521242,-2.0,6.004428625106804
-0.21429884433746257,-2.0,4.984790444374081
0.6860811710357678,-1.6714885234832761,4.550621271133421
-0.8496241569519037,-2.0,5.726161837577814
2.34043073654175,-2.0,6.165945053100578
1.8470976352691668,-2.0,5.940734386444085
-0.3330082893371575,-2.0,4.695567369461057
0.8598132133483899,-1.609551429748535,4.539218306541441
-0.8379882574081415,-2.0,5.64972555637359
2.352884292602541,-2.0,6.148072004318229
1.8547143936157244,-2.0,5.960635185241692
0.6269693374633801,-2.0,5.044109702110287
1.6651139259338394,-1.3999819755554197,4.131337642669677
-1.0003832578659053,-2.0,4.4861268997192365
2.3335938453674334,-2.0,6.165501117706291
1.8795154094696063,-2.0,6.009550333023064
0.34907412528991805,-2.0,5.003279447555538
1.6693425178527848,-1.441863179206848,4.1820818185806266
-0.9221174716949458,-2.0,4.797390937805173
2.394644260406496,-2.0,6.142773151397697
1.9215335845947283,-2.0,6.010165214538567
-0.20196866989135662,-2.0,4.664458036422727
1.474704265594484,-1.5398671627044676,4.39370822906494
-0.7956809997558588,-2.0,5.40068650245666
2.4551296234130877,-2.0,6.140055179595939
1.9320526123046893,-2.0,6.037261247634881
0.44246435165405384,-2.0,5.398371577262873
-0.5237047672271722,-1.4836139678955076,4.091797351837158
-0.6779172420501703,-2.0,6.374612808227531
2.258735656738283,-2.0,6.404512882232657
1.7676038742065447,-2.0,6.166356563568107
0.6560187339782727,-2.0,5.874733448028558
0.970413684844972,-1.7843650579452515,4.769823789596555
-0.7466303110122675,-2.0,5.9804935455322195
2.3518905639648455,-2.0,6.247907638549797
1.858835697174074,-2.0,6.12499284744262
0.7157528400421155,-2.0,5.606473922729487
0.5343105792999279,-1.6002714633941648,4.536834836006163
-0.737663865089416,-2.0,6.1902899742126385
2.25300979614258,-2.0,6.3633129596710125
1.7928009033203143,-2.0,6.198482513427726
1.1424403190612806,-2.0,5.137543201446529
2.1698150634765643,-1.7081657648086546,4.0965962409973145
-0.9491926431655879,-2.0,4.650469362735746
2.3259830474853533,-2.0,6.184146881103508
1.9198386669158953,-2.0,6.087412595748894
1.1889445781707777,-2.0,5.3974416255950874
-0.06146359443664465,-1.1538773775100704,4.0
-0.6618211269378657,-2.0,6.28931236267089
2.151658535003664,-2.0,6.45113778114318
1.7588121891021746,-2.0,6.243664741516105
1.6834440231323258,-2.0,5.458449125289912
1.1476845741271986,-1.8832125663757324,4.038952589035034
-0.5457234382629388,-2.0,6.096521854400628
1.7646591663360613,-2.0,6.4965617656707675
1.515114307403566,-2.0,6.489030122756949
0.99213743209839,-2.0,5.313358783721919
-0.0680710077285758,-2.0,4.0
-0.11294627189636147,-2.0,6.34217166900634
0.6845211982727063,-2.0,5.881821155548089
3.0153341293334983,-2.0,5.4230458736419624
1.066891431808473,-2.0,5.333884477615352
0.32164239883422957,-2.0,4.0
-0.1438554525375358,-2.0,6.25890111923217
0.7186400890350354,-2.0,5.999448060989373
2.887128829956057,-2.0,5.444707751274104
-0.9001237154006954,-1.3871624469757078,5.129256486892696
-2.0,-0.8746038675308222,4.0
-2.0,-2.0,6.326662540435783
-2.0,-0.9928808212280269,5.329019784927364
-2.0,-2.0,4.961594581604
-1.2344552278518672,-1.3894087076187132,5.116245388984677
-2.0,-0.8695061206817621,4.0
-2.0,-2.0,6.427724838256827
-2.0,-0.9912984371185298,5.369202136993404
-2.0,-2.0,4.948637723922726
-1.5227801799774168,-0.89038074016571,5.095143556594845
-2.0,-0.5263961553573602,4.0
-2.0,-2.0,6.423280715942374
-2.0,-1.130584359169006,5.430772542953486
-2.0,-2.0,4.862611711025235
-0.9083353281021114,-1.3514013290405271,5.147763490676875
-2.0,-1.029941082000732,4.0
-2.0,-2.0,6.476745605468741
-2.0,-1.109849095344543,5.41763293743133
-2.0,-2.0,5.099320769309994
-0.8455557823181147,-1.5015429258346555,5.157377600669856
-1.9598944187164307,-1.1874523162841792,4.0
-2.0,-2.0,6.502735137939444
-2.0,-1.1672394275665279,5.437613844871516
-1.689254283905029,-2.0,5.252878904342647
-1.3134628534317014,-0.9786634445190425,5.13847970962524
-2.0,-0.8900429010391231,4.0
-2.0,-2.0,6.556292057037345
-2.0,-0.9895246028900142,5.421885728836054
-2.0,-2.0,5.1171407699584925
-1.6495362520217893,-0.7750679254531855,5.128357887268062
-2.0,-0.8701288700103754,4.0
-2.0,-2.0,6.585340499877921
-2.0,-0.9231965541839595,5.416219711303706
-2.0,-2.0,5.1280493736267045
-1.6260513067245481,-0.8216009140014643,5.134816169738765
-2.0,-0.9327592849731441,4.0
-2.0,-2.0,6.644243001937856
-2.0,-0.9555687904357906,5.4515962600707955
-2.0,-2.0,5.284251332283016
-0.9572498798370357,-1.556590437889099,5.174963235855098
-1.532535672187805,-1.7607430219650269,4.0
-2.0,-2.0,6.911447525024403
-2.0,-1.1240814924240108,5.466465353965754
-0.06162369251251135,-2.0,5.721649527549737
-1.3518342971801756,-1.241742372512817,5.1616972684860185
-1.8377115726470947,-1.5450915098190305,4.0
-2.0,-2.0,6.881174087524403
-2.0,-0.9210187196731563,5.438021540641779
-1.072052955627441,-2.0,5.561787605285639
-2.0,-0.18750178813934246,5.134840965270992
-2.0,-0.4355725049972527,4.0
-2.0,-2.0,6.580401897430411
-2.0,-0.9157357215881343,5.510948896408076
-2.0,-2.0,5.257563352584834
-2.0,-0.0649964809417716,5.149974584579463
-2.0,-0.2964102029800407,4.0
-2.0,-2.0,6.482306957244864
-2.0,-0.9405474662780757,5.542586326599116
-2.0,-2.0,5.288377761840816
-2.0,0.3734328746795665,5.1795229911804155
-2.0,0.03105735778808684,4.0
-2.0,-1.9907526969909668,6.079247236251824
-2.0,-1.183741688728332,5.83064973354339
-2.0,-1.4717063903808592,5.8187707662582335
-1.3473520278930662,1.612327098846437,5.587289094924921
-2.0,1.7077221870422379,4.0
-2.0,-1.1530463695526119,5.29969477653503
-2.0,-0.554780721664428,5.770130038261407
-1.5788882970809934,0.15056037902832126,6.638091564178457
-1.0778331756591792,1.9895064830780047,5.625581979751581
-1.6482496261596677,2.458325386047365,4.0
-2.0,-0.9817969799041744,5.615234851837153
-2.0,-0.3193355798721306,5.920488834381096
-1.3951637744903562,0.3285720348358165,6.72191333770751
-1.5889748334884641,1.9463052749633807,5.281281948089595
-2.0,1.5974633693695084,4.0
-2.0,-0.052853941917418566,5.861838221549982
-2.0,0.46495461463928334,6.222249746322624
-0.8629906177520746,0.9104425907135023,6.827333688735952
-1.5661799907684324,1.969616889953615,5.305207967758174
-2.0,1.7398447990417496,4.0
-2.0,-0.01310634613037021,5.966311573982232
-2.0,0.5596654415130626,6.3098695278167645
-0.8458820581436152,0.9460856914520277,6.874109029769888
-1.525183320045471,1.926295757293703,5.213132619857784
-2.0,1.4121930599212662,4.0
-2.0,-0.07857656478881751,5.844552636146539
-2.0,0.49014759063720814,6.162355422973625
-0.9133352041244502,0.7068653106689465,6.823639154434194
-1.6531052589416502,2.2391839027404803,4.0
-2.0,-0.480288386344909,4.245915889739989
-2.0,0.2682304382324229,5.6668553352355895
-1.8800249099731445,1.1995267868042006,6.039621353149407
-0.6950843334197992,0.4791824817657482,6.5015926361083896
-1.497625946998596,2.6767930984497093,4.0
-2.0,-0.5844181776046746,4.764630556106565
-2.0,0.5930261611938488,5.955504298210137
-1.2032052278518672,1.935613155364992,6.3688952922820965
-0.4786559343338006,0.8768553733825697,6.704730749130239
-2.0,-2.0,6.020574092864983
-2.0,-1.1960667371749873,4.0
-2.0,-0.402464032173156,5.756667375564569
-2.0,1.036073446273805,5.457182407379145
-1.5826323032379148,-1.0989792346954341,5.14053893089294
-2.0,-0.5334385633468621,4.0
-2.0,-0.5979253053665154,4.568310141563414
-2.0,0.5620691776275646,5.675669431686395
-1.6782884597778318,1.432305812835695,6.034220457077019
-1.1572388410568233,-0.2089240550994865,6.052476167678826
-1.6831192970275877,1.0692658424377455,4.0
-2.0,-1.21501612663269,4.809343039989469
-2.0,-0.3817944526672356,5.50829410552978
-2.0,0.4311776161193858,5.318218231201167
-1.8555965423583984,-1.290171146392822,4.947643280029293
-2.0,-2.0,6.112609386444085
-2.0,-1.1328932642936702,4.520313382148741
-2.0,-0.252430319786071,5.498125314712519
-2.0,1.1681435108184828,5.245960712432857
-1.2735434770584104,-1.3325747251510618,4.543391823768614
-2.0,-0.41895699501037525,4.86000311374664
-2.0,-0.6866780519485468,4.119725227355957
-2.0,0.04979562759399505,5.33012735843658
-1.5380847454071043,1.5696277618408219,5.430321216583247
-0.6166152954101556,-0.5810483694076531,4.908077001571652
-2.0,-0.516565561294555,4.851432263851163
-2.0,-0.8281350135803217,4.0
-2.0,0.21807241439819433,5.401783108711237
-0.5805931091308587,2.579331398010256,5.3978126049041695
0.09175300598144624,0.017965793609620036,5.686980247497552
-2.0,-0.5810546874999993,4.921196997165676
-2.0,-0.8854815959930415,4.0
-2.0,0.09922504425048921,5.403164148330683
-0.678040981292724,2.422276496887209,5.238286137580867
0.0251007080078134,-0.030827164649962505,5.525798082351679
0.5889334678649913,-2.0,5.357567191123958
4.024064064025882,-2.0,5.4771161079406685
6.700984954833988,-2.0,6.765093803405752
5.059582233428959,0.06389188766479584,6.755378007888784
1.5102658271789566,0.7565836906433118,5.500583291053767
0.14527463912963962,-2.0,5.295242309570308
3.0842480659484885,-2.0,5.141247749328609
5.5306091308593786,-2.0,6.232579946517936
5.496751308441166,-1.4372421503067014,6.457076311111441
3.4944200515747093,1.1972286701202406,5.282228946685787
0.6267218589782727,-2.0,5.367570400238033
4.368340492248538,-2.0,5.631796002387994
7.177279472351079,-2.0,6.913809776306142
5.149317264556888,0.3350112438201915,6.790359973907461
1.5205664634704605,0.9034285545349134,5.410937309265131
1.553702354431154,-2.0,5.485309123992915
4.686543941497805,-2.0,5.793354034423822
7.520336151123051,-2.0,7.103032112121571
5.1866736412048375,0.5141315460205089,6.842483758926382
1.4948315620422379,0.9569983482360853,5.347348809242244
1.4583132266998307,-2.0,5.533624410629267
4.975679874420169,-2.0,5.946161866188042
7.560083389282231,-1.9316089153289795,7.15498900413512
5.083103656768802,0.5659182071685802,6.827023983001699
1.4653644561767594,0.8957388401031507,5.378135561943049
1.557634830474855,-2.0,5.5541822910308785
4.937767505645755,-2.0,5.969401717185967
7.7430515289306685,-1.7531177997589111,7.255788087844837
5.127052783966068,0.6316647529602063,6.853800535202017
1.4553546905517594,0.9172205924987806,5.353258252143855
1.6297702789306656,-2.0,5.5559769868850655
5.1192579269409215,-2.0,6.049674034118645
7.866829872131352,-1.6115496158599851,7.291819095611561
5.138676166534427,0.7188911437988293,6.860291957855215
1.4594719409942642,0.9802157878875746,5.302429914474483
1.846952438354494,-2.0,5.613344669342036
5.054785251617435,-2.0,6.0963642597198415
8.083553314208988,-1.3833167552947996,7.4138321876525755
5.086817264556888,0.7185111045837415,6.847658634185781
1.4012308120727555,0.8197481632232678,5.389729857444758
2.204133033752443,-2.0,5.635089397430414
5.189081192016605,-2.0,6.177560806274406
8.481376647949222,-1.0471382141113277,7.543640613555896
5.31126165390015,0.6040501594543468,6.851437091827383
1.3465595245361344,0.69811248779297,5.456693887710566
2.1865839958190936,-2.0,5.6633434295654235
5.256451606750492,-2.0,6.238070487976066
8.576816558837894,-0.9582030773162837,7.596521615982043
5.391704082489017,0.6225228309631359,6.873839378356924
1.362141609191896,0.7969155311584485,5.376128911972041
2.334712505340578,-2.0,5.676554679870599
5.284806728363041,-2.0,6.243732929229728
8.708423614501957,-0.8377351760864252,7.635071516036974
5.592848300933841,0.7121617794036877,6.934147834777821
1.43195152282715,1.0703089237213148,5.182746648788448
2.37601947784424,-2.0,5.685936570167535
5.344062328338627,-2.0,6.281947612762443
8.815620422363285,-0.7317583560943598,7.656321763992296
5.542045116424564,0.7443964481353772,6.9140934944152725
1.4207408428192154,1.0673651695251478,5.169243097305293
2.2556190490722674,-2.0,5.698591589927667
5.421561717987064,-2.0,6.333710670471183
8.867786407470707,-0.6735224723815912,7.674290895462023
5.603125095367435,0.6747703552246106,6.902989864349355
1.3844842910766617,0.9711446762084974,5.24697351455688
2.3964719772338885,-2.0,5.7212201356887755
5.588402748107914,-2.0,6.387413978576651
8.868404388427738,-0.6358754634857172,7.696509122848497
5.455014228820804,0.7979428768157971,6.902164220809926
1.411122322082521,1.0364034175872816,5.196874618530269
2.138421535491945,-2.0,5.70164513587951
5.550888061523441,-2.0,6.396851301193228
8.925708770751957,-0.5871767997741693,7.707053899765001
5.473309516906742,0.7969818115234387,6.897332668304433
1.399915218353273,1.023983478546144,5.207272529602046
2.4778318405151385,-2.0,5.658374547958368
5.491927146911625,-2.0,6.304306268692009
8.895282745361332,-0.5920782089233392,7.654241561889635
5.240356922149662,0.893574953079225,6.840525627136221
1.3996248245239273,1.0068533420562757,5.203378319740291
3.098623275756838,-2.0,5.600326538085932
6.858861923217777,-1.8757424354553223,6.801245212554922
8.885662078857425,-0.37473702430725025,7.6118233203887815
4.74173450469971,1.0016155242919935,6.690149068832388
1.3680062294006363,0.8543217182159436,5.286037921905513
3.578458786010745,-2.0,5.852329254150384
8.477607727050785,0.14841079711914157,7.564950227737414
8.853904724121097,-0.13130378723144448,7.632804632186876
4.4448685646057156,1.0822119712829603,6.619957923889151
1.3637137413024918,0.790508031845094,5.323912858963008
2.7548012733459495,-2.0,5.5011392831802315
5.958437442779545,-2.0,6.347353458404533
8.753488540649418,-0.4526498317718499,7.560681104660022
4.5686006546020534,1.0572082996368422,6.659690856933584
1.3561019897460953,0.7625932693481458,5.349146008491512
3.124057769775393,-2.0,5.655566930770868
7.161128997802739,-0.8978040218353267,6.889572620391835
8.739244461059574,-0.16579246520996013,7.582414388656604
4.250111579895022,1.1677861213684095,6.595853090286246
1.353389739990236,0.7258915901184094,5.367646217346187
2.449275493621828,-2.0,5.391476154327387
4.098339557647708,-2.0,5.291635632514949
8.478010177612308,-0.7804956436157221,7.413471221923816
4.349070549011233,1.2140421867370619,6.644553899765005
1.3584170341491715,0.763882637023927,5.342725038528438
5.3780069351196325,-1.8962323665618896,6.343979358673088
8.316026687622074,0.9512670040130629,7.492338895797717
8.520149230957035,-0.1000585556030265,7.503470897674548
4.043204307556155,1.21501922607422,6.555614709854117
1.3393063545227066,0.6837115287780774,5.375487923622126
7.323082923889165,-0.07404732704162512,6.735434532165518
8.088935852050785,2.3528041839599627,7.747956514358507
7.951318740844731,0.564138412475587,7.453299999237048
3.882402420043948,1.1509666442871107,6.492252826690665
1.3355305194854752,0.6448864936828625,5.39590454101562
7.087024688720708,-0.4895906448364251,5.799069404602045
5.899015903472904,3.1781148910522483,7.312615871429432
6.0986022949218786,1.2388968467712416,6.882987022399892
3.7870645523071316,1.0697410106658949,6.400840520858756
1.3555345535278336,0.6296980381011975,5.41468203067779
5.959549427032474,0.3746564388275157,7.15994095802306
5.714364528656009,0.07078957557678314,7.631304502487169
4.64879655838013,3.037704944610598,6.950441122055043
3.572050571441653,0.9713215827941908,6.3817501068115146
1.3191409111022965,0.5119833946228038,5.470170140266413
7.630126953125004,-0.24508810043334883,5.935745954513543
3.304773807525637,-0.5987238883972161,6.021541118621819
7.342403411865239,0.12882566452026462,7.185157775878895
4.19825077056885,0.7229790687561047,6.432887554168692
1.5037200450897232,0.5906872749328624,5.426009654998774
5.611601352691654,2.38617515563965,7.02929925918578
4.2198600769042995,0.7983283996582043,8.024887084960923
4.754950046539309,2.6731572151184104,6.7873401641845605
3.385701656341555,0.9317376613616957,6.361209392547599
1.3003301620483414,0.39644050598144637,5.504478454589838
4.645631313323977,1.037104129791261,6.77171254158019
5.494983673095707,-0.35323452949523854,8.023427009582505
4.3675675392150906,1.8146126270294207,6.526974201202384
3.3650264739990257,0.9948234558105482,6.371377944946281
1.2974998950958267,0.44098329544067494,5.459339618682856
0.9626615047454847,4.612975120544436,6.6869983673095605
-0.8557001352310175,3.114482879638674,7.4412417411804075
0.4802050590515148,3.2502756118774436,6.839986085891714
0.5105805397033703,0.6112821102142345,4.0
-0.4245052337646477,-0.30377888679504317,5.165062069892879
0.7317397594451917,4.393858909606936,6.336123228073112
-1.2048218250274654,2.663677215576174,7.240959644317615
0.2260589599609385,2.7886781692504905,6.34893584251403
0.38966274261474715,0.035756587982178636,4.0
-0.17414069175720134,-0.3586003780364983,4.728159129619596
0.37153744697570906,3.987401962280276,6.536650896072379
-0.8867876529693599,3.0989484786987327,7.332972049713123
0.7950615882873547,3.7713313102722195,6.613242626190177
0.6843061447143567,-0.24819982051849288,4.0
0.16464352607727148,-1.2279300689697261,4.0
-0.17972993850707927,3.425083160400393,6.345920562744133
-0.6994493007659907,3.2911081314086936,7.355795860290516
1.0584368705749525,3.9755086898803738,6.576002597808829
0.5594987869262706,-0.39962267875671315,4.0
-0.13794982433319009,-1.5398799180984495,4.0
-0.7656260728836054,2.8295249938964866,6.094766139984124
-0.7873588800430292,3.1590814590454124,7.214923858642567
1.0571429729461683,4.047497749328616,6.140697717666618
0.5919499397277843,-0.7105425596237177,4.0
0.107692003250123,-1.2092542648315425,4.0
-1.134311199188232,2.4598574638366717,5.947883605957024
-1.6110118627548216,2.103921890258791,6.227158308029167
1.1275248527526869,3.235686302185061,5.459019780158991
0.14681911468505954,-1.574901223182678,4.0
0.1565732955932627,-1.484102964401245,4.0
-2.0,1.1880497932434095,5.398619651794428
-1.242286920547485,2.1991882324218768,5.948574304580681
1.3072385787963883,3.132406234741213,5.083398580551144
0.37100219726562605,-1.4047502279281614,4.0
-0.06177997589111242,-2.0,4.0
-1.7962591648101807,1.5718593597412125,5.646888971328729
-1.0374675989150997,2.435403823852541,6.035191059112542
1.4226722717285172,2.8652496337890647,4.925716996192929
0.5050363540649425,-0.9519567489624019,4.0
-0.726100087165832,-2.0,4.0
-0.22166597843170088,3.3624410629272483,6.340483188629142
-1.4320294857025144,2.01719379425049,5.781111478805536
0.9809758663177504,2.8802213668823264,5.155924558639522
-0.18278002738952556,-1.9164209365844727,4.0
-0.7443062067031855,-2.0,4.0
-0.6843104362487787,2.9330806732177757,6.15481758117675
-1.39496374130249,2.0242557525634783,5.704590559005731
1.048179626464845,2.754636287689211,5.745368957519525
-0.10929512977600013,-1.1974353790283199,4.0
-1.2114722728729244,-2.0,4.0
-2.0,0.9857389926910414,5.310408830642696
-1.267634868621826,1.8891668319702166,5.571524858474726
0.5573687553405773,2.835676670074465,5.677123069763177
-0.627477884292602,-2.0,4.0
-0.4946018457412713,-2.0,4.0
-1.2127722501754756,2.3789753913879412,5.9266710281372
-1.4361771345138548,1.856363773345949,5.602029085159296
0.6271505355834973,2.8183336257934593,5.888140678405755
-0.5919795036315911,-2.0,4.0
-0.6922514438629145,-2.0,4.0
-1.3849980831146238,2.1829757690429705,5.861605405807489
-1.4358396530151365,1.920338153839113,5.644226551055902
0.5425910949707042,1.9093575477600115,5.321924924850459
-0.9952849149703975,-1.5099592208862302,4.0
-1.6248506307601926,-2.0,4.143397688865661
-0.9208118915557857,2.631917476654055,6.0755581855773855
-1.3214091062545774,1.9925863742828387,5.63344776630401
0.30773019790649514,1.8501691818237322,5.712721109390253
-1.3828159570693968,-0.8082981109619135,4.097665786743164
-2.0,-1.5368889570236204,5.137638688087459
-1.067417979240417,2.5188016891479514,5.998916625976555
-1.5489025115966795,1.722213745117189,5.52304589748382
-0.04723739624023351,1.6104915142059342,5.713902473449701
-1.8018131256103516,-1.7623399496078491,4.0
-1.9290735721588135,-1.8443447351455688,4.627867162227628
-0.9227658510208125,2.674752712249758,6.060478925704949
-1.545310854911804,1.7067565917968766,5.507096767425532
0.13745188713073825,1.6023974418640152,5.795797228813165
-1.947563886642456,-0.5206216573715203,4.558323502540587
-2.0,-0.4762046337127679,5.691261768341058
