1.9,-83,1.858,-86,1.943,-82,1.98,-82
1.91,-83,1.849,-85,1.961,-82,1.971,-82
1.9,-83,1.868,-88,1.98,-83,1.989,-82
1.896,-82,1.863,-86,1.938,-82,1.961,-82
1.905,-82,1.863,-87,1.938,-82,1.961,-83
1.896,-83,1.872,-88,1.957,-83,1.952,-82
1.905,-83,1.858,-86,1.933,-82,1.966,-84
1.9,-82,1.858,-86,1.928,-82,1.943,-82
1.924,-82,1.845,-86,1.928,-82,1.971,-82
1.9,-83,1.835,-86,1.928,-83,1.966,-82
1.919,-82,1.844,-86,1.943,-83,1.966,-82
1.891,-83,1.853,-86,1.943,-83,1.943,-82
1.905,-82,1.863,-85,1.947,-83,1.966,-82
1.905,-83,1.858,-86,1.919,-84,1.957,-82
1.914,-83,1.849,-85,1.919,-83,1.947,-82
1.933,-83,1.868,-86,1.928,-83,1.971,-82
1.905,-82,1.844,-86,1.933,-83,1.952,-82
1.919,-83,1.872,-86,1.914,-82,1.966,-82
1.896,-83,1.868,-85,1.905,-84,1.952,-82
1.9,-84,1.849,-86,1.943,-83,1.98,-82
1.914,-82,1.886,-86,1.933,-83,1.947,-82
1.919,-84,1.863,-86,1.952,-83,1.952,-82
1.896,-82,1.872,-87,1.966,-82,1.971,-82
1.905,-83,1.849,-86,1.938,-83,1.961,-82
1.896,-82,1.868,-86,1.947,-82,1.952,-82
1.91,-83,1.868,-86,1.952,-83,1.966,-82
1.9,-83,1.877,-85,1.938,-83,1.961,-82
1.914,-83,1.849,-88,1.938,-83,1.947,-82
1.896,-82,1.863,-85,1.947,-83,1.961,-82
1.896,-82,1.868,-85,1.933,-83,1.975,-82
1.91,-83,1.845,-85,1.947,-83,1.966,-82
1.886,-84,1.886,-86,1.952,-84,1.957,-82
1.914,-82,1.891,-86,1.947,-82,1.985,-82
1.896,-83,1.849,-86,1.943,-83,1.971,-82
1.9,-83,1.872,-85,1.914,-83,1.989,-82
1.91,-83,1.872,-87,1.966,-83,1.938,-84
1.9,-83,1.863,-85,1.947,-84,1.971,-82
1.91,-83,1.863,-85,1.928,-83,1.98,-82
1.924,-83,1.868,-85,1.938,-83,1.975,-83
1.896,-82,1.872,-85,1.957,-83,1.966,-82
1.9,-83,1.853,-85,1.938,-83,1.957,-82
1.882,-83,1.863,-84,1.924,-84,1.957,-82
1.91,-83,1.858,-84,1.928,-83,1.928,-82
1.896,-83,1.858,-85,1.938,-83,1.98,-82
1.905,-83,1.849,-84,1.928,-83,1.975,-84
1.924,-83,1.849,-84,1.928,-83,1.98,-82
1.905,-83,1.853,-84,1.943,-83,1.957,-82
1.914,-83,1.886,-85,1.943,-83,1.957,-83
1.91,-83,1.877,-85,1.919,-83,1.952,-82
1.914,-83,1.858,-84,1.914,-83,1.943,-82
1.905,-83,1.872,-84,1.933,-83,1.975,-82
1.9,-83,1.849,-84,1.938,-83,1.952,-84
1.914,-83,1.872,-84,1.924,-83,1.952,-82
1.905,-83,1.882,-84,1.924,-83,1.957,-82
1.914,-83,1.872,-84,1.919,-84,1.938,-82
1.886,-83,1.868,-85,1.928,-83,1.966,-82
1.91,-83,1.853,-84,1.957,-83,1.952,-82
1.919,-82,1.844,-84,1.924,-83,1.961,-82
1.905,-82,1.849,-85,1.957,-83,1.952,-82
1.914,-84,1.868,-84,1.933,-83,1.961,-82
1.924,-83,1.868,-86,1.933,-83,1.971,-82
1.891,-83,1.868,-85,1.952,-83,1.943,-82
1.896,-83,1.853,-85,1.928,-83,1.989,-82
1.91,-83,1.844,-85,1.938,-83,1.957,-82
1.928,-83,1.858,-85,1.924,-83,1.975,-82
1.919,-83,1.882,-85,1.938,-83,1.938,-82
1.914,-83,1.858,-85,1.928,-82,1.957,-82
1.919,-83,1.886,-85,1.938,-83,1.957,-82
1.914,-83,1.849,-85,1.943,-83,1.985,-82
1.9,-82,1.868,-86,1.928,-83,1.971,-82
1.9,-83,1.849,-85,1.961,-83,1.961,-82
1.9,-83,1.868,-85,1.928,-84,1.985,-82
1.933,-84,1.882,-86,1.947,-84,1.971,-82
1.9,-83,1.886,-84,1.943,-83,1.952,-82
1.896,-83,1.868,-85,1.928,-83,1.957,-82
1.9,-83,1.877,-84,1.924,-83,1.952,-82
1.891,-83,1.872,-84,1.957,-83,1.994,-82
1.905,-83,1.849,-84,1.933,-84,1.943,-82
1.905,-83,1.844,-85,1.933,-83,1.952,-82
1.905,-83,1.863,-85,1.933,-83,1.975,-82
1.914,-83,1.872,-85,1.943,-84,1.985,-83
1.914,-83,1.849,-85,1.928,-83,1.985,-82
1.91,-83,1.849,-85,1.938,-83,1.952,-82
1.919,-83,1.872,-85,1.9,-83,1.966,-82
1.914,-83,1.853,-85,1.919,-84,1.957,-82
1.905,-83,1.877,-84,1.943,-83,1.975,-82
1.891,-83,1.858,-84,1.91,-83,1.98,-82
1.905,-83,1.853,-85,1.933,-83,1.961,-83
1.896,-84,1.868,-84,1.919,-83,1.961,-82
1.886,-83,1.886,-85,1.905,-83,1.961,-82
1.891,-83,1.882,-85,1.914,-83,1.957,-82
1.914,-83,1.868,-85,1.957,-83,1.961,-82
1.928,-83,1.853,-84,1.928,-83,1.971,-82
1.896,-83,1.858,-85,1.943,-83,1.947,-82
1.919,-83,1.882,-84,1.957,-83,1.961,-82
1.905,-83,1.844,-85,1.919,-83,1.975,-82
1.91,-83,1.863,-84,1.938,-83,1.966,-82
1.914,-83,1.872,-84,1.943,-82,1.985,-82
1.933,-83,1.886,-84,1.952,-83,1.957,-82
1.9,-83,1.853,-84,1.924,-83,1.952,-82
1.891,-83,1.849,-86,1.914,-83,1.943,-82
1.952,-83,1.882,-85,1.933,-83,1.971,-82
1.877,-83,1.853,-84,1.933,-83,1.957,-82
1.919,-83,1.858,-85,1.914,-82,1.943,-82
1.924,-83,1.858,-84,1.914,-84,1.943,-82
1.9,-83,1.858,-85,1.938,-83,1.961,-82
1.9,-83,1.872,-84,1.928,-83,1.971,-83
1.905,-83,1.863,-84,1.933,-83,1.957,-82
1.896,-83,1.868,-84,1.924,-83,1.971,-83
1.91,-83,1.863,-84,1.943,-83,1.971,-82
1.9,-83,1.863,-84,1.933,-83,1.961,-82
1.896,-84,1.891,-84,1.914,-83,1.98,-82
1.91,-83,1.831,-84,1.943,-83,1.957,-82
1.933,-83,1.872,-86,1.938,-83,1.957,-83
1.905,-83,1.872,-84,1.938,-83,1.975,-82
1.896,-83,1.863,-84,1.914,-83,1.952,-82
1.928,-83,1.853,-85,1.914,-83,1.952,-82
1.928,-84,1.863,-86,1.952,-85,1.961,-83
1.905,-83,1.858,-85,1.933,-83,1.971,-82
1.905,-83,1.858,-84,1.928,-83,1.933,-82
1.905,-83,1.877,-84,1.947,-83,1.943,-82
1.924,-83,1.858,-86,1.947,-84,1.966,-82
1.9,-83,1.858,-84,1.9,-83,1.985,-82
1.914,-83,1.853,-85,1.947,-83,1.985,-82
1.905,-83,1.853,-85,1.928,-83,1.961,-82
1.91,-83,1.853,-85,1.952,-84,1.947,-83
1.9,-84,1.877,-85,1.933,-83,1.994,-82
1.905,-83,1.858,-85,1.933,-83,1.947,-82
1.905,-82,1.868,-85,1.943,-83,1.952,-83
1.905,-84,1.872,-85,1.952,-83,1.957,-82
1.9,-83,1.863,-85,1.928,-83,1.961,-82
1.896,-83,1.877,-85,1.938,-83,1.966,-82
1.91,-84,1.858,-84,1.938,-83,1.975,-82
1.891,-83,1.863,-86,1.947,-85,1.994,-83
1.9,-83,1.853,-85,1.938,-83,1.947,-82
1.905,-83,1.863,-85,1.938,-83,1.971,-82
1.91,-83,1.863,-85,1.943,-83,1.957,-82
1.896,-84,1.849,-87,1.943,-83,1.947,-82
1.905,-83,1.868,-85,1.928,-83,1.985,-82
1.91,-83,1.849,-85,1.947,-83,1.957,-82
1.914,-83,1.877,-85,1.947,-83,1.966,-83
1.91,-83,1.844,-85,1.947,-83,1.966,-83
1.886,-83,1.84,-85,1.924,-83,1.961,-82
1.919,-83,1.849,-85,1.938,-83,1.957,-82
1.9,-83,1.886,-84,1.947,-83,1.952,-82
1.896,-83,1.858,-85,1.947,-83,1.957,-83
1.914,-84,1.863,-87,1.924,-83,1.919,-82
1.91,-83,1.849,-84,1.914,-83,1.952,-82
1.896,-83,1.858,-85,1.943,-83,1.966,-82
1.905,-83,1.868,-85,1.952,-83,1.952,-82
1.91,-83,1.858,-87,1.933,-83,1.989,-82
1.91,-82,1.872,-85,1.938,-83,1.985,-82
1.914,-83,1.877,-84,1.933,-83,1.966,-82
1.919,-83,1.872,-85,1.933,-83,1.966,-82
1.91,-83,1.849,-85,1.961,-83,2.004,-83
1.905,-83,1.868,-84,1.924,-83,1.975,-82
1.896,-83,1.877,-85,1.924,-83,1.961,-82
1.9,-83,1.868,-85,1.924,-83,1.985,-83
1.919,-84,1.872,-86,1.957,-84,1.961,-84
1.91,-82,1.863,-84,1.952,-83,1.928,-82
1.905,-83,1.849,-84,1.938,-83,1.938,-82
1.9,-83,1.868,-85,1.919,-83,1.966,-82
1.891,-83,1.868,-84,1.938,-84,1.961,-82
1.91,-83,1.844,-85,1.938,-83,1.947,-82
1.9,-83,1.849,-84,1.924,-83,1.966,-82
1.896,-83,1.858,-84,1.924,-83,1.952,-82
1.882,-83,1.849,-85,1.957,-84,1.961,-83
1.886,-83,1.863,-85,1.938,-84,1.952,-82
1.91,-83,1.882,-84,1.943,-83,1.966,-82
1.877,-83,1.863,-85,1.943,-83,1.971,-82
1.914,-83,1.877,-85,1.961,-84,1.975,-83
1.877,-83,1.868,-85,1.947,-83,1.947,-82
1.896,-83,1.872,-85,1.914,-83,1.961,-82
1.938,-83,1.853,-85,1.957,-83,1.957,-82
1.905,-83,1.863,-87,1.947,-83,1.966,-82
1.905,-83,1.868,-85,1.938,-83,1.966,-82
1.919,-83,1.858,-85,1.938,-83,1.952,-82
1.905,-83,1.877,-85,1.943,-83,1.961,-82
1.905,-83,1.863,-86,1.943,-83,1.98,-82
1.896,-83,1.872,-85,1.928,-84,1.985,-82
1.9,-83,1.863,-85,1.928,-83,1.975,-82
1.896,-83,1.872,-85,1.952,-83,1.961,-82
1.91,-83,1.872,-85,1.943,-83,1.961,-83
1.9,-83,1.853,-86,1.919,-83,1.961,-82
1.9,-83,1.863,-85,1.938,-83,1.961,-82
1.896,-83,1.858,-85,1.938,-83,1.947,-82
1.914,-83,1.858,-85,1.943,-83,1.975,-82
1.905,-84,1.868,-86,1.938,-83,1.957,-82
1.886,-83,1.858,-85,1.952,-83,1.957,-82
1.882,-83,1.849,-86,1.924,-83,1.966,-82
1.891,-83,1.849,-86,1.943,-84,1.971,-82
1.91,-83,1.872,-87,1.933,-82,1.994,-82
1.886,-83,1.863,-85,1.933,-83,1.961,-82
1.886,-83,1.853,-85,1.933,-83,1.975,-82
1.896,-83,1.858,-86,1.919,-83,1.966,-82
1.91,-83,1.872,-87,1.961,-83,1.938,-82
1.905,-83,1.868,-85,1.943,-83,1.943,-82
1.9,-83,1.868,-85,1.919,-83,1.966,-82
1.905,-83,1.877,-85,1.924,-83,1.975,-82
1.924,-84,1.845,-87,1.928,-84,1.961,-82
1.938,-83,1.849,-85,1.928,-83,1.98,-82
1.9,-83,1.853,-85,1.919,-83,1.971,-82
1.905,-83,1.853,-85,1.938,-83,1.975,-82
1.91,-83,1.863,-87,1.928,-85,1.961,-82
1.891,-83,1.882,-85,1.966,-83,1.98,-82
1.905,-83,1.844,-85,1.933,-83,1.952,-82
1.914,-83,1.863,-85,1.933,-85,1.952,-82
1.9,-83,1.863,-86,1.924,-84,1.961,-83
1.9,-84,1.845,-85,1.938,-83,1.952,-84
1.896,-83,1.877,-85,1.943,-83,1.966,-82
1.914,-83,1.844,-86,1.943,-83,1.971,-82
1.914,-83,1.863,-85,1.957,-83,1.938,-82
1.896,-83,1.863,-86,1.928,-83,1.952,-82
1.896,-83,1.863,-85,1.928,-83,1.947,-82
1.896,-83,1.84,-85,1.943,-83,1.971,-82
1.91,-83,1.868,-85,1.919,-83,1.966,-82
1.9,-83,1.882,-85,1.924,-83,1.961,-82
1.905,-83,1.84,-85,1.952,-83,1.943,-82
1.91,-83,1.849,-86,1.947,-83,1.957,-82
1.891,-83,1.891,-86,1.933,-84,1.966,-82
1.924,-83,1.868,-85,1.938,-83,1.961,-82
1.91,-82,1.882,-86,1.928,-83,1.975,-82
1.91,-83,1.858,-85,1.928,-83,1.975,-82
1.905,-83,1.896,-85,1.924,-83,1.985,-82
1.905,-83,1.858,-85,1.943,-83,1.971,-82
1.882,-83,1.858,-85,1.924,-83,1.971,-82
1.914,-83,1.868,-85,1.943,-83,1.961,-82
1.91,-83,1.872,-86,1.943,-83,1.971,-82
1.891,-84,1.877,-86,1.938,-84,1.971,-83
1.914,-83,1.853,-86,1.924,-83,1.971,-82
1.924,-83,1.853,-87,1.933,-84,1.975,-82
1.891,-83,1.844,-86,1.919,-83,1.971,-82
1.933,-83,1.849,-86,1.938,-83,1.947,-82
1.91,-83,1.849,-86,1.943,-83,1.994,-82
1.891,-83,1.858,-86,1.947,-83,1.971,-82
1.905,-83,1.868,-87,1.938,-83,1.957,-82
1.928,-83,1.863,-88,1.914,-83,1.961,-82
1.886,-82,1.877,-86,1.966,-83,1.985,-82
1.905,-83,1.863,-86,1.938,-83,1.975,-82
1.914,-83,1.858,-86,1.938,-83,1.966,-82
1.914,-83,1.863,-86,1.933,-83,1.975,-82
1.905,-83,1.863,-86,1.928,-83,1.952,-82
1.891,-83,1.863,-86,1.938,-83,1.975,-82
1.905,-85,1.853,-86,1.957,-83,1.985,-82
1.905,-84,1.863,-87,1.943,-84,1.957,-82
1.919,-83,1.868,-86,1.924,-83,1.943,-82
1.924,-83,1.877,-86,1.966,-83,1.971,-82
1.919,-83,1.872,-86,1.947,-83,1.98,-82
1.914,-83,1.872,-87,1.971,-83,1.952,-83
1.914,-84,1.858,-86,1.947,-82,1.971,-82
1.914,-83,1.844,-86,1.938,-83,1.952,-82
1.91,-83,1.858,-86,1.933,-83,1.957,-82
1.914,-83,1.872,-86,1.943,-84,1.985,-84
1.91,-83,1.849,-86,1.928,-82,1.966,-82
1.9,-83,1.886,-86,1.938,-83,1.966,-82
1.924,-83,1.868,-86,1.966,-83,1.975,-82
1.896,-83,1.858,-89,1.924,-84,1.961,-82
1.896,-83,1.853,-86,1.943,-83,1.985,-82
1.905,-83,1.877,-87,1.938,-83,1.975,-82
1.919,-83,1.868,-86,1.938,-83,1.957,-82
1.9,-83,1.877,-86,1.928,-84,1.985,-83
1.91,-83,1.849,-87,1.947,-83,1.957,-82
1.891,-83,1.844,-86,1.924,-83,1.971,-82
1.91,-83,1.858,-88,1.933,-83,1.966,-82
1.905,-83,1.845,-87,1.933,-85,1.961,-83
1.891,-83,1.882,-86,1.924,-83,1.966,-82
1.896,-83,1.849,-86,1.933,-83,1.98,-82
1.9,-83,1.849,-86,1.947,-82,1.975,-82
1.9,-83,1.877,-87,1.938,-84,1.966,-82
1.9,-83,1.868,-86,1.943,-83,1.98,-82
1.896,-83,1.877,-86,1.957,-83,1.966,-82
1.9,-83,1.849,-86,1.957,-82,1.938,-82
1.924,-85,1.863,-88,1.943,-84,1.971,-83
1.91,-83,1.849,-86,1.938,-83,1.947,-82
1.91,-83,1.872,-86,1.938,-83,1.975,-82
1.91,-83,1.853,-86,1.924,-83,1.952,-83
1.896,-83,1.849,-86,1.933,-83,1.98,-82
1.896,-83,1.872,-86,1.952,-83,1.957,-82
1.924,-83,1.849,-86,1.933,-83,1.947,-82
1.905,-83,1.858,-86,1.924,-83,1.957,-82
1.896,-83,1.877,-86,1.943,-84,1.98,-82
1.924,-83,1.853,-86,1.924,-83,1.966,-82
1.891,-83,1.849,-86,1.966,-83,1.952,-82
1.896,-83,1.858,-86,1.919,-83,1.985,-82
1.91,-83,1.896,-88,1.938,-83,1.975,-82
1.91,-83,1.853,-86,1.933,-84,1.985,-82
1.947,-83,1.877,-86,1.919,-83,1.961,-82
1.905,-84,1.84,-86,1.938,-83,1.952,-82
1.919,-83,1.844,-86,1.924,-83,1.961,-82
1.924,-83,1.868,-86,1.938,-83,1.961,-82
1.896,-83,1.849,-86,1.943,-83,1.957,-82
1.924,-83,1.853,-86,1.943,-83,1.966,-82
1.919,-83,1.844,-86,1.9,-83,1.975,-82
1.9,-84,1.844,-88,1.938,-83,1.952,-83
1.9,-83,1.849,-85,1.928,-83,1.966,-82
1.886,-83,1.872,-86,1.924,-83,1.98,-82
1.9,-83,1.877,-86,1.933,-83,1.952,-82
1.928,-83,1.868,-86,1.9,-84,1.966,-83
1.9,-83,1.863,-86,1.933,-83,1.975,-82
1.919,-83,1.853,-86,1.952,-83,1.952,-82
1.91,-83,1.863,-86,1.914,-83,1.98,-82
1.919,-83,1.882,-87,1.924,-82,1.994,-83
1.905,-83,1.853,-85,1.928,-83,1.938,-83
1.9,-83,1.863,-85,1.938,-83,1.928,-82
1.905,-83,1.844,-85,1.919,-82,1.966,-82
1.919,-84,1.868,-86,1.971,-83,1.947,-83
1.924,-83,1.844,-85,1.933,-83,1.966,-82
1.9,-83,1.858,-84,1.938,-83,1.938,-82
1.91,-83,1.868,-85,1.952,-82,1.957,-82
1.9,-83,1.858,-86,1.938,-84,1.943,-83
1.919,-83,1.872,-85,1.938,-83,1.947,-82
1.914,-83,1.877,-85,1.928,-83,1.975,-83
1.891,-83,1.868,-86,1.938,-83,1.957,-82
1.933,-83,1.877,-86,1.928,-84,1.966,-83
1.905,-83,1.853,-85,1.933,-83,1.947,-82
1.896,-83,1.868,-85,1.943,-83,1.961,-82
1.896,-83,1.849,-85,1.933,-83,1.952,-82
1.9,-83,1.853,-85,1.933,-83,1.966,-83
1.905,-83,1.868,-85,1.952,-83,1.938,-82
1.91,-83,1.849,-85,1.933,-83,1.966,-82
1.896,-83,1.853,-85,1.952,-84,1.971,-82
1.919,-83,1.872,-85,1.919,-83,1.943,-82
1.905,-84,1.845,-85,1.943,-84,1.943,-83
1.919,-82,1.863,-86,1.924,-83,1.957,-83
1.905,-83,1.877,-85,1.924,-83,1.961,-82
1.91,-83,1.872,-85,1.933,-83,1.966,-82
1.891,-83,1.886,-86,1.928,-84,1.947,-82
1.905,-83,1.863,-86,1.943,-83,1.961,-82
1.896,-83,1.872,-85,1.928,-84,1.975,-82
1.9,-83,1.872,-85,1.938,-83,1.943,-83
1.896,-84,1.844,-87,1.933,-84,1.98,-83
1.919,-83,1.853,-85,1.928,-83,1.943,-82
1.891,-83,1.844,-85,1.938,-84,1.985,-82
1.896,-83,1.844,-85,1.943,-83,1.952,-82
1.9,-83,1.853,-86,1.928,-84,1.98,-83
1.886,-83,1.877,-85,1.914,-83,1.985,-82
1.891,-83,1.872,-86,1.947,-83,1.947,-82
1.905,-83,1.858,-86,1.914,-83,1.989,-82
1.914,-83,1.863,-86,1.933,-83,1.961,-82
1.896,-83,1.849,-86,1.966,-83,1.966,-83
1.886,-83,1.868,-86,1.933,-83,1.947,-82
1.919,-83,1.882,-85,1.966,-83,1.966,-82
1.928,-84,1.877,-85,1.943,-83,1.966,-82
1.914,-84,1.858,-85,1.947,-83,1.966,-83
1.919,-83,1.849,-86,1.928,-83,1.985,-82
1.9,-83,1.858,-85,1.924,-83,1.98,-82
1.928,-83,1.849,-85,1.933,-83,1.971,-83
1.933,-83,1.853,-86,1.914,-84,1.947,-83
1.896,-83,1.896,-86,1.924,-83,1.966,-82
1.914,-83,1.868,-86,1.938,-83,1.947,-83
1.91,-83,1.872,-86,1.928,-82,1.947,-82
1.905,-84,1.868,-87,1.938,-84,1.975,-82
1.91,-83,1.886,-86,1.943,-83,1.943,-82
1.928,-83,1.877,-85,1.928,-83,1.975,-82
1.91,-83,1.863,-86,1.957,-83,1.933,-82
1.905,-83,1.886,-86,1.928,-84,1.957,-83
1.91,-83,1.868,-85,1.924,-83,1.975,-82
1.914,-83,1.872,-86,1.933,-83,1.975,-82
1.896,-83,1.877,-85,1.924,-83,1.943,-82
1.9,-83,1.858,-86,1.928,-84,1.966,-83
1.896,-83,1.835,-86,1.952,-83,1.989,-82
1.914,-83,1.863,-86,1.919,-83,1.966,-82
1.91,-82,1.853,-86,1.928,-83,1.971,-82
1.9,-83,1.853,-86,1.957,-83,1.98,-82
1.891,-83,1.849,-85,1.938,-83,1.975,-82
1.9,-83,1.849,-85,1.938,-83,1.928,-82
1.905,-83,1.844,-85,1.933,-82,1.971,-82
1.891,-83,1.863,-86,1.957,-83,1.989,-82
1.943,-83,1.863,-85,1.957,-83,1.98,-82
1.896,-83,1.877,-85,1.91,-83,1.961,-82
1.924,-83,1.849,-85,1.938,-83,1.98,-82
1.924,-83,1.886,-86,1.928,-84,1.971,-82
1.924,-83,1.849,-85,1.943,-83,1.957,-82
1.919,-83,1.868,-85,1.924,-83,1.957,-82
1.919,-83,1.844,-86,1.971,-83,1.961,-82
1.9,-83,1.872,-86,1.943,-83,1.971,-82
1.919,-83,1.877,-87,1.957,-83,1.961,-82
1.905,-83,1.863,-86,1.957,-83,1.971,-82
1.914,-83,1.868,-85,1.914,-82,1.947,-82
1.914,-83,1.882,-85,1.943,-83,1.957,-82
1.928,-84,1.877,-87,1.947,-84,1.952,-83
1.91,-83,1.853,-85,1.966,-83,1.938,-82
1.891,-83,1.863,-86,1.938,-83,1.971,-82
1.919,-83,1.877,-85,1.943,-82,1.957,-82
1.938,-83,1.868,-86,1.957,-83,1.985,-83
1.896,-83,1.853,-85,1.938,-83,1.952,-82
1.9,-83,1.877,-86,1.928,-83,1.966,-82
1.914,-83,1.877,-85,1.947,-83,1.98,-82
1.896,-84,1.853,-86,1.938,-83,1.952,-82
1.924,-83,1.858,-86,1.928,-83,1.957,-82
1.919,-83,1.849,-86,1.933,-83,1.952,-82
1.919,-84,1.868,-85,1.914,-83,1.947,-83
1.914,-83,1.858,-87,1.924,-84,1.966,-82
1.886,-83,1.844,-86,1.947,-83,1.952,-82
1.896,-83,1.845,-85,1.943,-83,1.975,-82
1.91,-83,1.863,-85,1.961,-83,1.947,-82
1.9,-84,1.853,-85,1.928,-83,1.975,-82
1.882,-83,1.872,-86,1.933,-83,1.971,-82
1.905,-83,1.882,-86,1.933,-83,1.957,-82
1.9,-83,1.844,-85,1.943,-83,1.957,-82
1.914,-83,1.886,-85,1.919,-84,1.966,-82
1.905,-83,1.863,-86,1.952,-83,1.938,-82
1.914,-83,1.868,-85,1.961,-82,1.952,-82
1.9,-83,1.877,-85,1.947,-83,1.971,-82
1.886,-84,1.872,-86,1.928,-84,1.961,-82
1.91,-83,1.877,-86,1.924,-84,1.989,-82
1.896,-83,1.863,-85,1.957,-83,1.952,-82
1.886,-83,1.849,-86,1.952,-82,1.957,-82
1.905,-83,1.877,-86,1.943,-83,1.971,-82
1.91,-83,1.863,-86,1.924,-83,1.957,-82
1.905,-83,1.863,-85,1.938,-82,1.971,-82
1.896,-83,1.853,-86,1.947,-83,1.961,-82
1.882,-83,1.9,-86,1.947,-82,1.957,-83
1.896,-84,1.872,-87,1.933,-83,1.938,-82
1.919,-83,1.886,-86,1.928,-82,1.971,-82
1.91,-83,1.863,-85,1.933,-83,1.947,-82
1.919,-83,1.877,-86,1.943,-83,1.966,-83
1.924,-85,1.849,-87,1.914,-83,1.985,-83
1.896,-83,1.844,-85,1.919,-83,1.975,-82
1.905,-83,1.858,-86,1.966,-83,1.933,-82
1.896,-83,1.891,-85,1.933,-83,1.975,-82
1.91,-83,1.877,-86,1.919,-83,1.98,-83
1.905,-83,1.872,-86,1.933,-83,1.943,-82
1.91,-83,1.863,-86,1.938,-83,1.966,-82
1.928,-83,1.863,-86,1.924,-82,1.971,-82
1.919,-83,1.849,-86,1.966,-84,1.961,-84
1.9,-83,1.849,-86,1.928,-83,1.943,-83
1.882,-83,1.872,-85,1.924,-83,1.943,-82
1.905,-83,1.868,-86,1.943,-83,1.947,-82
1.905,-83,1.863,-87,1.971,-83,1.966,-82
1.882,-83,1.863,-86,1.933,-82,1.961,-83
1.928,-83,1.868,-86,1.938,-83,1.947,-82
1.905,-83,1.858,-86,1.938,-83,1.961,-82
1.9,-83,1.863,-86,1.957,-83,1.966,-84
1.919,-83,1.896,-85,1.928,-84,1.971,-82
1.9,-83,1.849,-85,1.952,-82,1.947,-82
1.914,-83,1.858,-86,1.91,-83,1.952,-82
1.905,-83,1.872,-87,1.928,-82,1.975,-82
1.924,-83,1.877,-86,1.928,-83,1.966,-82
1.91,-83,1.877,-85,1.905,-83,1.947,-82
1.905,-83,1.849,-85,1.924,-83,1.975,-82
1.891,-83,1.882,-86,1.971,-83,1.952,-82
1.891,-84,1.868,-85,1.947,-82,1.961,-82
1.905,-83,1.905,-85,1.933,-82,1.971,-82
1.9,-83,1.886,-85,1.919,-83,1.961,-82
1.914,-83,1.868,-85,1.928,-82,1.966,-83
1.882,-84,1.845,-85,1.957,-83,1.971,-82
1.9,-83,1.877,-86,1.947,-83,1.971,-82
1.914,-83,1.863,-86,1.924,-83,1.943,-82
1.91,-83,1.853,-86,1.966,-83,1.975,-83
1.924,-84,1.872,-86,1.966,-84,1.975,-82
1.924,-83,1.853,-86,1.933,-83,1.957,-82
1.905,-83,1.872,-85,1.928,-83,1.957,-82
1.91,-83,1.872,-85,1.924,-83,1.957,-82
1.91,-83,1.853,-86,1.947,-84,1.985,-83
1.9,-83,1.849,-85,1.952,-83,1.961,-82
1.914,-83,1.877,-86,1.938,-82,1.928,-82
1.9,-83,1.849,-86,1.924,-82,1.947,-82
1.886,-84,1.877,-85,1.938,-83,1.985,-82
1.91,-83,1.891,-85,1.933,-83,1.971,-82
1.919,-83,1.849,-87,1.943,-82,1.971,-82
1.924,-83,1.849,-86,1.924,-83,1.947,-82
1.905,-83,1.858,-87,1.971,-82,1.985,-83
1.914,-83,1.872,-86,1.943,-83,1.971,-82
1.914,-83,1.853,-86,1.957,-82,1.947,-82
1.91,-83,1.845,-86,1.928,-83,1.924,-82
1.928,-84,1.835,-85,1.924,-82,1.957,-82
1.868,-83,1.849,-86,1.966,-83,1.952,-82
1.9,-83,1.835,-86,1.957,-83,1.961,-82
1.891,-83,1.845,-86,1.919,-82,1.98,-82
1.905,-83,1.863,-87,1.928,-84,1.985,-82
1.905,-83,1.849,-86,1.924,-83,1.943,-82
1.905,-83,1.849,-86,1.928,-83,1.966,-82
1.868,-83,1.872,-86,1.919,-83,1.943,-82
1.905,-83,1.858,-86,1.938,-83,1.966,-82
1.872,-83,1.868,-86,1.943,-83,1.957,-82
1.91,-83,1.853,-86,1.933,-83,1.975,-82
1.91,-83,1.877,-86,1.938,-83,1.975,-82
1.91,-83,1.868,-87,1.919,-83,1.952,-83
1.882,-83,1.853,-86,1.928,-82,1.971,-82
1.896,-83,1.877,-86,1.947,-83,1.975,-82
1.905,-83,1.863,-86,1.924,-83,1.961,-82
1.896,-83,1.845,-86,1.961,-83,1.952,-82
1.914,-82,1.853,-87,1.938,-84,1.961,-82
1.91,-83,1.826,-86,1.928,-82,1.957,-82
1.91,-83,1.868,-86,1.914,-82,1.975,-82
1.905,-83,1.826,-86,1.919,-82,1.952,-82
1.914,-83,1.858,-87,1.919,-83,1.98,-82
1.891,-83,1.863,-86,1.952,-82,1.961,-82
1.91,-82,1.849,-85,1.943,-83,1.952,-82
1.891,-83,1.853,-85,1.928,-83,1.952,-83
1.91,-84,1.853,-86,1.947,-85,1.961,-83
1.905,-83,1.858,-86,1.943,-83,1.961,-82
1.891,-83,1.853,-85,1.943,-83,1.943,-82
1.896,-83,1.845,-85,1.919,-83,1.985,-83
1.905,-84,1.849,-87,1.943,-84,1.98,-82
1.928,-83,1.84,-86,1.947,-83,1.971,-82
1.9,-83,1.868,-86,1.943,-83,1.971,-82
1.9,-83,1.863,-86,1.924,-83,1.943,-82
1.91,-83,1.868,-85,1.938,-83,1.971,-84
1.914,-83,1.872,-86,1.928,-83,1.961,-82
1.896,-83,1.845,-86,1.924,-83,1.966,-82
1.919,-83,1.858,-86,1.957,-84,1.98,-82
1.905,-83,1.868,-89,1.919,-82,1.971,-82
1.905,-84,1.844,-86,1.938,-83,1.952,-82
1.914,-83,1.849,-86,1.943,-83,1.966,-82
1.928,-83,1.844,-86,1.924,-83,1.957,-82
1.91,-83,1.844,-86,1.933,-84,1.966,-82
1.91,-83,1.844,-85,1.933,-84,1.971,-82
1.9,-83,1.844,-85,1.938,-83,1.957,-82
1.91,-83,1.849,-84,1.905,-83,1.943,-82
1.886,-83,1.891,-88,1.933,-83,1.957,-82
1.9,-85,1.868,-86,1.938,-83,1.938,-82
1.9,-83,1.853,-85,1.947,-83,1.975,-82
1.891,-83,1.845,-84,1.933,-83,1.985,-82
1.896,-83,1.863,-84,1.957,-83,1.975,-82
1.943,-83,1.853,-88,1.943,-83,1.928,-82
1.9,-83,1.858,-86,1.933,-83,1.957,-82
1.928,-83,1.868,-86,1.938,-82,1.985,-82
1.905,-83,1.849,-84,1.933,-83,1.957,-83
1.91,-83,1.858,-85,1.947,-83,1.98,-82
1.9,-83,1.863,-85,1.924,-83,1.943,-82
1.919,-83,1.863,-85,1.943,-83,1.994,-82
1.924,-83,1.858,-84,1.924,-82,1.975,-82
1.905,-84,1.905,-87,1.928,-83,1.966,-83
1.91,-83,1.872,-85,1.947,-83,1.957,-82
1.919,-83,1.845,-84,1.952,-82,1.98,-82
1.914,-83,1.914,-84,1.947,-83,1.943,-82
1.891,-83,1.863,-87,1.952,-83,1.98,-83
1.896,-83,1.858,-85,1.938,-83,1.985,-82
1.891,-83,1.853,-85,1.933,-83,1.924,-82
1.886,-83,1.868,-85,1.914,-84,1.952,-82
1.914,-84,1.882,-86,1.938,-83,1.957,-82
1.882,-83,1.853,-85,1.938,-83,1.961,-82
1.914,-84,1.844,-85,1.933,-83,1.971,-82
1.905,-83,1.868,-85,1.966,-83,1.961,-82
1.905,-85,1.882,-84,1.905,-83,1.961,-82
1.896,-85,1.896,-85,1.933,-83,1.943,-82
1.891,-83,1.853,-85,1.914,-83,1.961,-82
1.91,-83,1.849,-85,1.938,-83,1.928,-82
1.914,-83,1.877,-84,1.933,-83,1.971,-82
1.928,-83,1.872,-84,1.924,-83,1.961,-83
1.905,-83,1.868,-85,1.919,-83,1.952,-82
1.928,-83,1.853,-85,1.928,-83,1.971,-82
1.914,-83,1.896,-85,1.928,-83,1.943,-83
1.919,-85,1.872,-87,1.924,-83,1.966,-82
1.914,-83,1.886,-84,1.938,-83,1.943,-82
1.886,-83,1.872,-85,1.919,-83,1.985,-82
1.896,-83,1.868,-85,1.943,-83,1.975,-83
1.91,-84,1.853,-85,1.914,-83,1.933,-84
1.9,-84,1.858,-85,1.938,-83,1.961,-82
1.914,-83,1.886,-85,1.952,-83,1.975,-82
1.877,-83,1.886,-85,1.914,-83,1.957,-82
1.919,-85,1.872,-85,1.924,-83,1.961,-82
1.91,-83,1.858,-85,1.919,-83,1.98,-82
1.91,-83,1.863,-85,1.914,-83,1.98,-82
1.914,-83,1.858,-85,1.947,-83,1.975,-82
1.882,-83,1.882,-85,1.971,-83,1.966,-84
1.886,-83,1.872,-85,1.938,-83,1.966,-82
1.905,-83,1.863,-85,1.947,-83,1.938,-82
1.905,-83,1.858,-85,1.961,-83,1.966,-82
1.919,-84,1.882,-85,1.928,-84,1.975,-83
1.872,-83,1.853,-86,1.928,-83,1.938,-82
1.905,-83,1.872,-85,1.9,-83,1.98,-82
1.9,-83,1.858,-86,1.924,-83,1.933,-82
1.891,-83,1.858,-88,1.905,-83,1.952,-82
1.905,-83,1.868,-85,1.924,-83,1.961,-83
1.9,-83,1.849,-86,1.938,-84,1.98,-82
1.882,-83,1.872,-85,1.933,-83,1.938,-82
1.914,-83,1.853,-85,1.933,-83,1.999,-84
1.914,-83,1.868,-85,1.914,-84,1.952,-82
1.891,-83,1.844,-85,1.928,-83,1.994,-82
1.877,-83,1.858,-86,1.943,-83,1.957,-82
1.91,-83,1.877,-85,1.943,-82,1.952,-82
1.891,-83,1.849,-85,1.933,-83,1.952,-82
1.914,-83,1.863,-85,1.933,-83,1.957,-82
1.896,-83,1.858,-87,1.91,-83,1.98,-82
1.877,-83,1.844,-85,1.943,-83,1.971,-84
1.891,-83,1.877,-85,1.914,-83,1.971,-82
1.91,-83,1.849,-85,1.924,-83,1.966,-82
1.896,-83,0,0,1.957,-84,1.971,-82
1.896,-83,1.853,-85,1.914,-83,1.957,-82
1.914,-83,1.858,-87,1.924,-83,1.98,-82
1.905,-83,1.853,-85,1.924,-83,1.961,-82
1.91,-83,1.896,-86,1.947,-83,1.966,-82
1.943,-83,1.896,-85,1.947,-84,1.98,-82
1.905,-85,1.891,-87,1.938,-85,1.999,-84
1.905,-83,1.863,-86,1.924,-83,1.952,-83
1.891,-84,1.882,-85,1.924,-83,1.957,-83
1.91,-84,1.868,-86,1.924,-83,1.952,-82
1.914,-85,1.84,-87,1.952,-85,1.985,-84
1.914,-82,1.849,-85,1.924,-83,1.971,-82
1.91,-83,1.849,-85,1.943,-83,1.947,-82
1.91,-83,1.84,-85,1.943,-83,1.966,-82
1.905,-83,1.886,-85,1.914,-85,1.966,-82
1.891,-82,1.863,-85,1.943,-83,1.966,-82
1.891,-83,1.849,-86,1.957,-83,1.957,-82
1.91,-83,1.844,-85,1.928,-83,1.98,-82
1.896,-83,1.844,-85,1.947,-83,1.961,-82
1.905,-84,1.844,-85,1.914,-83,1.971,-82
1.914,-83,1.853,-85,1.933,-83,1.952,-82
1.896,-83,1.872,-85,1.919,-83,1.961,-83
1.924,-85,1.868,-86,1.914,-83,1.961,-84
1.914,-84,1.886,-85,1.952,-83,1.928,-82
1.924,-83,1.872,-85,1.938,-83,1.952,-82
1.919,-83,1.896,-85,1.928,-83,1.952,-82
1.886,-83,1.868,-85,1.928,-83,1.952,-82
1.914,-82,1.868,-85,1.914,-83,1.966,-82
1.919,-82,1.849,-86,1.943,-83,1.98,-82
1.9,-83,1.886,-85,1.928,-83,1.961,-82
1.914,-83,1.849,-85,1.924,-84,1.952,-83
1.914,-83,1.868,-85,1.938,-83,1.957,-82
1.891,-83,1.863,-85,1.924,-84,1.947,-82
1.9,-83,1.849,-85,1.943,-83,1.975,-82
1.896,-83,1.849,-86,1.928,-84,1.985,-84
1.928,-85,1.886,-85,1.957,-83,1.928,-82
1.905,-83,1.872,-85,1.928,-83,1.989,-82
1.9,-83,1.863,-85,1.919,-83,1.971,-82
1.905,-83,1.863,-85,1.933,-84,1.966,-82
1.914,-83,1.858,-85,1.952,-83,1.971,-82
1.896,-83,1.863,-85,1.928,-83,1.947,-82
1.891,-83,1.882,-85,1.952,-83,1.98,-83
1.905,-83,1.882,-85,1.919,-83,1.975,-82
1.924,-84,1.844,-86,1.943,-83,1.933,-82
1.882,-83,1.844,-85,1.91,-84,1.957,-82
1.905,-83,1.863,-85,1.924,-83,1.98,-82
1.905,-83,1.891,-85,1.924,-83,1.957,-82
1.896,-83,1.844,-86,1.957,-84,1.961,-83
1.914,-83,1.863,-85,1.943,-83,1.98,-82
1.938,-83,1.877,-85,1.914,-83,1.947,-82
1.891,-83,1.845,-85,1.919,-83,1.952,-83
1.905,-83,1.872,-87,1.943,-85,1.961,-82
1.924,-83,1.849,-85,1.924,-83,1.943,-82
1.919,-83,1.868,-85,1.924,-83,1.971,-82
1.882,-83,1.882,-85,1.938,-83,1.957,-82
1.9,-84,1.868,-86,1.933,-84,1.975,-83
1.919,-83,1.858,-85,1.928,-83,1.985,-83
1.9,-83,1.868,-85,1.914,-83,1.943,-82
1.891,-83,1.896,-85,1.947,-83,1.966,-82
1.9,-83,1.868,-85,1.933,-84,1.985,-83
1.896,-83,1.872,-85,1.924,-83,1.952,-82
1.9,-83,1.858,-86,1.928,-83,1.952,-82
1.919,-83,1.858,-85,1.933,-83,1.957,-82
1.896,-83,1.868,-85,1.961,-84,1.952,-83
1.919,-83,1.877,-85,1.924,-83,1.994,-82
1.919,-83,1.872,-85,1.957,-83,1.957,-82
1.882,-83,1.863,-85,1.919,-84,1.971,-82
1.891,-83,1.872,-85,1.952,-83,1.957,-82
1.905,-82,1.858,-87,1.947,-83,1.957,-82
1.9,-83,1.872,-85,1.947,-83,1.98,-82
1.905,-82,1.845,-85,1.943,-83,1.98,-82
1.91,-83,1.886,-84,1.961,-85,1.952,-82
1.905,-84,1.863,-85,1.943,-85,1.952,-82
1.91,-82,1.886,-84,1.919,-83,1.966,-82
1.905,-82,1.868,-85,1.924,-83,1.952,-82
1.919,-83,1.868,-85,1.91,-83,1.952,-82
1.914,-84,1.863,-85,1.938,-83,1.914,-83
1.919,-83,1.868,-84,1.905,-83,1.98,-82
1.905,-82,1.877,-85,1.933,-83,1.989,-82
1.9,-83,1.84,-85,1.914,-83,1.971,-82
1.9,-84,1.872,-85,1.938,-83,1.999,-82
1.914,-83,1.858,-85,1.947,-83,1.966,-81
1.91,-83,1.886,-85,1.928,-83,1.957,-82
1.914,-83,1.849,-85,1.9,-83,1.98,-82
1.896,-83,1.863,-85,1.919,-85,1.971,-83
1.886,-83,1.863,-85,1.928,-83,1.975,-82
1.9,-83,1.868,-85,1.928,-83,1.957,-82
1.891,-83,1.868,-85,1.924,-84,1.98,-82
1.914,-83,1.886,-86,1.952,-83,1.994,-84
1.9,-83,1.858,-85,1.91,-83,1.966,-83
1.924,-83,1.886,-86,1.914,-83,1.961,-83
1.933,-83,1.868,-85,1.914,-84,1.98,-83
1.924,-83,1.9,-87,1.952,-83,1.999,-83
1.905,-83,1.844,-85,1.919,-84,1.975,-83
1.872,-83,1.877,-85,1.914,-83,1.966,-82
1.905,-83,1.853,-85,1.928,-83,1.952,-82
1.928,-83,1.849,-85,1.938,-83,1.961,-83
1.905,-83,1.849,-86,1.919,-83,1.947,-83
1.886,-83,1.853,-86,1.928,-83,1.971,-83
1.891,-83,1.891,-85,1.928,-83,1.952,-82
1.905,-83,1.863,-87,1.943,-84,1.971,-82
1.891,-83,1.844,-85,1.924,-83,1.975,-82
1.914,-83,1.858,-86,1.933,-83,1.985,-82
1.891,-83,1.877,-85,1.933,-84,1.966,-82
1.891,-83,1.853,-84,1.933,-83,1.947,-82
1.933,-82,1.849,-86,1.943,-82,1.943,-82
1.905,-83,1.844,-84,1.943,-82,1.952,-82
1.905,-82,1.877,-85,1.924,-82,1.98,-82
1.914,-83,1.868,-85,1.91,-83,2.004,-84
1.896,-84,1.863,-85,1.914,-84,1.961,-82
1.882,-83,1.868,-85,1.933,-83,1.957,-82
1.924,-83,1.849,-86,1.919,-83,1.971,-82
1.914,-83,1.845,-86,1.938,-83,1.952,-82
1.924,-84,1.886,-85,1.924,-84,1.966,-82
1.886,-83,1.863,-85,1.943,-83,1.966,-82
1.905,-83,1.863,-84,1.943,-83,1.989,-82
1.91,-83,1.872,-84,1.928,-83,1.971,-82
1.919,-84,1.882,-85,1.966,-83,1.989,-83
1.9,-83,1.858,-85,1.943,-83,1.947,-82
1.91,-82,1.872,-85,1.938,-83,1.947,-82
1.914,-83,1.858,-85,1.938,-83,1.966,-82
1.905,-83,1.844,-88,1.947,-83,1.933,-82
1.886,-83,1.853,-84,1.919,-83,1.952,-83
1.919,-83,1.858,-86,1.933,-82,1.98,-82
1.905,-83,1.868,-86,1.943,-82,1.98,-83
1.919,-84,1.849,-88,1.966,-83,1.975,-84
1.914,-83,1.849,-87,1.933,-82,1.966,-82
1.9,-83,1.853,-86,1.943,-82,1.975,-82
1.91,-83,1.858,-86,1.943,-82,1.957,-82
1.882,-85,1.882,-88,1.957,-84,1.985,-83
1.905,-83,1.844,-86,1.943,-82,1.961,-82
1.9,-83,1.863,-86,1.957,-83,1.971,-82
1.896,-83,1.868,-86,1.933,-83,1.952,-83
1.91,-82,1.877,-85,1.961,-85,1.975,-83
1.914,-84,1.858,-86,1.943,-82,1.943,-82
1.9,-83,1.849,-85,1.938,-83,1.952,-82
1.919,-83,1.844,-86,1.928,-83,1.961,-82
1.891,-85,1.853,-85,1.933,-83,1.975,-84
1.896,-83,1.863,-85,1.938,-83,1.961,-82
1.886,-83,1.858,-85,1.924,-83,1.943,-82
1.919,-82,1.863,-86,1.952,-83,1.933,-82
1.919,-83,1.863,-84,1.933,-83,1.966,-82
1.914,-83,1.849,-86,1.9,-83,1.938,-83
1.9,-83,1.858,-86,1.957,-83,1.985,-82
1.919,-83,1.877,-86,1.943,-83,1.98,-83
1.891,-83,1.891,-85,1.947,-83,1.975,-82
1.891,-83,1.886,-85,1.938,-83,1.957,-82
1.919,-83,1.849,-85,1.924,-83,1.943,-82
1.863,-83,1.863,-88,1.947,-83,1.961,-83
1.9,-83,1.844,-88,1.957,-83,1.971,-82
1.914,-85,1.858,-87,1.928,-83,1.947,-82
1.905,-83,1.872,-87,1.947,-83,1.98,-83
1.905,-83,1.882,-85,1.952,-83,1.966,-82
1.91,-83,1.853,-86,1.947,-83,1.957,-82
1.896,-85,1.844,-89,1.938,-83,1.975,-83
1.924,-83,1.853,-87,1.943,-83,1.961,-82
1.905,-83,1.863,-86,1.938,-83,1.943,-82
1.928,-83,1.849,-87,1.933,-83,1.957,-82
1.91,-83,1.835,-89,1.924,-83,1.957,-82
1.896,-83,1.863,-86,1.947,-83,1.952,-83
1.896,-83,1.863,-86,1.961,-84,1.943,-82
1.9,-83,1.849,-86,1.938,-83,1.961,-82
1.891,-85,1.858,-89,1.924,-83,1.961,-83
1.91,-83,1.877,-87,1.933,-83,1.98,-82
1.9,-83,1.84,-86,1.919,-83,1.975,-82
1.905,-83,1.853,-86,1.919,-83,1.971,-82
1.919,-83,1.868,-89,1.947,-83,1.994,-82
1.905,-82,1.858,-86,1.928,-83,1.961,-82
1.914,-83,1.863,-86,1.966,-83,1.966,-82
1.928,-83,1.858,-85,1.933,-83,1.971,-83
1.91,-85,1.849,-85,1.924,-83,1.966,-84
1.896,-83,1.882,-86,1.938,-83,1.975,-82
1.924,-82,1.877,-85,1.966,-83,1.961,-82
1.896,-83,1.844,-86,1.933,-83,1.933,-82
1.896,-83,1.868,-87,1.971,-83,1.966,-84
1.905,-83,1.868,-86,1.947,-83,1.952,-82
1.91,-83,1.877,-86,1.957,-83,1.952,-82
1.905,-83,1.872,-86,1.938,-83,1.975,-82
1.924,-83,1.872,-86,1.938,-83,1.952,-82
1.914,-85,1.863,-87,1.947,-83,1.943,-82
1.91,-83,1.891,-88,1.971,-84,1.985,-82
1.882,-83,1.849,-86,1.938,-83,1.952,-82
1.919,-83,1.845,-86,1.933,-83,1.971,-83
1.91,-83,1.853,-84,1.943,-83,1.943,-83
1.905,-83,1.844,-84,1.943,-83,1.947,-82
1.896,-83,1.844,-85,1.943,-83,1.957,-82
1.914,-83,1.849,-86,1.924,-83,1.961,-82
1.9,-85,1.896,-87,1.961,-83,1.966,-82
1.9,-83,1.858,-86,1.961,-83,1.938,-82
1.9,-83,1.863,-85,1.914,-83,1.952,-83
1.868,-83,1.891,-85,1.952,-83,1.961,-82
1.919,-83,1.877,-87,1.957,-83,1.957,-83
1.891,-83,1.845,-85,1.928,-83,1.952,-83
1.891,-83,1.872,-85,1.928,-83,1.933,-82
1.91,-83,1.853,-85,1.928,-83,1.98,-82
1.891,-85,1.882,-87,1.919,-90,1.952,-83
1.91,-82,1.849,-85,1.919,-83,1.966,-82
1.9,-83,1.886,-85,1.933,-83,1.943,-82
1.896,-83,1.886,-85,1.91,-83,1.952,-83
1.891,-83,1.844,-85,1.938,-84,1.971,-82
1.914,-83,1.853,-86,1.924,-83,1.961,-82
1.891,-83,1.863,-85,1.928,-83,1.947,-82
1.91,-83,1.858,-86,1.928,-83,1.933,-83
1.9,-84,1.849,-86,1.914,-83,1.938,-82
1.882,-83,1.863,-86,1.952,-83,1.961,-82
1.914,-83,1.872,-86,1.933,-83,1.961,-82
1.891,-83,1.844,-85,1.947,-83,1.924,-82
1.9,-83,1.868,-86,1.933,-83,1.971,-84
1.9,-83,1.858,-86,1.952,-83,1.943,-82
1.896,-83,1.853,-86,1.928,-83,1.966,-82
1.919,-83,1.877,-86,1.952,-83,1.98,-82
1.91,-83,1.858,-86,1.919,-83,1.947,-82
1.914,-83,1.853,-86,1.91,-84,1.957,-82
1.914,-83,1.849,-86,1.928,-83,1.994,-82
1.905,-83,1.872,-86,1.947,-83,1.943,-83
1.914,-83,1.845,-86,1.938,-83,1.985,-82
1.882,-83,1.844,-86,1.938,-83,1.975,-82
1.9,-83,1.891,-86,1.924,-83,1.971,-82
1.9,-83,1.872,-86,1.933,-84,1.98,-82
1.919,-83,1.853,-86,1.947,-83,1.957,-82
1.919,-83,1.853,-89,1.933,-83,1.971,-82
1.914,-83,1.863,-86,1.919,-83,1.952,-82
1.91,-83,1.882,-86,1.938,-83,1.952,-82
1.914,-84,1.845,-86,1.943,-83,1.961,-84
1.896,-83,1.849,-86,1.924,-83,1.966,-84
1.919,-83,1.863,-86,1.957,-83,1.952,-82
1.886,-85,1.891,-86,1.928,-83,1.98,-82
1.914,-83,1.844,-86,1.928,-83,1.966,-82
1.886,-84,1.896,-89,1.943,-83,1.975,-84
1.914,-83,1.868,-86,1.933,-83,1.957,-82
1.882,-83,1.853,-86,1.947,-83,1.943,-82
1.9,-83,1.886,-87,1.91,-83,1.952,-82
1.891,-85,1.868,-87,1.924,-85,1.989,-82
1.938,-83,1.863,-87,1.957,-83,1.971,-82
1.919,-83,1.872,-86,1.924,-83,1.971,-82
1.9,-83,1.863,-86,1.938,-83,1.961,-82
1.886,-83,1.872,-86,1.943,-83,1.957,-83
1.905,-83,1.858,-86,1.966,-83,1.952,-82
1.91,-83,1.835,-86,1.924,-84,1.975,-85
1.928,-83,1.849,-86,1.924,-83,1.947,-82
1.924,-84,1.872,-86,1.938,-84,1.985,-82
1.905,-83,1.868,-86,1.919,-83,1.943,-82
1.905,-83,1.849,-86,1.947,-83,1.957,-82
1.891,-83,1.849,-86,1.943,-83,1.947,-82
1.91,-83,1.868,-86,1.943,-83,1.966,-84
1.924,-83,1.844,-86,1.938,-83,1.933,-82
1.924,-83,1.858,-86,1.952,-83,1.985,-82
1.896,-83,1.863,-86,1.933,-84,1.957,-82
1.896,-83,1.858,-89,1.938,-83,1.952,-82
1.91,-83,1.844,-86,1.924,-83,1.961,-82
1.891,-83,1.844,-86,1.943,-83,1.971,-83
1.914,-83,1.844,-87,1.928,-83,1.971,-82
1.905,-83,1.882,-86,1.961,-84,1.952,-82
1.896,-85,1.882,-86,1.928,-83,1.952,-82
1.896,-83,1.858,-86,1.924,-83,1.943,-82
1.919,-83,1.872,-86,1.9,-83,1.975,-82
1.905,-82,1.853,-86,1.919,-83,1.971,-82
1.9,-85,1.863,-86,1.947,-83,1.966,-82
1.9,-83,1.858,-87,1.947,-83,1.952,-82
1.91,-83,1.858,-86,1.919,-83,1.957,-82
1.9,-83,1.849,-87,1.938,-83,1.966,-82
1.928,-83,1.863,-87,1.914,-83,1.966,-84
1.882,-83,1.863,-86,1.919,-83,1.975,-82
1.886,-82,1.877,-86,1.933,-83,1.957,-82
1.905,-83,1.831,-86,1.914,-83,1.933,-82
1.91,-84,1.868,-87,1.933,-83,1.952,-82
1.905,-83,1.853,-86,1.919,-83,1.966,-82
1.914,-83,1.858,-86,1.947,-83,1.961,-83
1.891,-83,1.858,-86,1.928,-83,1.971,-82
1.91,-83,1.858,-86,1.924,-83,1.952,-84
1.905,-83,1.844,-86,1.933,-83,1.985,-82
1.91,-82,1.858,-86,1.933,-83,1.985,-82
1.886,-83,1.849,-86,1.952,-83,1.985,-82
1.882,-83,1.891,-86,1.943,-83,1.98,-82
1.905,-83,1.868,-87,1.933,-83,1.975,-82
1.905,-83,1.858,-87,1.938,-84,1.971,-82
1.91,-83,1.877,-86,1.938,-83,1.928,-82
1.9,-83,1.849,-87,1.924,-83,1.989,-84
1.924,-85,1.886,-89,1.933,-83,1.947,-82
1.882,-83,1.872,-86,1.943,-83,1.943,-82
1.891,-83,1.886,-86,1.943,-83,1.938,-82
1.9,-83,1.872,-86,1.919,-85,1.971,-82
1.896,-84,1.882,-86,1.924,-83,1.985,-83
1.905,-83,1.882,-86,1.924,-83,1.961,-82
1.905,-83,1.853,-86,1.924,-83,1.971,-87
1.91,-84,1.868,-87,1.938,-83,1.952,-82
1.914,-82,1.853,-88,1.928,-83,1.961,-82
1.91,-83,1.831,-86,1.938,-84,1.971,-82
1.886,-83,1.845,-85,1.919,-83,1.947,-82
1.91,-83,1.877,-86,1.952,-83,1.943,-82
1.91,-83,1.858,-89,1.966,-85,1.98,-84
1.886,-83,1.896,-86,1.933,-84,1.947,-82
1.891,-83,1.872,-86,1.914,-83,1.989,-82
1.905,-82,1.886,-87,1.933,-83,1.971,-82
1.891,-84,1.9,-86,1.943,-83,1.957,-85
1.9,-83,1.872,-86,1.943,-83,1.971,-83
1.914,-83,1.858,-86,1.933,-83,1.943,-83
1.9,-83,1.863,-86,1.938,-83,1.938,-82
1.905,-83,1.886,-86,1.933,-83,1.947,-84
1.891,-83,1.831,-86,1.928,-83,1.947,-82
1.91,-83,1.863,-87,1.928,-83,1.947,-82
1.872,-83,1.849,-86,1.914,-84,1.943,-83
1.919,-83,1.858,-89,1.938,-85,1.961,-83
1.891,-83,1.858,-86,1.957,-83,1.961,-82
1.896,-83,1.845,-86,1.961,-83,1.985,-82
1.9,-83,1.849,-86,1.919,-82,1.961,-82
1.896,-83,1.858,-86,1.952,-83,1.952,-82
1.868,-83,1.886,-86,1.961,-83,1.971,-82
1.891,-83,1.905,-86,1.914,-83,1.985,-82
1.9,-83,1.844,-86,1.938,-83,1.966,-82
1.928,-82,1.877,-89,1.943,-83,1.957,-82
1.924,-83,1.849,-86,1.947,-84,1.943,-82
1.914,-82,1.849,-85,1.924,-83,1.957,-82
1.91,-82,1.863,-86,1.957,-83,1.943,-82
1.896,-83,1.882,-86,1.966,-83,1.966,-82
1.891,-84,1.853,-86,1.928,-83,1.971,-83
1.919,-83,1.863,-86,1.952,-83,1.947,-82
1.905,-83,1.872,-86,1.905,-83,1.971,-82
1.896,-83,1.853,-86,1.91,-83,1.957,-83
1.9,-83,1.886,-86,1.938,-83,1.966,-82
1.891,-83,1.868,-85,1.961,-83,1.924,-83
1.914,-83,1.849,-85,1.928,-83,1.975,-83
1.9,-83,1.872,-86,1.928,-83,1.98,-82
1.914,-85,1.872,-86,1.947,-83,1.971,-82
1.914,-83,1.849,-86,1.938,-83,1.952,-82
1.896,-83,1.858,-86,1.938,-83,1.957,-83
1.905,-83,1.853,-87,1.933,-83,1.994,-83
1.933,-83,1.886,-87,1.924,-83,2.004,-82
1.905,-83,1.849,-86,1.919,-83,1.952,-82
1.896,-83,1.872,-86,1.938,-83,1.966,-82
1.91,-83,1.849,-86,1.938,-83,1.947,-83
1.924,-83,1.849,-86,1.966,-83,1.971,-84
1.896,-83,1.858,-87,1.919,-83,1.957,-82
1.891,-83,1.844,-86,1.933,-83,1.952,-82
1.9,-83,1.891,-86,1.938,-83,1.938,-82
1.919,-85,1.872,-89,1.933,-85,1.961,-82
1.9,-83,1.863,-86,1.947,-83,1.966,-82
1.9,-83,1.868,-87,1.943,-83,1.957,-82
1.905,-83,1.844,-87,1.91,-84,1.98,-82
1.891,-83,1.886,-87,1.905,-84,1.952,-84
1.9,-82,1.882,-87,1.943,-83,1.957,-82
1.919,-83,1.872,-86,1.943,-83,1.938,-82
1.9,-83,1.858,-86,1.919,-83,1.975,-82
1.919,-83,1.849,-86,1.919,-84,1.971,-84
1.9,-83,1.886,-87,1.924,-83,1.971,-83
1.9,-83,1.844,-87,1.905,-83,1.943,-82
1.91,-83,1.853,-87,1.91,-83,1.952,-83
1.91,-83,1.853,-86,1.947,-85,1.943,-82
1.886,-83,1.853,-86,1.91,-83,1.98,-82
1.919,-82,1.84,-86,1.924,-83,1.98,-82
1.882,-83,1.858,-86,1.914,-83,1.975,-82
1.905,-83,1.858,-88,1.905,-83,1.989,-82
1.9,-83,1.853,-86,1.928,-84,1.943,-82
1.891,-83,1.844,-87,1.933,-83,1.952,-82
1.9,-84,1.858,-86,1.905,-83,2.004,-82
1.914,-83,1.849,-87,1.924,-83,1.975,-82
1.9,-85,1.91,-87,1.91,-83,1.975,-83
1.938,-83,1.896,-87,1.928,-83,1.971,-82
1.924,-83,1.877,-86,1.928,-83,1.961,-83
1.928,-83,1.858,-86,1.919,-83,1.985,-82
1.924,-83,1.872,-86,1.919,-83,1.933,-83
1.933,-83,1.877,-86,1.924,-83,1.971,-82
1.91,-83,1.868,-86,1.924,-83,1.971,-82
1.896,-83,1.863,-86,1.933,-83,1.961,-82
1.905,-83,1.849,-89,1.905,-83,1.961,-84
1.9,-83,1.877,-86,1.943,-83,1.943,-82
1.919,-83,1.845,-87,1.943,-83,1.952,-82
1.896,-83,1.863,-87,1.914,-83,1.957,-82
1.896,-84,1.868,-88,1.928,-85,1.971,-84
1.914,-83,1.849,-87,1.928,-83,1.961,-82
1.9,-83,1.849,-86,1.947,-83,1.985,-82
1.891,-83,1.872,-88,1.933,-83,1.971,-82
1.905,-83,1.886,-86,1.924,-83,1.952,-82
1.896,-83,1.849,-87,1.952,-83,1.975,-83
1.886,-83,1.844,-86,1.943,-83,1.975,-82
1.91,-83,1.891,-86,1.919,-83,1.947,-82
1.933,-84,1.868,-89,1.961,-85,1.999,-84
1.9,-83,1.863,-87,1.943,-83,1.999,-82
1.882,-83,1.845,-86,1.905,-83,1.971,-82
1.9,-83,1.891,-87,1.919,-84,1.952,-82
1.919,-83,1.863,-87,1.938,-83,1.975,-84
1.928,-83,1.853,-86,1.928,-83,1.943,-82
1.886,-83,1.872,-86,1.938,-83,1.971,-82
1.91,-83,1.882,-86,1.91,-83,1.966,-82
1.914,-84,1.872,-87,1.943,-83,1.971,-82
1.896,-84,1.849,-87,1.919,-83,1.994,-82
1.9,-84,1.849,-86,1.919,-83,1.961,-82
1.891,-83,1.863,-88,1.91,-83,1.989,-82
1.919,-83,1.868,-88,1.919,-83,1.957,-84
1.914,-83,1.849,-86,1.938,-83,1.975,-82
1.896,-83,1.882,-86,1.943,-83,1.975,-82
1.914,-83,1.868,-86,1.933,-83,1.933,-82
1.905,-83,1.868,-87,1.928,-83,1.938,-82
1.914,-83,1.845,-89,1.924,-85,1.966,-83
1.905,-83,1.849,-86,1.928,-83,1.985,-82
1.905,-83,1.849,-86,1.947,-83,1.975,-83
1.905,-83,1.849,-86,1.914,-83,1.947,-84
1.905,-83,1.877,-87,1.933,-83,1.98,-83
1.905,-83,1.849,-87,1.919,-83,1.966,-82
1.905,-83,1.877,-87,1.924,-83,1.989,-82
1.9,-83,1.868,-87,1.933,-83,1.971,-82
1.905,-85,1.849,-87,1.933,-85,1.957,-82
1.924,-83,1.863,-87,1.933,-83,1.971,-82
1.919,-84,1.853,-87,1.933,-84,1.947,-82
1.914,-83,1.877,-86,1.943,-83,1.952,-82
1.9,-83,1.863,-86,1.938,-82,1.919,-84
1.905,-83,1.844,-87,1.919,-84,1.985,-82
1.905,-83,1.863,-87,1.947,-83,1.98,-82
1.891,-84,1.877,-86,1.924,-84,1.961,-82
1.9,-83,1.891,-87,1.928,-84,1.961,-82
1.882,-83,1.849,-88,1.961,-83,1.957,-82
1.896,-83,1.835,-87,1.924,-83,1.961,-82
1.905,-83,1.858,-86,1.933,-83,2.004,-82
1.9,-83,1.835,-86,1.943,-83,1.957,-83
1.91,-83,1.853,-87,1.924,-84,1.98,-82
1.919,-83,1.882,-86,1.919,-84,1.938,-82
1.882,-83,1.849,-87,1.91,-83,1.952,-82
1.919,-83,1.886,-89,1.919,-83,1.971,-82
1.905,-82,1.872,-86,1.882,-83,1.975,-82
1.905,-83,1.858,-86,1.919,-83,1.98,-82
1.9,-83,1.849,-87,1.933,-83,1.961,-83
1.882,-83,1.868,-87,1.914,-83,1.975,-84
1.896,-84,1.853,-87,1.933,-83,1.971,-82
1.9,-83,1.858,-87,1.943,-83,1.989,-82
1.882,-83,1.877,-87,1.9,-83,1.999,-82
1.928,-83,1.844,-87,1.928,-83,1.999,-83
1.91,-85,1.863,-87,1.914,-84,1.947,-82
1.882,-83,1.863,-86,1.924,-84,1.975,-82
1.914,-83,1.868,-87,1.943,-83,1.985,-82
1.896,-84,1.849,-87,1.914,-83,1.943,-83
1.9,-83,1.891,-90,1.947,-85,1.975,-84
1.882,-83,1.844,-86,1.928,-83,1.952,-82
1.891,-83,1.849,-87,1.947,-83,1.975,-82
1.9,-83,1.886,-87,1.933,-83,1.98,-82
1.914,-84,1.886,-87,1.947,-83,1.989,-82
1.886,-83,1.882,-87,1.928,-82,1.98,-82
1.905,-83,1.858,-87,1.924,-83,1.966,-82
1.877,-83,1.872,-87,1.933,-83,1.98,-82
1.9,-84,1.868,-87,1.928,-84,1.933,-82
1.891,-83,1.849,-86,1.928,-84,1.952,-82
1.905,-83,1.872,-86,1.947,-83,1.943,-82
1.886,-83,1.877,-86,1.924,-83,1.957,-82
1.905,-85,1.886,-89,1.928,-83,1.966,-83
1.886,-83,1.849,-86,1.914,-83,1.943,-82
1.914,-83,1.877,-86,1.919,-83,1.985,-83
1.924,-83,1.872,-86,1.919,-83,1.989,-82
1.91,-83,1.849,-86,1.924,-86,1.928,-84
1.91,-83,1.858,-86,1.924,-83,1.952,-82
1.919,-84,1.845,-86,1.914,-83,1.966,-82
1.924,-83,1.891,-86,1.924,-83,1.975,-83
1.905,-83,1.849,-87,1.928,-83,1.947,-83
1.924,-83,1.863,-86,1.924,-83,1.919,-82
1.91,-83,1.863,-87,1.928,-83,1.966,-83
1.91,-83,1.858,-87,1.933,-83,1.957,-82
1.896,-83,1.844,-87,1.914,-83,1.971,-82
1.905,-83,1.849,-87,1.933,-83,1.975,-82
1.905,-83,1.844,-87,1.928,-84,1.966,-82
1.91,-83,1.877,-87,1.91,-83,1.971,-82
1.924,-83,1.844,-86,1.938,-83,1.971,-83
1.91,-83,1.853,-87,1.928,-83,1.985,-82
1.896,-83,1.891,-87,1.938,-83,1.966,-82
1.91,-82,1.849,-87,1.947,-83,1.98,-82
1.914,-83,1.868,-86,1.928,-84,1.947,-82
1.905,-83,1.872,-90,1.928,-85,2.004,-83
1.905,-83,1.863,-87,1.957,-84,1.971,-83
1.882,-83,1.863,-87,1.91,-83,1.98,-82
1.877,-83,1.849,-88,1.91,-83,1.975,-82
1.91,-85,1.868,-86,1.914,-83,1.943,-82
1.914,-83,1.872,-86,1.928,-83,1.961,-83
1.9,-83,1.877,-86,1.91,-84,1.98,-85
1.891,-83,1.844,-88,1.914,-83,1.989,-82
1.919,-85,1.849,-89,1.924,-83,1.985,-84
1.919,-83,1.877,-86,1.905,-83,1.971,-82
1.9,-83,1.853,-86,1.919,-83,1.947,-82
1.896,-83,1.853,-87,1.919,-83,1.989,-83
1.905,-84,1.868,-88,1.943,-85,1.952,-83
1.9,-83,1.845,-86,1.914,-84,1.952,-82
1.905,-83,1.863,-86,1.938,-84,1.952,-82
1.886,-83,1.905,-86,1.924,-84,1.98,-82
1.9,-85,1.849,-89,1.952,-84,1.957,-82
1.91,-83,1.872,-86,1.914,-83,1.947,-83
1.9,-83,1.858,-88,1.928,-83,1.957,-82
1.914,-83,1.868,-86,1.938,-83,1.947,-82
1.9,-83,1.877,-86,1.943,-86,1.975,-83
1.886,-83,1.863,-87,1.928,-83,1.971,-82
1.914,-83,1.877,-86,1.924,-83,1.924,-82
1.91,-83,1.84,-87,1.933,-83,1.98,-82
1.882,-83,1.882,-90,1.928,-83,1.952,-82
1.914,-83,1.853,-86,1.933,-83,1.952,-82
1.91,-83,1.868,-86,1.919,-83,1.966,-82
1.91,-83,1.896,-87,1.924,-83,1.952,-82
1.905,-83,1.844,-87,1.943,-83,1.957,-83
1.919,-83,1.9,-86,1.914,-83,1.938,-83
1.9,-83,1.877,-86,1.924,-83,1.989,-82
1.905,-82,1.849,-88,1.914,-83,1.975,-82
1.905,-83,1.872,-86,1.938,-83,1.947,-83
1.9,-84,1.868,-90,1.938,-85,1.966,-82
1.896,-83,1.853,-87,1.933,-83,1.966,-82
1.9,-83,1.845,-87,1.928,-83,1.947,-82
1.891,-83,1.858,-86,1.943,-83,1.966,-83
1.9,-83,1.863,-87,1.938,-85,1.957,-85
1.896,-83,1.868,-87,1.924,-84,1.966,-82
1.905,-83,1.886,-87,1.933,-83,1.999,-83
1.896,-83,1.863,-86,1.938,-83,1.966,-83
1.905,-84,1.863,-88,1.938,-85,1.957,-82
1.91,-83,1.849,-87,1.933,-83,1.985,-82
1.914,-83,1.858,-87,1.924,-84,1.971,-82
1.9,-84,1.863,-87,1.933,-84,1.98,-82
1.919,-85,1.858,-88,1.914,-85,1.952,-83
1.928,-83,1.844,-86,1.943,-83,1.947,-82
1.9,-83,1.858,-86,1.933,-83,1.985,-82
1.891,-83,1.868,-86,1.933,-83,1.966,-82
1.905,-83,1.858,-86,1.91,-84,1.957,-83
1.891,-83,1.886,-87,1.924,-84,1.966,-82
1.924,-83,1.84,-87,1.919,-83,1.952,-82
1.914,-83,1.877,-87,1.924,-83,1.975,-82
1.9,-83,1.863,-88,1.952,-83,1.975,-82
1.886,-83,1.877,-86,1.943,-83,1.966,-82
1.914,-83,1.9,-87,1.938,-83,1.952,-82
1.928,-83,1.853,-86,1.928,-83,1.971,-82
1.914,-83,1.877,-86,1.905,-83,1.957,-84
1.914,-84,1.863,-87,1.928,-83,1.971,-82
1.91,-83,1.863,-87,1.914,-84,1.975,-82
1.914,-83,1.886,-87,1.928,-84,1.971,-82
1.905,-83,1.877,-87,1.938,-83,1.98,-82
1.886,-84,1.858,-87,1.947,-83,1.971,-82
1.891,-83,1.853,-88,1.924,-83,1.98,-82
1.877,-84,1.845,-88,1.938,-83,1.985,-83
1.905,-83,1.886,-90,1.924,-83,1.957,-82
1.905,-85,1.9,-89,1.928,-83,1.971,-82
1.914,-83,1.849,-87,1.952,-83,1.961,-82
1.905,-83,1.868,-86,1.943,-83,1.966,-82
1.91,-83,1.882,-87,1.924,-85,1.98,-82
1.914,-83,1.844,-87,1.938,-83,1.961,-83
1.882,-83,1.891,-87,1.914,-84,1.975,-83
1.914,-84,1.849,-87,1.961,-83,1.947,-82
1.928,-83,1.845,-87,1.947,-83,1.961,-82
1.919,-83,1.872,-90,1.933,-83,1.957,-82
1.914,-83,1.886,-87,1.919,-83,1.957,-82
1.924,-83,1.849,-87,1.947,-83,1.98,-82
1.896,-83,1.853,-87,1.928,-83,1.961,-82
1.905,-84,1.858,-91,1.966,-85,1.957,-83
1.914,-83,1.863,-86,1.933,-83,1.947,-82
1.91,-83,1.853,-86,1.952,-84,1.98,-82
1.905,-83,1.853,-87,1.914,-83,1.985,-82
1.877,-83,1.844,-87,1.933,-83,1.98,-82
1.905,-83,1.882,-86,1.924,-84,1.975,-82
1.891,-84,1.863,-87,1.938,-83,1.966,-82
1.919,-83,1.877,-87,1.947,-83,1.961,-82
1.919,-83,1.882,-87,1.947,-83,1.943,-82
1.891,-83,1.9,-87,1.91,-83,1.985,-82
1.891,-83,1.853,-87,1.919,-83,1.966,-82
1.919,-84,1.877,-86,1.961,-83,1.957,-82
1.882,-82,1.872,-86,1.924,-85,1.975,-84
1.914,-83,1.853,-87,1.943,-83,1.933,-82
1.924,-83,1.868,-86,1.924,-83,1.989,-83
1.928,-83,1.868,-86,1.947,-83,1.952,-83
1.9,-83,1.863,-90,1.928,-83,1.966,-82
1.924,-83,1.858,-87,1.914,-83,1.928,-82
1.891,-84,1.853,-87,1.966,-83,1.966,-83
1.919,-84,1.849,-86,1.919,-83,1.952,-82
1.91,-83,1.872,-86,1.938,-83,1.961,-82
1.91,-85,1.877,-87,1.938,-83,1.947,-82
1.91,-83,1.868,-87,1.933,-83,1.961,-82
1.91,-83,1.877,-87,1.924,-83,1.947,-82
1.877,-83,1.844,-86,1.914,-83,1.971,-82
1.924,-85,1.863,-88,1.928,-84,1.924,-84
1.91,-83,1.877,-86,1.919,-83,1.989,-82
1.9,-83,1.896,-86,1.928,-83,1.966,-82
1.896,-83,1.849,-87,1.914,-83,1.957,-82
1.928,-83,1.9,-87,1.975,-85,1.957,-84
1.924,-83,1.844,-86,1.919,-83,1.961,-82
1.914,-83,1.858,-86,1.91,-83,1.943,-82
1.919,-83,1.849,-86,1.947,-83,1.961,-82
1.91,-83,1.877,-89,1.933,-84,1.989,-83
1.919,-83,1.882,-87,1.943,-83,1.975,-82
1.905,-83,1.853,-88,1.952,-84,1.971,-83
1.924,-83,1.858,-87,1.928,-83,1.966,-82
1.9,-83,1.872,-87,1.947,-83,1.961,-82
1.905,-83,1.863,-87,1.928,-83,1.952,-82
1.9,-83,1.863,-87,1.938,-83,1.975,-82
1.896,-83,1.877,-86,1.924,-83,1.971,-82
1.914,-83,1.863,-88,1.952,-83,1.961,-82
1.872,-83,1.896,-86,1.943,-83,1.961,-83
1.905,-83,1.872,-86,1.928,-83,1.938,-82
1.9,-83,1.863,-86,1.924,-83,1.966,-82
1.905,-85,1.853,-87,1.938,-83,1.933,-82
1.9,-85,1.849,-88,1.919,-84,1.952,-82
1.905,-83,1.877,-86,1.938,-84,1.975,-82
1.91,-83,1.872,-86,1.938,-83,1.952,-83
1.933,-83,1.896,-86,1.924,-83,1.957,-81
1.924,-85,1.831,-86,1.928,-83,1.975,-83
1.905,-83,1.849,-86,1.938,-83,1.966,-82
1.886,-83,1.853,-87,1.928,-83,1.98,-83
1.905,-83,1.863,-87,1.933,-83,1.957,-82
1.891,-84,1.858,-90,1.957,-84,1.952,-82
1.924,-83,1.868,-87,1.957,-83,1.947,-82
1.9,-83,1.853,-86,1.924,-83,1.971,-82
1.919,-83,1.863,-86,1.919,-83,1.966,-82
1.91,-83,1.877,-86,1.938,-84,1.961,-84
1.891,-83,1.844,-86,1.938,-83,1.98,-82
1.891,-83,1.877,-86,1.924,-83,1.966,-82
1.905,-83,1.891,-86,1.919,-83,1.961,-82
1.905,-85,1.877,-88,1.943,-86,1.938,-84
1.905,-83,1.868,-86,1.933,-83,1.971,-82
1.91,-83,1.863,-87,1.928,-83,1.966,-82
1.9,-83,1.858,-87,1.938,-83,1.961,-82
1.914,-83,1.858,-87,1.928,-83,1.961,-82
1.933,-83,1.886,-87,1.952,-83,1.952,-82
1.914,-83,1.845,-87,1.914,-83,1.966,-83
1.924,-83,1.849,-87,1.928,-83,1.957,-82
1.9,-83,1.872,-89,1.952,-86,1.966,-83
1.919,-83,1.886,-87,1.943,-84,1.975,-83
1.891,-83,1.844,-87,1.947,-84,1.952,-83
1.905,-83,1.882,-86,1.919,-83,1.961,-82
1.933,-84,1.891,-86,1.905,-83,2.004,-84
1.91,-83,1.882,-86,1.971,-83,1.952,-82
1.896,-83,1.853,-87,1.919,-84,1.98,-83
1.9,-84,1.858,-87,1.947,-83,1.952,-82
1.896,-86,1.877,-86,1.943,-83,1.989,-82
1.91,-83,1.877,-86,1.914,-83,1.975,-82
1.914,-84,1.835,-86,1.924,-83,1.98,-82
1.91,-83,1.872,-86,1.924,-83,1.971,-82
1.919,-84,1.896,-88,1.933,-84,1.952,-83
1.905,-83,1.844,-87,1.938,-83,1.98,-83
1.896,-83,1.849,-86,1.933,-83,1.966,-82
1.905,-83,1.882,-86,1.943,-83,1.975,-83
1.896,-83,1.886,-88,1.938,-83,1.999,-82
1.91,-85,1.882,-86,1.952,-83,1.928,-83
1.919,-83,1.849,-86,1.947,-83,1.975,-82
1.9,-84,1.9,-86,1.919,-83,1.966,-82
1.882,-83,1.891,-86,1.91,-84,1.947,-84
1.886,-83,1.872,-87,1.947,-85,1.985,-82
1.924,-83,1.858,-87,1.943,-84,1.966,-82
1.891,-83,1.849,-87,1.924,-83,1.975,-82
1.919,-83,1.877,-86,1.947,-83,1.985,-82
1.9,-84,1.891,-88,1.919,-83,1.98,-84
1.905,-83,1.872,-86,1.975,-83,1.961,-83
1.919,-83,1.886,-87,1.966,-83,1.943,-82
1.91,-83,1.872,-86,1.919,-83,1.957,-82
1.919,-83,1.863,-87,1.938,-84,1.98,-82
1.9,-83,1.863,-86,1.9,-84,1.961,-82
1.9,-83,0,0,1.924,-83,1.98,-82
1.891,-83,1.886,-87,1.933,-83,1.952,-83
1.919,-84,1.919,-86,1.914,-83,1.952,-82
1.896,-83,1.882,-87,1.943,-83,1.961,-82
1.914,-83,1.914,-87,1.938,-83,1.947,-83
1.914,-83,1.853,-86,1.924,-83,1.989,-82
1.928,-85,1.863,-86,1.924,-83,1.961,-82
1.905,-85,1.853,-87,1.924,-83,1.98,-82
1.919,-83,1.853,-86,1.952,-83,1.943,-82
1.91,-83,1.858,-87,1.928,-83,1.947,-82
1.9,-83,1.849,-87,1.914,-83,1.933,-82
1.896,-85,1.872,-86,1.947,-84,1.952,-82
1.896,-83,1.844,-86,1.928,-84,1.957,-82
1.9,-83,1.858,-86,1.914,-83,1.957,-82
1.905,-83,1.877,-86,1.943,-83,1.961,-82
1.919,-83,1.853,-88,1.952,-84,1.961,-83
1.905,-84,1.882,-86,1.933,-83,1.966,-82
1.914,-83,1.835,-87,1.943,-83,1.98,-83
1.891,-83,1.896,-87,1.961,-83,1.98,-83
1.9,-83,1.868,-86,1.933,-85,1.989,-84
1.905,-83,1.853,-86,1.905,-83,1.957,-83
1.905,-83,1.853,-86,1.938,-83,1.98,-82
1.896,-83,1.835,-86,1.952,-83,1.966,-83
1.91,-83,1.858,-90,1.943,-83,1.98,-84
1.924,-83,1.853,-86,1.919,-84,1.961,-82
1.905,-84,1.853,-86,1.905,-83,1.989,-82
1.914,-83,1.863,-86,1.928,-83,1.971,-83
1.919,-83,1.849,-86,1.943,-84,1.957,-82
1.919,-83,1.872,-86,1.943,-83,1.971,-82
1.905,-83,1.882,-86,1.947,-83,1.971,-82
1.896,-83,1.858,-86,1.928,-83,1.975,-82
1.891,-83,1.868,-85,1.943,-85,1.938,-82
1.914,-83,1.868,-86,1.933,-83,1.938,-82
1.91,-83,1.844,-86,1.947,-83,1.957,-82
1.886,-83,1.868,-91,1.919,-83,1.98,-82
1.91,-83,1.858,-86,1.928,-84,1.957,-82
1.914,-85,1.877,-88,1.947,-83,1.98,-82
1.9,-83,1.853,-86,1.952,-83,1.971,-82
1.919,-83,1.872,-85,1.928,-83,1.961,-83
1.91,-82,1.877,-86,1.943,-83,1.943,-84
1.919,-83,1.872,-88,1.957,-83,1.966,-84
1.886,-83,1.853,-86,1.952,-83,1.98,-82
1.9,-84,1.882,-87,1.947,-82,1.966,-82
1.905,-83,1.872,-87,1.943,-82,1.947,-82
1.919,-83,1.886,-87,1.924,-83,1.957,-84
1.905,-83,1.849,-86,1.928,-82,1.952,-82
1.905,-83,1.858,-86,1.928,-83,1.98,-82
1.91,-83,1.882,-88,1.961,-83,1.961,-82
1.896,-85,1.845,-87,1.943,-84,1.989,-82
1.914,-83,1.849,-86,1.924,-82,1.952,-83
1.877,-83,1.844,-85,1.924,-83,1.957,-82
1.905,-83,1.891,-85,1.957,-83,1.975,-82
1.919,-83,1.849,-86,1.957,-83,1.971,-84
1.928,-83,1.849,-86,1.924,-83,1.961,-82
1.91,-83,1.872,-87,1.928,-83,1.98,-82
1.905,-83,1.863,-86,1.943,-83,1.957,-82
1.928,-83,1.835,-86,1.971,-83,1.966,-82
1.9,-84,1.853,-85,1.919,-82,1.952,-82
1.891,-84,1.882,-86,1.928,-82,1.957,-82
1.91,-83,1.84,-86,1.938,-83,1.971,-82
1.905,-83,1.872,-87,1.933,-83,1.98,-83
1.891,-83,1.868,-87,1.928,-83,1.966,-82
1.886,-83,1.877,-86,1.91,-83,1.971,-82
1.9,-83,1.863,-87,1.947,-83,1.975,-83
1.9,-83,1.863,-85,1.947,-83,1.971,-82
1.886,-84,1.835,-85,1.938,-82,1.961,-82
1.914,-83,1.844,-85,1.943,-85,1.961,-82
1.919,-83,1.858,-85,1.938,-83,1.975,-82
1.91,-83,1.886,-85,1.961,-83,1.957,-82
1.91,-83,1.877,-84,1.952,-83,1.966,-82
1.914,-83,1.886,-85,1.933,-83,1.975,-82
