,Unnamed: 0,timestamp,R1,RSS1,R2,RSS2,R3,RSS3,R4,RSS4,R5,RSS5,R6,RSS6,R7,RSS7,R8,RSS8,X_M1,Y_M1,Z_M1,X_M2,Y_M2,Z_M2,X_M3,Y_M3,Z_M3,X_M4,Y_M4,Z_M4
0,0,1541175574,3.216,-85,3.174,-87,3.314,-84,1.366,-81,2.036,-86,1.849,-82,3.703,-84,2.818,-91,0.531483,0.410829,0.536858,0.6394380000000001,0.4106,0.508177,0.669722,0.4108350000000001,0.6149789999999999,0.563296,0.409539,0.644522
1,1,1541175575,3.282,-87,3.174,-85,3.361,-85,1.371,-81,2.186,-87,1.835,-83,3.726,-83,2.8,-89,0.52246,0.410655,0.539479,0.630402,0.410501,0.5107520000000001,0.660787,0.410868,0.617885,0.5536399999999999,0.409476,0.646418
2,2,1541175575,3.188,-86,3.156,-85,3.38,-84,1.38,-81,1.882,-88,1.831,-82,3.698,-84,2.804,-90,0.514602,0.410368,0.541117,0.622588,0.409811,0.512905,0.652451,0.410538,0.6200859999999999,0.545868,0.409464,0.64883
3,3,1541175575,3.2260000000000004,-87,3.151,-85,3.347,-83,1.371,-81,2.046,-89,1.807,-82,3.717,-83,2.822,-89,0.504937,0.410554,0.542954,0.613003,0.410168,0.514695,0.642987,0.4104100000000001,0.622037,0.535726,0.40964,0.650524
4,4,1541175575,3.254,-86,3.151,-85,3.333,-84,1.39,-83,2.205,-88,1.84,-82,3.722,-83,2.865,-89,0.499558,0.41109,0.5451600000000001,0.607382,0.409219,0.516925,0.63697,0.409604,0.62403,0.529872,0.409975,0.652379
5,5,1541175575,3.17,-86,3.1180000000000003,-85,3.357,-84,1.366,-82,2.069,-88,1.831,-82,3.726,-84,2.813,-89,0.494458,0.411768,0.546473,0.602903,0.408928,0.518686,0.631627,0.40942,0.626174,0.5244479999999999,0.410476,0.6539189999999999
6,6,1541175575,3.263,-89,3.099,-85,3.357,-84,1.404,-81,2.074,-88,1.812,-81,3.717,-83,2.837,-93,0.484885,0.411134,0.5484289999999999,0.59291,0.409081,0.520701,0.621953,0.409475,0.628099,0.5149020000000001,0.410501,0.65605
7,7,1541175575,3.198,-86,3.104,-85,3.357,-84,1.38,-83,2.083,-88,1.821,-82,3.703,-84,2.841,-89,0.474983,0.411054,0.550664,0.583445,0.408833,0.52381,0.6118640000000001,0.409543,0.631612,0.5043310000000001,0.410539,0.65842
8,8,1541175575,3.165,-86,3.1180000000000003,-85,3.366,-84,1.423,-82,1.746,-87,1.831,-82,3.736,-83,2.888,-89,0.465915,0.411107,0.553837,0.574345,0.409009,0.527826,0.602,0.40931,0.634966,0.494507,0.410045,0.661507
9,9,1541175575,3.357,-87,3.099,-84,3.357,-84,1.423,-82,1.605,-88,1.831,-81,3.694,-83,2.874,-87,0.4567729999999999,0.411186,0.555863,0.565524,0.409198,0.530265,0.592427,0.409225,0.638532,0.484808,0.4100140000000001,0.66418
10,10,1541175575,3.306,-86,3.109,-85,3.385,-85,1.404,-82,1.62,-89,1.845,-81,3.731,-86,2.846,-90,0.449315,0.411944,0.558087,0.558025,0.409569,0.5343979999999999,0.58403,0.409411,0.6426430000000001,0.4760970000000001,0.410362,0.667087
11,11,1541175575,3.2960000000000003,-85,3.109,-86,3.357,-86,1.474,-81,1.666,-89,1.779,-81,3.684,-84,2.841,-88,0.441519,0.412011,0.561454,0.5507989999999999,0.409729,0.5388,0.574963,0.409168,0.6475920000000001,0.466357,0.409867,0.669974
12,12,1541175575,3.464,-86,3.057,-84,3.385,-83,1.474,-82,1.746,-89,1.774,-81,3.694,-84,2.822,-86,0.43521,0.412128,0.5629069999999999,0.544844,0.409604,0.541323,0.568164,0.408994,0.650149,0.4597520000000001,0.410036,0.672046
13,13,1541175575,3.418,-86,3.057,-84,3.375,-83,1.4880000000000002,-83,1.746,-91,1.798,-81,3.68,-84,2.846,-87,0.422313,0.412127,0.5655100000000001,0.531981,0.410036,0.54485,0.554281,0.409274,0.654303,0.444976,0.409517,0.674354
14,14,1541175575,3.3,-85,3.062,-84,3.38,-85,1.493,-83,1.76,-89,1.76,-81,3.689,-84,2.813,-86,0.413337,0.412098,0.56697,0.523454,0.410077,0.5479229999999999,0.544071,0.408927,0.657311,0.434996,0.409298,0.676412
15,15,1541175575,3.488,-87,3.048,-86,3.389,-86,1.5019999999999998,-84,1.756,-89,1.779,-81,3.731,-84,2.855,-86,0.404404,0.412008,0.569227,0.5145609999999999,0.410243,0.5509229999999999,0.534632,0.408768,0.6605800000000001,0.425019,0.409305,0.678562
16,16,1541175575,3.38,-86,3.057,-84,3.4130000000000003,-84,1.4880000000000002,-82,1.844,-90,1.774,-81,3.703,-83,2.855,-87,0.395952,0.412222,0.570257,0.50657,0.410125,0.5533319999999999,0.524931,0.408786,0.6627930000000001,0.415199,0.409427,0.679945
17,17,1541175575,3.389,-86,3.071,-84,3.3710000000000004,-86,1.469,-83,1.817,-89,1.741,-81,3.689,-84,2.837,-87,0.386359,0.412379,0.56968,0.497094,0.410154,0.553267,0.5147229999999999,0.409492,0.663313,0.404984,0.409748,0.679474
18,18,1541175575,3.273,-86,3.048,-84,3.375,-84,1.521,-84,1.849,-90,1.76,-81,3.675,-84,2.818,-86,0.377496,0.411921,0.56855,0.489084,0.409864,0.553204,0.505015,0.409521,0.6632279999999999,0.394686,0.4101260000000001,0.677805
19,19,1541175575,3.2310000000000003,-86,3.062,-84,3.403,-83,1.484,-84,1.896,-87,1.746,-81,3.689,-86,2.822,-85,0.36918,0.4119310000000001,0.5673020000000001,0.479873,0.409997,0.555233,0.493782,0.410187,0.665504,0.383526,0.410298,0.677719
20,20,1541175575,3.2960000000000003,-87,3.034,-83,3.394,-85,1.432,-84,1.91,-86,1.765,-83,3.684,-85,2.814,-85,0.35930300000000004,0.412019,0.568574,0.470703,0.410632,0.5584210000000001,0.482254,0.41025,0.669092,0.371487,0.41011,0.679134
21,21,1541175576,3.24,-89,3.0660000000000003,-85,3.385,-83,1.371,-84,1.943,-87,1.732,-81,3.666,-84,2.813,-85,0.349456,0.411823,0.569155,0.460784,0.410675,0.559197,0.471784,0.4103270000000001,0.670126,0.36139,0.410213,0.679438
22,22,1541175576,3.324,-87,3.08,-83,3.361,-84,1.352,-85,1.933,-86,1.737,-82,3.68,-83,2.795,-84,0.339929,0.411837,0.568566,0.450992,0.4102560000000001,0.5589529999999999,0.462381,0.410158,0.6694180000000001,0.351898,0.4102020000000001,0.67896
23,23,1541175576,3.306,-87,3.029,-83,3.394,-84,1.315,-84,1.933,-86,1.737,-81,3.666,-83,2.804,-84,0.330197,0.411768,0.569159,0.441776,0.410452,0.56028,0.452441,0.410412,0.670607,0.341697,0.410295,0.6796399999999999
24,24,1541175576,3.305,-87,3.034,-83,3.385,-84,1.297,-85,1.966,-86,1.685,-82,3.656,-83,2.762,-84,0.320961,0.411826,0.5702510000000001,0.432415,0.410492,0.561379,0.4428,0.410673,0.672525,0.331822,0.410069,0.680878
25,25,1541175576,3.3,-89,3.019,-84,3.385,-85,1.32,-87,1.985,-91,1.713,-84,3.642,-83,2.757,-84,0.312195,0.411934,0.570612,0.423495,0.4105470000000001,0.562048,0.4336890000000001,0.410375,0.672832,0.322746,0.410128,0.6812779999999999
26,26,1541175576,3.268,-86,3.024,-83,3.375,-84,1.315,-86,1.989,-87,1.723,-82,3.619,-83,2.757,-84,0.30343400000000004,0.411699,0.570576,0.414681,0.41,0.562263,0.424582,0.410502,0.672782,0.313892,0.410553,0.681086
27,27,1541175576,3.24,-86,2.963,-83,3.3710000000000004,-83,1.306,-86,1.989,-87,1.713,-82,3.605,-83,2.729,-84,0.294241,0.411592,0.571131,0.405578,0.409981,0.563263,0.415111,0.410211,0.673804,0.304669,0.410498,0.681707
28,28,1541175576,3.277,-86,3.01,-83,3.338,-83,1.362,-86,1.994,-87,1.681,-81,3.614,-83,2.753,-85,0.284229,0.411695,0.571908,0.395777,0.409996,0.564415,0.40491,0.410328,0.6752,0.294395,0.410656,0.68247
29,29,1541175576,3.263,-86,2.991,-83,3.342,-84,1.348,-86,2.013,-87,1.704,-81,3.614,-83,2.734,-83,0.273771,0.411491,0.5723689999999999,0.38563,0.4100220000000001,0.565067,0.394161,0.410405,0.67582,0.28336100000000003,0.410293,0.68294
30,30,1541175576,3.31,-88,2.959,-84,3.38,-83,1.366,-89,2.046,-88,1.704,-82,3.59,-85,2.748,-84,0.263705,0.411219,0.5729,0.375055,0.410124,0.565732,0.383682,0.410292,0.6765479999999999,0.272797,0.410298,0.683366
31,31,1541175576,3.268,-87,2.935,-83,3.347,-83,1.455,-87,2.008,-87,1.671,-82,3.605,-83,2.715,-83,0.253072,0.411191,0.573064,0.364456,0.410369,0.566534,0.372755,0.410447,0.677532,0.261986,0.410056,0.6840229999999999
32,32,1541175576,3.254,-87,2.907,-83,3.338,-83,1.516,-87,2.041,-85,1.676,-81,3.5810000000000004,-83,2.729,-84,0.242774,0.411181,0.573619,0.354221,0.410297,0.567384,0.362027,0.410551,0.678539,0.251211,0.409825,0.684549
33,33,1541175576,3.2260000000000004,-87,2.902,-83,3.352,-83,1.521,-88,2.027,-86,1.676,-81,3.572,-83,2.701,-83,0.233089,0.411274,0.574448,0.344193,0.410297,0.568696,0.351936,0.410424,0.679562,0.241091,0.409713,0.685385
34,34,1541175576,3.221,-88,2.9160000000000004,-83,3.3710000000000004,-83,1.4980000000000002,-87,2.074,-86,1.709,-83,3.6,-83,2.678,-84,0.223412,0.411137,0.574909,0.334477,0.410556,0.5693,0.341613,0.410386,0.68056,0.231173,0.409864,0.686092
35,35,1541175576,3.216,-90,2.888,-84,3.375,-85,1.793,-88,2.083,-86,1.681,-81,3.595,-83,2.631,-84,0.21372,0.41134,0.575511,0.32510500000000003,0.410194,0.570369,0.332113,0.4104390000000001,0.681126,0.221128,0.409479,0.686696
36,36,1541175576,3.202,-88,2.888,-84,3.366,-83,1.643,-88,2.06,-85,1.662,-81,3.572,-83,2.631,-84,0.207762,0.410839,0.5756319999999999,0.318807,0.410408,0.570755,0.32565900000000003,0.410374,0.682028,0.214775,0.409434,0.6866869999999999
37,37,1541175576,3.202,-88,2.86,-83,3.38,-83,1.737,-88,2.069,-86,1.648,-81,3.614,-83,2.631,-84,0.194913,0.410986,0.576629,0.30628,0.410257,0.572279,0.312463,0.4101260000000001,0.683247,0.20158,0.409367,0.687693
38,38,1541175576,3.193,-88,2.869,-83,3.366,-83,1.666,-87,2.097,-86,1.652,-81,3.576,-83,2.631,-85,0.185476,0.410829,0.57673,0.296763,0.410269,0.572747,0.303117,0.410221,0.6837880000000001,0.192063,0.409362,0.688221
39,39,1541175576,3.24,-88,2.837,-84,3.333,-84,1.756,-86,2.115,-85,1.681,-82,3.5580000000000003,-83,2.584,-84,0.176621,0.410715,0.5771029999999999,0.288013,0.409647,0.573048,0.293677,0.409809,0.683825,0.182651,0.409363,0.6882659999999999
40,40,1541175576,3.235,-88,2.822,-85,3.394,-85,1.798,-88,2.083,-88,1.652,-83,3.572,-84,2.645,-86,0.168053,0.410793,0.577191,0.27933,0.409521,0.5729989999999999,0.285068,0.4098350000000001,0.684244,0.173902,0.409675,0.6885899999999999
41,41,1541175577,3.2260000000000004,-88,2.818,-83,3.347,-83,1.914,-85,2.097,-86,1.6569999999999998,-81,3.5580000000000003,-83,2.575,-84,0.159327,0.411008,0.576966,0.270588,0.409432,0.573515,0.276398,0.409857,0.684499,0.165393,0.409779,0.688316
42,42,1541175577,3.207,-88,2.813,-83,3.342,-83,1.924,-85,2.158,-86,1.638,-82,3.562,-83,2.509,-84,0.150975,0.410805,0.576604,0.26203200000000004,0.409077,0.573761,0.26715900000000004,0.409463,0.6848,0.156443,0.409846,0.688459
43,43,1541175577,3.254,-88,2.818,-83,3.375,-84,1.961,-85,2.092,-86,1.648,-81,3.562,-82,2.5380000000000003,-86,0.142028,0.410965,0.576874,0.253849,0.408839,0.573975,0.258408,0.409279,0.6850930000000001,0.147641,0.409758,0.688235
44,44,1541175577,3.254,-89,2.781,-84,3.399,-84,2.036,-85,2.125,-86,1.648,-83,3.5580000000000003,-83,2.477,-85,0.133143,0.410803,0.5772010000000001,0.244411,0.408511,0.574808,0.249218,0.409084,0.685557,0.13784100000000002,0.409743,0.6886439999999999
45,45,1541175577,3.287,-88,2.79,-82,3.361,-83,1.985,-83,2.12,-88,1.648,-81,3.549,-82,2.467,-84,0.123699,0.410919,0.577828,0.234705,0.408468,0.5750029999999999,0.239075,0.409052,0.686307,0.128479,0.409811,0.6889270000000001
46,46,1541175577,3.305,-89,2.786,-82,3.3710000000000004,-84,1.985,-83,2.125,-86,1.629,-81,3.539,-82,2.463,-84,0.11397,0.410803,0.578044,0.225221,0.40871,0.5757399999999999,0.22889,0.409009,0.68712,0.118255,0.409812,0.6893130000000001
47,47,1541175577,3.319,-89,2.795,-82,3.347,-84,1.957,-83,2.13,-86,1.61,-81,3.497,-82,2.472,-84,0.104128,0.410729,0.578191,0.215374,0.408604,0.5760390000000001,0.21939,0.408992,0.6877449999999999,0.108343,0.409548,0.689421
48,48,1541175577,3.314,-89,2.781,-82,3.357,-83,2.032,-83,2.144,-88,1.615,-81,3.5210000000000004,-82,2.439,-85,0.0942846,0.410673,0.578088,0.205788,0.408754,0.576653,0.209305,0.408964,0.68795,0.0981934,0.409836,0.689739
49,49,1541175577,3.268,-89,2.8,-82,3.366,-83,1.957,-84,2.186,-88,1.662,-82,3.539,-84,2.416,-85,0.08468060000000001,0.410822,0.5788840000000001,0.196023,0.408648,0.577156,0.199515,0.408788,0.688768,0.0880341,0.409572,0.690448
50,50,1541175577,3.31,-93,2.786,-82,3.361,-83,1.975,-82,2.162,-86,1.605,-81,3.516,-82,2.373,-84,0.0749465,0.410793,0.579643,0.185914,0.40871,0.5782470000000001,0.189101,0.409005,0.689204,0.07809989999999999,0.409265,0.6906399999999999
51,51,1541175577,3.324,-90,2.781,-83,3.352,-83,1.961,-82,2.144,-86,1.62,-81,3.511,-82,2.383,-84,0.0649571,0.410549,0.579392,0.175825,0.408662,0.578545,0.179068,0.408952,0.689607,0.0676874,0.409427,0.690829
52,52,1541175577,3.324,-90,2.753,-82,3.375,-83,1.933,-82,2.176,-86,1.61,-81,3.525,-82,2.373,-84,0.054513699999999984,0.41048,0.579309,0.166182,0.408573,0.578863,0.168483,0.408985,0.689979,0.0572488,0.409063,0.690526
53,53,1541175577,3.319,-89,2.762,-83,3.347,-83,2.008,-84,2.209,-85,1.601,-81,3.4930000000000003,-82,2.378,-85,0.0442939,0.410425,0.579272,0.156084,0.409406,0.57977,0.157322,0.409107,0.690609,0.0466735,0.409013,0.690557
54,54,1541175577,3.314,-92,2.776,-85,3.422,-85,1.975,-83,2.214,-85,1.652,-81,3.46,-83,2.383,-85,0.0343842,0.410251,0.5795239999999999,0.146092,0.409488,0.580055,0.147368,0.408973,0.6910890000000001,0.036329400000000005,0.408842,0.690918
55,55,1541175577,3.319,-90,2.757,-83,3.347,-84,1.975,-83,2.172,-86,1.601,-80,3.432,-84,2.35,-85,0.0247864,0.410549,0.579497,0.136284,0.409334,0.5799890000000001,0.137533,0.408939,0.691261,0.026673400000000003,0.408797,0.690873
56,56,1541175577,3.324,-89,2.757,-83,3.375,-84,2.013,-83,2.2,-86,1.61,-80,3.464,-83,2.383,-85,0.0158351,0.410364,0.5792470000000001,0.127528,0.409165,0.58001,0.128526,0.408976,0.6914100000000001,0.0170471,0.408956,0.690603
57,57,1541175577,3.347,-89,2.739,-83,3.342,-83,1.985,-83,2.209,-86,1.587,-80,3.483,-82,2.369,-84,0.00648831,0.410593,0.5794020000000001,0.118143,0.409267,0.580611,0.118622,0.408828,0.691366,0.00763387,0.409031,0.690475
58,58,1541175577,3.31,-88,2.748,-84,3.352,-83,1.98,-83,2.228,-86,1.596,-81,3.46,-82,2.42,-84,-0.00286721,0.410462,0.579443,0.108764,0.409299,0.581231,0.108529,0.4088,0.6924779999999999,-0.00240105,0.408916,0.691068
59,59,1541175577,3.366,-92,2.7060000000000004,-83,3.361,-84,1.994,-83,2.237,-86,1.601,-81,3.422,-82,2.383,-85,-0.0124359,0.410899,0.579318,0.0988096,0.409386,0.581403,0.0984607,0.408785,0.69271,-0.0121575,0.408806,0.6908479999999999
60,60,1541175577,3.357,-89,2.7110000000000003,-83,3.342,-83,1.985,-83,2.228,-87,1.596,-81,3.46,-82,2.378,-84,-0.0218612,0.411024,0.5791930000000001,0.0895711,0.409402,0.581072,0.0896324,0.408812,0.692331,-0.021971900000000003,0.408833,0.690495
61,61,1541175578,3.389,-88,2.687,-84,3.357,-83,1.971,-83,2.242,-86,1.634,-80,3.464,-82,2.373,-84,-0.0302709,0.4109350000000001,0.579005,0.0813913,0.409136,0.581665,0.0803665,0.408483,0.692812,-0.030582,0.409069,0.690637
62,62,1541175578,3.385,-87,2.687,-84,3.375,-83,1.961,-84,2.28,-86,1.624,-81,3.446,-82,2.406,-84,-0.0391214,0.411299,0.579282,0.0718813,0.408574,0.582034,0.0716424,0.408499,0.6933279999999999,-0.0395595,0.409275,0.690659
63,63,1541175578,3.4130000000000003,-89,2.659,-83,3.333,-83,1.98,-86,2.2840000000000003,-87,1.62,-81,3.446,-83,2.388,-84,-0.0476843,0.411477,0.579394,0.0633661,0.40873,0.582316,0.0623864,0.408467,0.693678,-0.0486385,0.409284,0.6910109999999999
64,64,1541175578,3.38,-92,2.668,-85,3.357,-83,1.943,-86,2.266,-88,1.591,-81,3.408,-82,2.378,-84,-0.0568565,0.41138,0.579056,0.0538447,0.408451,0.5824590000000001,0.053107000000000015,0.408226,0.693651,-0.0580246,0.409235,0.690538
65,65,1541175578,3.418,-89,2.668,-84,3.366,-83,1.938,-84,2.28,-86,1.615,-80,3.408,-82,2.392,-84,-0.06712689999999999,0.411426,0.578468,0.044294,0.40844,0.581708,0.043321,0.408246,0.69285,-0.06784950000000001,0.409429,0.6901189999999999
66,66,1541175578,3.427,-89,2.664,-84,3.342,-83,1.924,-85,2.294,-86,1.615,-81,3.4360000000000004,-82,2.373,-83,-0.0764859,0.411444,0.5783159999999999,0.034862800000000006,0.408544,0.582002,0.033074400000000004,0.408284,0.692992,-0.07794580000000001,0.409048,0.689771
67,67,1541175578,3.4410000000000003,-88,2.5980000000000003,-83,3.352,-84,1.957,-85,2.331,-86,1.605,-81,3.4130000000000003,-82,2.402,-83,-0.08605739999999999,0.411574,0.5786680000000001,0.0248656,0.408474,0.5826359999999999,0.0231108,0.408274,0.693724,-0.0877719,0.40923,0.69026
68,68,1541175578,3.427,-90,2.5980000000000003,-85,3.357,-83,1.872,-86,2.28,-85,1.61,-81,3.3710000000000004,-82,2.378,-85,-0.0958814,0.411646,0.578968,0.015233000000000003,0.409036,0.582569,0.0133144,0.40822,0.694114,-0.0974029,0.409022,0.690505
69,69,1541175578,3.45,-87,2.612,-83,3.347,-83,1.933,-85,2.327,-85,1.605,-81,3.399,-83,2.388,-83,-0.102522,0.412554,0.578972,0.00854028,0.408892,0.58297,0.006602800000000001,0.408464,0.694343,-0.104321,0.410021,0.690397
70,70,1541175578,3.4360000000000004,-88,2.584,-83,3.366,-83,1.966,-85,2.3080000000000003,-87,1.601,-81,3.399,-83,2.345,-83,-0.107958,0.412632,0.57822,0.00318444,0.408641,0.583445,-5.479999999999999e-05,0.407796,0.694458,-0.11141600000000003,0.41006,0.68981
71,71,1541175578,3.483,-88,2.5980000000000003,-83,3.3280000000000003,-83,1.933,-85,2.312,-86,1.62,-81,3.394,-82,2.345,-83,-0.123058,0.411481,0.577812,-0.0116016,0.408987,0.583025,-0.015224799999999997,0.408287,0.694013,-0.12609,0.408934,0.689145
72,72,1541175578,3.45,-89,2.5660000000000003,-83,3.333,-83,1.961,-85,2.35,-86,1.587,-81,3.3710000000000004,-83,2.331,-83,-0.135759,0.411391,0.578379,-0.0244047,0.40955,0.5837979999999999,-0.0280793,0.408593,0.6948529999999999,-0.138932,0.408624,0.689756
73,73,1541175578,3.507,-89,2.589,-84,3.357,-84,2.036,-86,2.397,0,1.587,-81,3.375,-82,2.355,-84,-0.14658800000000002,0.411666,0.578809,-0.0350994,0.409441,0.584218,-0.0389829,0.408504,0.695195,-0.149724,0.408679,0.69
74,74,1541175578,3.483,-87,2.575,-82,3.342,-83,2.022,-84,2.355,-86,1.629,-80,3.375,-82,2.327,-83,-0.15597,0.411415,0.578094,-0.0447802,0.409531,0.583808,-0.0486809,0.408497,0.694973,-0.159375,0.408399,0.6895319999999999
75,75,1541175578,3.525,-88,2.556,-82,3.347,-83,2.069,-83,2.402,-86,1.62,-81,3.38,-82,2.298,-82,-0.16415,0.4115470000000001,0.5772510000000001,-0.0526496,0.40923,0.58358,-0.0568825,0.407903,0.694315,-0.167432,0.408573,0.688692
76,76,1541175578,3.53,-88,2.575,-82,3.357,-82,2.088,-83,2.359,-86,1.615,-81,3.342,-82,2.27,-84,-0.172709,0.41163,0.576404,-0.061441,0.409139,0.5834590000000001,-0.06645319999999999,0.407909,0.694351,-0.177232,0.408638,0.688113
77,77,1541175578,3.511,-88,2.556,-82,3.357,-83,2.083,-83,2.355,-86,1.582,-81,3.324,-82,2.2840000000000003,-82,-0.182967,0.4113310000000001,0.5758300000000001,-0.07148810000000001,0.409096,0.583208,-0.0768241,0.408308,0.694126,-0.187555,0.40841,0.6870109999999999
78,78,1541175578,3.549,-89,2.552,-82,3.333,-83,2.106,-85,2.402,-85,1.601,-81,3.352,-84,2.27,-83,-0.192835,0.411437,0.575384,-0.0818217,0.409061,0.582562,-0.0872233,0.408019,0.693603,-0.197964,0.408472,0.686582
79,79,1541175578,3.5810000000000004,-87,2.5660000000000003,-83,3.338,-84,2.111,-83,2.392,-86,1.624,-81,3.314,-83,2.2230000000000003,-82,-0.203214,0.411312,0.574557,-0.0919207,0.409146,0.582214,-0.0976043,0.408394,0.693072,-0.209122,0.408301,0.685438
80,80,1541175578,3.567,-87,2.524,-83,3.342,-83,2.134,-83,2.42,-86,1.582,-80,3.306,-82,2.214,-82,-0.213058,0.4112270000000001,0.573908,-0.101715,0.409179,0.581488,-0.107444,0.408288,0.6923779999999999,-0.218759,0.408068,0.684606
81,81,1541175579,3.562,-88,2.547,-84,3.361,-83,2.106,-82,2.4530000000000003,-86,1.634,-81,3.324,-83,2.205,-82,-0.222386,0.411264,0.572932,-0.11077,0.409001,0.5815020000000001,-0.117386,0.407942,0.691945,-0.228055,0.408148,0.6839
82,82,1541175579,3.544,-89,2.552,-83,3.352,-85,2.125,-84,2.463,-88,1.624,-81,3.301,-83,2.172,-83,-0.231552,0.411314,0.5725819999999999,-0.120289,0.408809,0.580627,-0.12688,0.408021,0.691608,-0.23769,0.408211,0.683269
83,83,1541175579,3.548,-92,2.533,-85,3.342,-84,2.181,-84,2.4530000000000003,-88,1.61,-82,3.282,-84,2.162,-83,-0.241221,0.41125,0.57234,-0.13021,0.409061,0.5802930000000001,-0.136647,0.408012,0.691394,-0.247648,0.407881,0.68271
84,84,1541175579,3.5860000000000003,-88,2.533,-83,3.338,-83,2.172,-82,2.439,-87,1.634,-81,3.292,-83,2.191,-83,-0.25093000000000004,0.411421,0.5715979999999999,-0.139933,0.409149,0.579924,-0.146763,0.408077,0.691072,-0.25755,0.408111,0.682343
85,85,1541175579,3.572,-88,2.505,-84,3.38,-83,2.148,-83,2.481,-86,1.629,-81,3.292,-84,2.162,-82,-0.261527,0.4111800000000001,0.570504,-0.149801,0.409461,0.579741,-0.15747,0.408167,0.690203,-0.267739,0.408085,0.68184
86,86,1541175579,3.609,-87,2.481,-84,3.342,-83,2.186,-82,2.481,-85,1.643,-81,3.268,-83,2.13,-82,-0.271942,0.411378,0.569198,-0.16082,0.409575,0.578006,-0.168276,0.408839,0.688919,-0.278434,0.408134,0.680185
87,87,1541175579,3.567,-87,2.4530000000000003,-84,3.342,-83,2.209,-83,2.481,-85,1.601,-81,3.277,-82,2.13,-82,-0.282377,0.4107770000000001,0.567994,-0.17133199999999998,0.409644,0.577545,-0.17917,0.408886,0.688136,-0.28930500000000003,0.407849,0.679074
88,88,1541175579,3.553,-88,2.463,-85,3.361,-84,2.205,-83,2.524,-85,1.629,-81,3.273,-82,2.083,-83,-0.293317,0.410917,0.567969,-0.182412,0.409538,0.5773729999999999,-0.190146,0.408697,0.688519,-0.300544,0.407675,0.679018
89,89,1541175579,3.623,-86,2.42,-83,3.357,-83,2.209,-83,2.505,-85,1.643,-81,3.235,-82,2.083,-83,-0.303733,0.410606,0.567724,-0.19271,0.409571,0.5769920000000001,-0.200692,0.408468,0.688032,-0.31093200000000004,0.407607,0.678301
90,90,1541175579,3.647,-87,2.434,-83,3.357,-84,2.233,-83,2.528,-85,1.615,-81,3.221,-82,2.088,-83,-0.313283,0.41095,0.565934,-0.202386,0.409561,0.5757979999999999,-0.210241,0.408579,0.686565,-0.320445,0.407482,0.676895
91,91,1541175579,3.68,-87,2.42,-83,3.357,-83,2.256,-84,2.542,-85,1.648,-81,3.245,-83,2.065,-83,-0.323236,0.4107810000000001,0.564821,-0.211692,0.409679,0.5756140000000001,-0.220274,0.408402,0.685995,-0.331062,0.407603,0.676165
92,92,1541175579,3.651,-87,2.369,-83,3.352,-84,2.2230000000000003,-84,2.57,-85,1.634,-81,3.221,-83,2.074,-84,-0.33387,0.410579,0.564616,-0.222143,0.409488,0.57505,-0.23083,0.408402,0.685802,-0.341875,0.407033,0.675246
93,93,1541175579,3.656,-90,2.392,-85,3.347,-84,2.266,-86,2.5610000000000004,-85,1.681,-81,3.2260000000000004,-83,2.055,-82,-0.34367800000000004,0.410496,0.564159,-0.232446,0.409569,0.574752,-0.241818,0.408205,0.6852520000000001,-0.35183400000000004,0.407187,0.675025
94,94,1541175579,3.661,-87,2.402,-83,3.3280000000000003,-83,2.219,-84,2.547,-85,1.671,-81,3.235,-84,2.074,-83,-0.35375300000000004,0.410316,0.563114,-0.241537,0.409749,0.57503,-0.252129,0.4082,0.684666,-0.362107,0.406798,0.673902
95,95,1541175579,3.623,-87,2.392,-83,3.352,-83,2.252,-85,2.575,-85,1.69,-81,3.193,-83,2.05,-83,-0.363729,0.410266,0.561609,-0.252022,0.409503,0.5740930000000001,-0.262221,0.408402,0.683481,-0.372435,0.406784,0.672668
96,96,1541175579,3.642,-88,2.359,-83,3.352,-84,2.228,-85,2.5660000000000003,-85,1.652,-81,3.216,-83,2.087,-82,-0.374273,0.409793,0.560779,-0.262376,0.409477,0.573054,-0.272307,0.408483,0.682757,-0.383083,0.406573,0.6716449999999999
97,97,1541175579,3.703,-87,2.359,-83,3.357,-83,2.2,-87,2.57,-85,1.695,-82,3.216,-83,2.06,-82,-0.384632,0.409681,0.559956,-0.273311,0.409429,0.572342,-0.283448,0.408389,0.68216,-0.393736,0.406299,0.670633
98,98,1541175579,3.694,-87,2.355,-83,3.357,-84,2.191,-85,2.589,-85,1.681,-82,3.198,-83,2.074,-83,-0.394783,0.40885,0.558167,-0.283304,0.409399,0.570909,-0.294064,0.407957,0.680697,-0.404658,0.405776,0.6684439999999999
99,99,1541175579,3.656,-89,2.355,-84,3.333,-83,2.219,-86,2.589,-86,1.695,-81,3.193,-83,2.041,-82,-0.40485,0.409051,0.557271,-0.293385,0.409243,0.5699350000000001,-0.30434,0.4082,0.6795439999999999,-0.414891,0.406002,0.667377
100,100,1541175579,3.661,-87,2.345,-84,3.347,-83,2.219,-85,2.575,-86,1.666,-81,3.184,-82,2.06,-82,-0.4147810000000001,0.408651,0.555955,-0.303549,0.408893,0.568659,-0.314485,0.407888,0.6785720000000001,-0.424505,0.405791,0.666866
101,101,1541175580,3.68,-87,2.35,-83,3.3280000000000003,-84,2.205,-86,2.612,-85,1.709,-81,3.17,-84,2.05,-82,-0.424941,0.40841,0.5544899999999999,-0.313817,0.408712,0.567577,-0.324842,0.407818,0.67748,-0.434856,0.405623,0.6654770000000001
102,102,1541175580,3.647,-88,2.345,-85,3.352,-83,2.209,-86,2.635,-85,1.713,-81,3.165,-83,2.06,-82,-0.434779,0.408203,0.553602,-0.323343,0.408554,0.566366,-0.334509,0.407657,0.676269,-0.444641,0.405383,0.663906
103,103,1541175580,3.736,-89,2.331,-91,3.338,-84,2.233,-88,2.65,-87,1.681,-81,3.17,-83,2.036,-82,-0.444535,0.407632,0.5517850000000001,-0.333309,0.408226,0.5654560000000001,-0.345022,0.407423,0.675419,-0.455261,0.405269,0.66278
104,104,1541175580,3.764,-87,2.322,-83,3.338,-83,2.228,-87,2.668,-88,1.685,-81,3.137,-84,2.032,-82,-0.455885,0.407256,0.550297,-0.344937,0.408592,0.5641649999999999,-0.356721,0.407807,0.6741699999999999,-0.466759,0.404697,0.661093
105,105,1541175580,3.736,-88,2.303,-83,3.324,-82,2.27,-87,2.645,-86,1.723,-82,3.113,-83,2.032,-82,-0.466178,0.407021,0.549372,-0.355084,0.408255,0.563321,-0.36702,0.407716,0.673115,-0.477239,0.404572,0.660447
106,106,1541175580,3.684,-88,2.312,-83,3.3710000000000004,-83,2.27,-86,2.654,-85,1.704,-82,3.1180000000000003,-84,2.008,-82,-0.474611,0.407271,0.548528,-0.363677,0.407668,0.562013,-0.375318,0.407185,0.671825,-0.485492,0.404681,0.659169
107,107,1541175580,3.712,-88,2.2840000000000003,-84,3.352,-83,2.3080000000000003,-87,2.635,-85,1.732,-82,3.141,-85,2.046,-83,-0.481508,0.407291,0.54738,-0.370939,0.406993,0.561299,-0.38264,0.406469,0.671187,-0.493344,0.404481,0.657818
108,108,1541175580,3.736,-88,2.289,-83,3.3280000000000003,-83,2.331,-85,2.678,-85,1.723,-81,3.109,-84,2.041,-82,-0.48835,0.407616,0.546833,-0.377324,0.4066,0.560805,-0.389579,0.405956,0.671077,-0.499707,0.404951,0.657365
109,109,1541175580,3.722,-87,2.261,-83,3.342,-83,2.331,-85,2.673,-85,1.709,-81,3.109,-83,2.004,-82,-0.497378,0.407339,0.545077,-0.386423,0.406481,0.559412,-0.398662,0.405927,0.669362,-0.509046,0.404708,0.6554840000000001
110,110,1541175580,3.722,-87,2.28,-83,3.324,-82,2.397,-84,2.7110000000000003,-86,1.7180000000000002,-81,3.109,-83,1.999,-81,-0.506252,0.407197,0.544075,-0.395634,0.406215,0.5586899999999999,-0.407912,0.405933,0.668666,-0.518373,0.404587,0.654452
111,111,1541175580,3.712,-86,2.233,-85,3.3280000000000003,-83,2.43,-84,2.7110000000000003,-85,1.7180000000000002,-82,3.109,-83,2.008,-83,-0.516189,0.407263,0.543326,-0.404958,0.406057,0.557577,-0.417875,0.405477,0.667774,-0.527866,0.404668,0.654154
112,112,1541175580,3.689,-89,2.289,-83,3.352,-84,2.388,-87,2.729,-85,1.751,-82,3.099,-84,2.004,-83,-0.525775,0.407227,0.542686,-0.414863,0.406014,0.55703,-0.427533,0.405442,0.6673100000000001,-0.537346,0.40459,0.653312
113,113,1541175580,3.731,-87,2.266,-82,3.342,-83,2.434,-84,2.7110000000000003,-85,1.756,-82,3.085,-83,1.957,-82,-0.534767,0.407106,0.541609,-0.424176,0.40576,0.556214,-0.436734,0.404901,0.666431,-0.5468109999999999,0.40455,0.652472
114,114,1541175580,3.726,-87,2.205,-83,3.333,-82,2.411,-84,2.7430000000000003,-85,1.7180000000000002,-82,3.123,-83,1.961,-82,-0.5443020000000001,0.407272,0.540355,-0.433649,0.405803,0.554964,-0.446471,0.404891,0.665049,-0.556241,0.404363,0.6512
115,115,1541175580,3.741,-87,2.186,-82,3.324,-82,2.43,-84,2.725,-85,1.765,-82,3.085,-83,1.952,-81,-0.5539609999999999,0.406756,0.5385270000000001,-0.443169,0.405216,0.553819,-0.45594,0.404671,0.663497,-0.565804,0.404045,0.649482
116,116,1541175580,3.628,-87,2.252,-82,3.333,-83,2.458,-84,2.757,-87,1.741,-82,3.076,-83,1.905,-83,-0.5640970000000001,0.4066030000000001,0.537111,-0.453409,0.405121,0.551461,-0.465788,0.404885,0.6616529999999999,-0.575828,0.404267,0.6476
117,117,1541175580,3.666,-89,2.181,-84,3.347,-84,2.463,-86,2.795,-87,1.746,-82,3.132,-84,1.938,-82,-0.572984,0.406622,0.53441,-0.462286,0.405074,0.548884,-0.474745,0.404882,0.65903,-0.584796,0.404575,0.644921
118,118,1541175580,3.778,-90,2.214,-82,3.3280000000000003,-83,2.481,-84,2.762,-85,1.756,-82,3.099,-83,1.914,-82,-0.58198,0.406447,0.5322520000000001,-0.471083,0.405074,0.547226,-0.483676,0.405242,0.657015,-0.593788,0.404729,0.6429729999999999
119,119,1541175580,3.731,-88,2.233,-82,3.357,-83,2.491,-83,2.786,-85,1.756,-82,3.043,-83,1.919,-82,-0.590716,0.406921,0.53133,-0.479928,0.404824,0.546716,-0.49336,0.405152,0.656497,-0.603272,0.404732,0.6421100000000001
120,120,1541175580,3.745,-87,2.181,-83,3.352,-83,2.524,-84,2.781,-85,1.756,-82,3.057,-82,1.905,-81,-0.599989,0.40668,0.5308729999999999,-0.489552,0.405002,0.546203,-0.50272,0.404922,0.6562520000000001,-0.612633,0.404597,0.641596
121,121,1541175581,3.75,-87,2.181,-83,3.352,-84,2.509,-84,2.786,-87,1.751,-84,3.062,-84,1.896,-82,-0.6095619999999999,0.406762,0.529977,-0.499197,0.405067,0.545606,-0.512299,0.404664,0.655827,-0.622508,0.404542,0.640968
122,122,1541175581,3.698,-90,2.172,-84,3.366,-84,2.5610000000000004,-85,2.804,-85,1.788,-83,3.043,-83,1.882,-81,-0.6192979999999999,0.406829,0.5287029999999999,-0.507963,0.405172,0.54477,-0.522633,0.404736,0.65471,-0.632252,0.404538,0.639504
123,123,1541175581,3.731,-86,2.162,-83,3.338,-83,2.5380000000000003,-85,2.776,-85,1.751,-82,3.062,-83,1.844,-82,-0.629158,0.406893,0.527305,-0.518397,0.40561,0.5434479999999999,-0.5329050000000001,0.404888,0.653524,-0.642532,0.404518,0.637992
124,124,1541175581,3.773,-86,2.162,-84,3.357,-83,2.533,-85,2.79,-86,1.774,-82,3.052,-83,1.844,-81,-0.639386,0.406829,0.525483,-0.52864,0.405719,0.5424329999999999,-0.543196,0.404748,0.652029,-0.652909,0.404515,0.6368510000000001
125,125,1541175581,3.689,-86,2.162,-83,3.352,-83,2.57,-85,2.827,-85,1.76,-83,3.052,-82,1.849,-81,-0.649492,0.406918,0.5239189999999999,-0.539044,0.405915,0.54132,-0.553866,0.4051,0.651043,-0.66362,0.404305,0.635563
126,126,1541175581,3.703,-89,2.158,-84,3.375,-84,2.575,-87,2.804,-85,1.788,-84,3.0660000000000003,-84,1.858,-81,-0.65989,0.407025,0.522728,-0.5495479999999999,0.406163,0.540428,-0.56455,0.405458,0.649821,-0.674293,0.404497,0.634364
127,127,1541175581,3.736,-87,2.134,-84,3.357,-83,2.57,-85,2.814,-86,1.788,-83,3.024,-82,1.844,-81,-0.669732,0.407024,0.521278,-0.559264,0.406154,0.539054,-0.574513,0.405266,0.6486,-0.683872,0.404338,0.632638
128,128,1541175581,3.717,-87,2.097,-83,3.352,-82,2.57,-86,2.818,-85,1.788,-82,3.057,-82,1.849,-81,-0.678423,0.407026,0.519871,-0.568353,0.406062,0.5377390000000001,-0.583372,0.405179,0.647416,-0.693137,0.404449,0.631101
129,129,1541175581,3.712,-87,2.106,-82,3.361,-82,2.57,-85,2.8510000000000004,-85,1.821,-84,3.029,-82,1.831,-82,-0.687555,0.40693,0.518487,-0.577384,0.405843,0.536104,-0.593036,0.405125,0.646288,-0.702304,0.404243,0.629762
130,130,1541175581,3.736,-88,2.111,-82,3.342,-83,2.593,-85,2.818,-85,1.788,-83,3.019,-82,1.84,-81,-0.696758,0.406608,0.516696,-0.58685,0.405776,0.5348930000000001,-0.6027600000000001,0.405051,0.644884,-0.711959,0.404309,0.6283489999999999
131,131,1541175581,3.736,-87,2.106,-83,3.361,-83,2.603,-85,2.818,-87,1.821,-85,3.024,-83,1.826,-82,-0.706637,0.406828,0.515605,-0.596286,0.405695,0.5333760000000001,-0.61211,0.405005,0.643441,-0.721599,0.404172,0.626667
132,132,1541175581,3.726,-90,2.087,-84,3.375,-84,2.579,-86,2.832,-85,1.798,-83,3.0010000000000003,-82,1.84,-81,-0.71662,0.406597,0.513971,-0.60643,0.4058,0.532356,-0.6223479999999999,0.404849,0.642088,-0.731526,0.404162,0.625055
133,133,1541175581,3.703,-87,2.083,-83,3.342,-84,2.593,-86,2.893,-85,1.802,-84,3.024,-82,1.817,-82,-0.725697,0.4066,0.511987,-0.615876,0.405556,0.5307350000000001,-0.6321760000000001,0.404767,0.6407579999999999,-0.741556,0.404126,0.6232409999999999
134,134,1541175581,3.741,-87,2.079,-82,3.361,-83,2.603,-87,2.855,-85,1.779,-83,3.01,-82,1.802,-81,-0.735004,0.406518,0.510314,-0.625633,0.405554,0.530043,-0.643544,0.404787,0.640026,-0.753175,0.404019,0.6204930000000001
135,135,1541175581,3.792,-87,2.101,-83,3.347,-83,2.5660000000000003,-87,2.879,-85,1.793,-84,2.991,-83,1.821,-81,-0.7444189999999999,0.406314,0.508053,-0.635547,0.405291,0.529341,-0.654795,0.404925,0.639123,-0.763903,0.403624,0.618112
136,136,1541175581,3.736,-88,2.046,-83,3.333,-83,2.552,-87,2.93,-85,1.821,-84,2.977,-82,1.807,-81,-0.753289,0.406151,0.5055270000000001,-0.644169,0.405217,0.5285810000000001,-0.665184,0.404651,0.637922,-0.7739520000000001,0.403618,0.615599
137,137,1541175581,3.769,-86,2.032,-83,3.352,-83,2.5660000000000003,-88,2.879,-84,1.817,-84,2.963,-82,1.798,-81,-0.7620520000000001,0.406125,0.502695,-0.653641,0.405143,0.526927,-0.675473,0.404574,0.636099,-0.783825,0.403694,0.612658
138,138,1541175581,3.769,-88,2.041,-82,3.361,-83,2.5610000000000004,-89,2.888,-85,1.84,-84,2.977,-83,1.788,-81,-0.770474,0.405957,0.50044,-0.662434,0.405081,0.5259010000000001,-0.686361,0.404484,0.634587,-0.794036,0.403467,0.6099359999999999
139,139,1541175581,3.806,-88,1.989,-83,3.347,-83,2.5380000000000003,-90,2.935,-85,1.849,-85,2.987,-82,1.793,-81,-0.779544,0.405885,0.497443,-0.6715220000000001,0.405179,0.52494,-0.697028,0.404426,0.633201,-0.804454,0.403446,0.6066699999999999
140,140,1541175581,3.759,-88,2.032,-84,3.366,-83,2.5660000000000003,-90,2.907,-85,1.817,-85,2.991,-83,1.798,-81,-0.7880510000000001,0.405861,0.494372,-0.680595,0.404892,0.52313,-0.707639,0.404369,0.6312760000000001,-0.814403,0.40335,0.603314
141,141,1541175582,3.741,-89,2.06,-85,3.347,-84,2.552,-92,2.963,-84,1.849,-85,2.987,-82,1.751,-81,-0.7967,0.405719,0.49137,-0.689689,0.404818,0.521433,-0.717793,0.404352,0.6295930000000001,-0.824363,0.403352,0.599563
142,142,1541175582,3.806,-89,2.032,-84,3.357,-83,2.533,-90,2.9730000000000003,-84,1.849,-85,2.963,-82,1.788,-83,-0.805175,0.405632,0.488822,-0.698354,0.404694,0.520579,-0.728195,0.404262,0.627682,-0.834211,0.403052,0.596834
143,143,1541175582,3.75,-88,1.989,-84,3.347,-83,2.57,-90,2.9730000000000003,-84,1.849,-85,2.94,-82,1.756,-81,-0.813697,0.405544,0.4856970000000001,-0.707183,0.404466,0.518543,-0.738002,0.403898,0.6254529999999999,-0.8445969999999999,0.403106,0.593137
144,144,1541175582,3.778,-88,2.008,-83,3.361,-83,2.524,-88,2.959,-84,1.844,-86,2.926,-81,1.746,-81,-0.821392,0.405407,0.481793,-0.715799,0.404251,0.516362,-0.748555,0.404031,0.622894,-0.85431,0.403211,0.588338
145,145,1541175582,3.797,-88,2.018,-83,3.3710000000000004,-83,2.524,-89,2.963,-83,1.849,-87,2.968,-82,1.756,-81,-0.830166,0.405292,0.478243,-0.724591,0.404186,0.514687,-0.7590979999999999,0.403768,0.6206659999999999,-0.8635309999999999,0.402945,0.584787
146,146,1541175582,3.787,-87,1.957,-83,3.352,-83,2.528,-90,2.949,-84,1.882,-85,2.93,-82,1.746,-81,-0.838508,0.405041,0.474553,-0.733775,0.404119,0.5119600000000001,-0.769323,0.403875,0.617471,-0.8738950000000001,0.403122,0.580407
147,147,1541175582,3.816,-88,1.975,-82,3.352,-83,2.486,-89,2.977,-84,1.886,-85,2.9160000000000004,-82,1.746,-81,-0.847096,0.404724,0.470743,-0.74245,0.403846,0.509193,-0.7794909999999999,0.403669,0.6144270000000001,-0.8834350000000001,0.402852,0.576028
148,148,1541175582,3.797,-87,1.943,-83,3.333,-84,2.477,-91,2.991,-84,1.882,-85,2.954,-81,1.713,-81,-0.8553790000000001,0.40465,0.46654,-0.7518060000000001,0.404099,0.506546,-0.789786,0.403783,0.611097,-0.893473,0.402784,0.571145
149,149,1541175582,3.806,-86,1.938,-82,3.3280000000000003,-83,2.5660000000000003,-90,2.9960000000000004,-84,1.9,-87,2.9210000000000003,-82,1.741,-80,-0.8638870000000001,0.404563,0.462438,-0.760718,0.403974,0.503594,-0.800391,0.403579,0.608208,-0.903503,0.402495,0.5667220000000001
150,150,1541175582,3.834,-89,1.924,-84,3.347,-83,2.533,-95,3.015,-85,1.919,-87,2.926,-82,1.751,-82,-0.872182,0.404657,0.458531,-0.769555,0.40368,0.5010819999999999,-0.810484,0.403819,0.605034,-0.91301,0.402714,0.562261
151,151,1541175582,3.797,-88,1.975,-83,3.342,-83,2.528,-91,3.0010000000000003,-84,1.9,-85,2.935,-82,1.695,-80,-0.8807969999999999,0.40452,0.454205,-0.77853,0.403552,0.498667,-0.820715,0.403794,0.601653,-0.922826,0.402264,0.5575760000000001
152,152,1541175582,3.82,-87,1.905,-82,3.366,-83,2.509,-90,3.029,-84,1.928,-85,2.874,-82,1.732,-80,-0.8892190000000001,0.40416,0.4498430000000001,-0.787763,0.403562,0.4950270000000001,-0.8314450000000001,0.403755,0.597705,-0.933018,0.402003,0.5523319999999999
153,153,1541175582,3.825,-89,1.933,-82,3.342,-83,2.584,-88,3.034,-85,1.943,-85,2.865,-82,1.741,-80,-0.8978649999999999,0.403912,0.445,-0.796929,0.403556,0.49163,-0.842269,0.403549,0.593576,-0.94274,0.401999,0.547235
154,154,1541175582,3.848,-88,1.91,-83,3.352,-83,2.5610000000000004,-88,3.029,-84,1.971,-85,2.855,-82,1.709,-81,-0.906018,0.403708,0.44023,-0.805485,0.40367,0.488905,-0.85235,0.403499,0.589774,-0.952396,0.401687,0.541721
155,155,1541175582,3.839,-91,1.896,-83,3.342,-83,2.617,-88,3.0380000000000003,-85,1.928,-87,2.874,-84,1.676,-81,-0.913963,0.403609,0.435672,-0.814342,0.403499,0.486042,-0.8631700000000001,0.403416,0.586398,-0.962014,0.401591,0.536057
156,156,1541175582,3.853,-88,1.891,-82,3.347,-84,2.65,-89,3.057,-84,1.989,-85,2.902,-82,1.676,-80,-0.920342,0.403836,0.430638,-0.822684,0.4034,0.484185,-0.8744620000000001,0.403258,0.583167,-0.971596,0.40116,0.530261
157,157,1541175582,3.881,-88,1.853,-82,3.333,-83,2.678,-91,3.057,-84,2.008,-86,2.86,-82,1.671,-80,-0.926514,0.403382,0.4254,-0.8303959999999999,0.403328,0.48173,-0.885395,0.402817,0.578695,-0.980734,0.401007,0.522783
158,158,1541175582,3.863,-87,1.863,-82,3.338,-83,2.72,-88,3.0660000000000003,-85,2.055,-88,2.855,-82,1.709,-80,-0.932806,0.403159,0.419638,-0.838043,0.402926,0.478253,-0.895532,0.402807,0.57402,-0.989714,0.400999,0.515642
159,159,1541175582,3.848,-88,1.914,-81,3.338,-83,2.696,-87,3.08,-83,2.055,-85,2.832,-83,1.681,-80,-0.938545,0.403131,0.413631,-0.845931,0.40298,0.475378,-0.906169,0.402549,0.569638,-0.998559,0.400821,0.507743
160,160,1541175582,3.825,-88,1.928,-82,3.3280000000000003,-83,2.692,-90,3.104,-85,2.069,-85,2.827,-83,1.699,-80,-0.945486,0.403036,0.408493,-0.853642,0.402771,0.472405,-0.917165,0.4025,0.565304,-1.00691,0.40065,0.500732
161,161,1541175583,3.877,-87,1.9,-82,3.333,-83,2.739,-87,3.09,-84,2.106,-85,2.813,-82,1.676,-80,-0.950905,0.402987,0.401987,-0.8612209999999999,0.402628,0.468255,-0.926195,0.402161,0.558483,-1.01507,0.400539,0.492536
162,162,1541175583,3.895,-91,1.845,-81,3.338,-83,2.729,-87,3.076,-84,2.158,-86,2.822,-83,1.681,-80,-0.955859,0.402557,0.394938,-0.868524,0.40243,0.464122,-0.936763,0.401953,0.552904,-1.0232,0.400357,0.484091
163,163,1541175583,3.839,-88,1.849,-82,3.3280000000000003,-83,2.753,-86,3.095,-84,2.162,-85,2.809,-83,1.671,-80,-0.961437,0.402494,0.388532,-0.876475,0.402172,0.459617,-0.946805,0.402011,0.5471189999999999,-1.03171,0.400075,0.476087
164,164,1541175583,3.877,-87,1.845,-81,3.31,-83,2.753,-86,3.0660000000000003,-83,2.195,-85,2.813,-85,1.685,-81,-0.967237,0.4024,0.381476,-0.88403,0.402127,0.455383,-0.957077,0.401788,0.540884,-1.03951,0.399872,0.467164
165,165,1541175583,3.895,-90,1.802,-82,3.306,-83,2.8,-85,3.095,-83,2.191,-85,2.786,-83,1.709,-80,-0.972988,0.402068,0.375219,-0.8913479999999999,0.402107,0.450891,-0.966026,0.401742,0.534297,-1.04689,0.399961,0.459004
166,166,1541175583,3.905,-88,1.835,-81,3.333,-83,2.795,-85,3.085,-83,2.2,-85,2.804,-83,1.69,-80,-0.977107,0.402342,0.368131,-0.89749,0.401697,0.446475,-0.974413,0.401496,0.527882,-1.05374,0.399939,0.450628
167,167,1541175583,3.891,-87,1.774,-81,3.301,-83,2.822,-85,3.104,-83,2.214,-85,2.772,-83,1.7180000000000002,-80,-0.981609,0.402139,0.361677,-0.904139,0.401543,0.442187,-0.983012,0.401312,0.52095,-1.05999,0.399699,0.441981
168,168,1541175583,3.909,-87,1.784,-81,3.301,-83,2.827,-84,3.099,-83,2.209,-85,2.757,-83,1.7180000000000002,-80,-0.985874,0.402013,0.354592,-0.910744,0.401464,0.437321,-0.991494,0.401264,0.514321,-1.06681,0.39959,0.432236
169,169,1541175583,3.891,-87,1.765,-81,3.306,-85,2.822,-84,3.109,-83,2.228,-85,2.753,-91,1.709,-80,-0.990322,0.401984,0.34717600000000004,-0.917568,0.401346,0.431882,-1.00044,0.401286,0.5067149999999999,-1.07339,0.399383,0.422529
170,170,1541175583,3.905,-87,1.713,-80,3.292,-84,2.841,-85,3.1180000000000003,-85,2.266,-85,2.729,-84,1.737,-80,-0.994327,0.402043,0.339407,-0.924298,0.401185,0.42599,-1.0094,0.401242,0.49817,-1.07939,0.399154,0.412062
171,171,1541175583,3.919,-87,1.709,-81,3.282,-83,2.818,-84,3.104,-83,2.266,-85,2.72,-84,1.741,-80,-0.998486,0.401591,0.33168800000000004,-0.930872,0.401057,0.420265,-1.01781,0.401335,0.489962,-1.08551,0.39928,0.401932
172,172,1541175583,3.891,-87,1.695,-80,3.273,-83,2.832,-84,3.09,-83,2.3080000000000003,-85,2.692,-83,1.784,-80,-1.0023,0.401671,0.324616,-0.936882,0.40088,0.415285,-1.02589,0.400949,0.4825390000000001,-1.09141,0.39905,0.392214
173,173,1541175583,3.877,-87,1.713,-80,3.273,-84,2.832,-84,3.1180000000000003,-84,2.298,-85,2.7060000000000004,-83,1.741,-80,-1.0058200000000002,0.40169,0.317195,-0.943131,0.400814,0.409578,-1.0339,0.400988,0.474158,-1.09673,0.399002,0.382378
174,174,1541175583,3.895,-87,1.685,-80,3.282,-83,2.8510000000000004,-84,3.123,-84,2.294,-85,2.673,-83,1.779,-80,-1.00859,0.401286,0.309894,-0.948524,0.400393,0.404221,-1.0411700000000002,0.400522,0.466234,-1.1013,0.398641,0.372399
175,175,1541175583,3.914,-87,1.662,-80,3.273,-84,2.902,-84,3.123,-84,2.364,-86,2.659,-84,1.793,-80,-1.0111,0.401251,0.302605,-0.954461,0.400245,0.398569,-1.04862,0.400081,0.458108,-1.10611,0.398657,0.36248
176,176,1541175583,3.905,-86,1.648,-80,3.287,-84,2.883,-84,3.123,-85,2.369,-86,2.65,-84,1.798,-80,-1.01429,0.401149,0.294892,-0.960699,0.400157,0.392842,-1.05698,0.39998,0.448691,-1.11086,0.398142,0.351035
177,177,1541175583,3.886,-87,1.681,-80,3.292,-85,2.879,-85,3.16,-83,2.364,-86,2.65,-85,1.812,-80,-1.0177200000000002,0.40085,0.288044,-0.966516,0.400062,0.387134,-1.06426,0.399668,0.440361,-1.11573,0.39813,0.341265
178,178,1541175583,3.9,-86,1.681,-80,3.235,-84,2.893,-84,3.1180000000000003,-84,2.373,-86,2.645,-84,1.826,-80,-1.0199200000000002,0.400964,0.280442,-0.971598,0.399842,0.380954,-1.07059,0.399302,0.431829,-1.119,0.397983,0.33039
179,179,1541175583,3.905,-88,1.61,-80,3.245,-84,2.898,-84,3.1460000000000004,-85,2.42,-88,2.64,-85,1.886,-80,-1.0215,0.400896,0.272855,-0.976513,0.399629,0.374914,-1.07683,0.399185,0.422324,-1.12231,0.39781,0.320367
180,180,1541175583,3.919,-88,1.643,-80,3.254,-86,2.898,-84,3.132,-83,2.364,-87,2.579,-84,1.853,-80,-1.02357,0.401167,0.265061,-0.98106,0.399513,0.368523,-1.08283,0.398879,0.4133729999999999,-1.12525,0.398067,0.309474
181,181,1541175584,3.891,-87,1.6569999999999998,-81,3.268,-84,2.93,-83,3.123,-84,2.327,-87,2.6260000000000003,-84,1.844,-81,-1.0248,0.400947,0.257444,-0.985417,0.399287,0.361723,-1.08849,0.398774,0.403877,-1.128,0.398294,0.29918
182,182,1541175584,3.923,-86,1.629,-80,3.259,-85,2.902,-85,3.165,-83,2.242,-88,2.575,-84,1.844,-81,-1.02627,0.401062,0.249782,-0.989786,0.399152,0.355158,-1.09364,0.398507,0.393846,-1.13069,0.398127,0.288585
183,183,1541175584,3.919,-86,1.638,-80,3.2310000000000003,-85,2.93,-84,3.156,-83,2.233,-87,2.584,-84,1.835,-81,-1.02815,0.401496,0.241864,-0.993889,0.398912,0.348402,-1.09873,0.39829,0.384784,-1.13314,0.398085,0.277967
184,184,1541175584,3.895,-86,1.605,-80,3.2310000000000003,-85,2.935,-85,3.1460000000000004,-84,2.228,-86,2.584,-84,1.872,-83,-1.02839,0.40133,0.233574,-0.997502,0.398893,0.341227,-1.10333,0.398228,0.374682,-1.13464,0.398049,0.267521
185,185,1541175584,3.895,-86,1.587,-80,3.221,-84,2.944,-85,3.141,-84,2.219,-87,2.542,-84,1.882,-82,-1.02941,0.401363,0.22525100000000006,-1.00068,0.3987,0.33376,-1.10778,0.398281,0.36433,-1.13631,0.398201,0.256464
186,186,1541175584,3.895,-86,1.53,-81,3.202,-84,2.9160000000000004,-85,3.16,-83,2.237,-87,2.533,-84,1.826,-83,-1.03035,0.401366,0.217344,-1.00422,0.398835,0.326044,-1.11229,0.398063,0.353752,-1.13768,0.398033,0.245459
187,187,1541175584,3.914,-86,1.516,-80,3.207,-85,2.93,-85,3.141,-84,2.237,-87,2.547,-84,1.849,-83,-1.03064,0.40119,0.209222,-1.00801,0.398465,0.318954,-1.11671,0.397807,0.34333800000000003,-1.1387200000000002,0.397832,0.23397
188,188,1541175584,3.886,-87,1.535,-81,3.2260000000000004,-85,2.944,-84,3.165,-83,2.266,-86,2.524,-85,1.727,-83,-1.03132,0.401083,0.201531,-1.01132,0.398122,0.311927,-1.12058,0.397751,0.333198,-1.1397700000000002,0.397868,0.223162
189,189,1541175584,3.867,-86,1.507,-81,3.193,-85,2.926,-84,3.156,-85,2.2840000000000003,-88,2.5610000000000004,-86,1.765,-84,-1.03118,0.401197,0.193684,-1.01439,0.398234,0.30445700000000003,-1.12476,0.397729,0.32268,-1.13994,0.397791,0.212356
190,190,1541175584,3.895,-86,1.53,-82,3.202,-84,2.954,-85,3.17,-84,2.289,-85,2.514,-84,1.732,-83,-1.03041,0.401213,0.185552,-1.01637,0.398156,0.29576,-1.1275700000000002,0.397583,0.311748,-1.1398,0.398062,0.201301
191,191,1541175584,3.858,-87,1.516,-81,3.193,-84,2.912,-85,3.156,-84,2.331,-84,2.5380000000000003,-83,1.727,-84,-1.03005,0.400986,0.177197,-1.01966,0.398029,0.288682,-1.12999,0.397575,0.300423,-1.1395,0.397909,0.18972
192,192,1541175584,3.867,-86,1.507,-81,3.179,-84,2.944,-85,3.174,-83,2.345,-84,2.524,-84,1.704,-84,-1.02885,0.400949,0.16953800000000002,-1.02268,0.397933,0.281403,-1.13291,0.397475,0.289565,-1.13913,0.397959,0.178253
193,193,1541175584,3.834,-86,1.526,-81,3.17,-85,2.944,-84,3.184,-83,2.345,-84,2.528,-83,1.7180000000000002,-85,-1.02867,0.400953,0.160987,-1.0243799999999998,0.397924,0.272789,-1.13515,0.397504,0.278635,-1.13903,0.398089,0.167505
194,194,1541175584,3.905,-87,1.521,-81,3.188,-86,2.954,-84,3.141,-85,2.359,-84,2.495,-84,1.709,-85,-1.0284799999999998,0.400938,0.152471,-1.02566,0.397585,0.26405100000000004,-1.13615,0.397424,0.26931900000000003,-1.13896,0.397913,0.158012
195,195,1541175584,3.914,-86,1.479,-81,3.165,-85,2.9730000000000003,-84,3.151,-84,2.35,-84,2.509,-84,1.709,-85,-1.0272,0.401348,0.143949,-1.02628,0.398,0.254853,-1.13712,0.39732,0.258784,-1.13868,0.398093,0.147621
196,196,1541175584,3.834,-86,1.521,-81,3.165,-84,2.968,-84,3.16,-84,2.341,-84,2.486,-83,1.7180000000000002,-85,-1.02742,0.401241,0.133553,-1.02725,0.397744,0.245852,-1.13783,0.397727,0.247957,-1.1378700000000002,0.398106,0.136717
197,197,1541175584,3.844,-86,1.4980000000000002,-81,3.127,-84,2.977,-84,3.16,-84,2.392,-83,2.486,-83,1.774,-85,-1.02617,0.401255,0.124547,-1.02749,0.39814,0.23643000000000006,-1.13866,0.397934,0.236936,-1.13676,0.398179,0.125961
198,198,1541175584,3.83,-86,1.5119999999999998,-81,3.132,-84,2.977,-84,3.16,-83,2.369,-83,2.491,-83,1.784,-88,-1.0252,0.40125,0.11581099999999997,-1.02913,0.398432,0.227821,-1.13949,0.39782,0.226006,-1.1358700000000002,0.398275,0.114623
199,199,1541175584,3.839,-86,1.516,-80,3.141,-84,2.977,-83,3.156,-84,2.383,-84,2.458,-83,1.802,-87,-1.02396,0.401099,0.106591,-1.02966,0.398236,0.218166,-1.1404299999999998,0.398208,0.214847,-1.13439,0.398347,0.103113
200,200,1541175584,3.848,-86,1.493,-81,3.109,-83,2.977,-84,3.151,-83,2.373,-84,2.486,-82,1.817,-86,-1.0231,0.401649,0.097015,-1.03007,0.398778,0.208642,-1.1408,0.398384,0.203374,-1.13315,0.398224,0.0921528
201,201,1541175585,3.872,-87,1.5019999999999998,-80,3.095,-84,2.977,-83,3.1460000000000004,-84,2.392,-84,2.43,-82,1.863,-87,-1.02027,0.401139,0.0877857,-1.03071,0.398896,0.198836,-1.14102,0.398889,0.191328,-1.13158,0.398005,0.08066430000000001
202,202,1541175585,3.839,-87,1.5119999999999998,-80,3.113,-84,3.024,-83,3.156,-85,2.392,-83,2.477,-82,1.877,-87,-1.0192,0.401165,0.07728739999999999,-1.03084,0.398901,0.188647,-1.14119,0.399101,0.179374,-1.13002,0.3982,0.06886089999999999
203,203,1541175585,3.844,-87,1.507,-80,3.09,-84,2.991,-83,3.151,-84,2.402,-83,2.434,-82,1.905,-85,-1.01785,0.400738,0.0670218,-1.03037,0.399447,0.17815799999999998,-1.14044,0.399179,0.16799,-1.12783,0.39823,0.0571674
204,204,1541175585,3.834,-86,1.469,-80,3.085,-83,2.9960000000000004,-83,3.1460000000000004,-86,2.416,-85,2.444,-82,1.919,-88,-1.01641,0.400872,0.0568706,-1.02977,0.399843,0.16788699999999998,-1.13992,0.399487,0.156168,-1.12562,0.398011,0.045634
205,205,1541175585,3.811,-86,1.474,-81,3.071,-84,3.029,-84,3.113,-84,2.434,-83,2.42,-82,1.966,-85,-1.01425,0.400465,0.0462972,-1.02889,0.399758,0.15703499999999998,-1.13868,0.399701,0.144152,-1.12388,0.39786,0.0342347
206,206,1541175585,3.848,-86,1.479,-80,3.048,-83,3.015,-84,3.123,-84,2.416,-83,2.416,-82,1.928,-84,-1.01251,0.40104,0.0361016,-1.0276,0.400024,0.147455,-1.13753,0.399632,0.134184,-1.12247,0.39822,0.0240962
207,207,1541175585,3.839,-87,1.4509999999999998,-80,3.0380000000000003,-84,3.034,-83,3.132,-85,2.448,-83,2.406,-82,1.952,-84,-1.01173,0.401331,0.0282546,-1.02717,0.399326,0.13980399999999998,-1.13716,0.399465,0.126436,-1.12178,0.398393,0.016423
208,208,1541175585,3.811,-87,1.469,-80,3.048,-83,3.024,-84,3.1180000000000003,-85,2.43,-83,2.406,-82,1.938,-85,-1.01115,0.40119,0.0210669,-1.02653,0.399286,0.13209400000000002,-1.1363299999999998,0.398877,0.118426,-1.12069,0.398521,0.00822266
209,209,1541175585,3.802,-87,1.493,-81,3.043,-86,3.062,-85,3.156,-86,2.439,-83,2.383,-82,1.957,-85,-1.00971,0.401408,0.0139167,-1.0253,0.398381,0.124469,-1.13572,0.398547,0.110418,-1.11952,0.398716,0.000883986
210,210,1541175585,3.764,-86,1.465,-80,3.0380000000000003,-85,3.071,-84,3.104,-83,2.458,-83,2.359,-81,1.928,-86,-1.00858,0.401752,0.00634447,-1.02521,0.39807,0.117382,-1.13452,0.398056,0.102567,-1.11807,0.398893,-0.00744412
211,211,1541175585,3.778,-86,1.484,-80,3.043,-84,3.034,-83,3.132,-84,2.472,-84,2.369,-81,1.924,-85,-1.0078200000000002,0.40194,-0.00185938,-1.02528,0.398093,0.108945,-1.13445,0.397718,0.0934388,-1.11724,0.398783,-0.0167314
212,212,1541175585,3.764,-86,1.493,-80,3.0380000000000003,-84,3.0380000000000003,-83,3.127,-84,2.477,-83,2.373,-81,1.971,-87,-1.00771,0.401637,-0.0116745,-1.0247700000000002,0.397869,0.0992901,-1.13428,0.397206,0.08371920000000001,-1.11698,0.398459,-0.0263526
213,213,1541175585,3.759,-85,1.4880000000000002,-80,3.015,-84,3.052,-83,3.113,-84,2.486,-83,2.369,-82,1.943,-86,-1.00644,0.401617,-0.0226816,-1.02381,0.397872,0.0879171,-1.13346,0.397293,0.0724957,-1.11608,0.398106,-0.0375001
214,214,1541175585,3.75,-86,1.4980000000000002,-82,3.029,-85,3.095,-85,3.123,-86,2.486,-85,2.355,-83,1.933,-89,-1.0042799999999998,0.40136,-0.032518,-1.02175,0.397724,0.0781695,-1.1314799999999998,0.397577,0.0623639,-1.11368,0.398393,-0.0472361
215,215,1541175585,3.764,-86,1.4880000000000002,-80,3.0010000000000003,-84,3.052,-85,3.156,-85,2.505,-85,2.341,-82,1.928,-88,-1.00128,0.401539,-0.0421135,-1.01834,0.397541,0.0689707,-1.12793,0.397497,0.0533823,-1.11037,0.3987,-0.056795800000000014
216,216,1541175585,3.75,-86,1.4880000000000002,-80,2.968,-83,3.062,-83,3.137,-84,2.495,-84,2.322,-82,1.924,-86,-0.99758,0.401083,-0.050893400000000005,-1.0149,0.397453,0.0597166,-1.12431,0.397988,0.0440952,-1.10669,0.39902,-0.06565039999999997
217,217,1541175585,3.712,-85,1.4880000000000002,-80,2.949,-84,3.043,-84,3.113,-84,2.5,-84,2.294,-81,1.919,-87,-0.99555,0.401378,-0.0568748,-1.01291,0.397999,0.053962300000000005,-1.12285,0.398463,0.0380589,-1.10498,0.399267,-0.0716975
218,218,1541175585,3.717,-85,1.484,-80,2.982,-83,3.0380000000000003,-84,3.127,-84,2.524,-85,2.303,-83,1.938,-86,-0.993995,0.401369,-0.069122,-1.01111,0.39818,0.0412187,-1.12115,0.398258,0.0256118,-1.10333,0.399589,-0.08422400000000001
219,219,1541175585,3.703,-85,1.446,-81,2.949,-83,3.085,-84,3.09,-83,2.542,-86,2.294,-82,1.896,-86,-0.992437,0.401937,-0.07854939999999999,-1.01046,0.398244,0.032581200000000005,-1.11973,0.398575,0.0163408,-1.10182,0.399871,-0.0934853
220,220,1541175585,3.722,-87,1.474,-80,2.935,-84,3.0660000000000003,-83,3.085,-84,2.533,-83,2.2840000000000003,-81,1.924,-86,-0.99052,0.40191,-0.0874205,-1.00874,0.398321,0.0237089,-1.11774,0.398867,0.00692741,-1.09986,0.400038,-0.102944
221,221,1541175586,3.703,-86,1.484,-80,2.9210000000000003,-83,3.0380000000000003,-84,3.109,-84,2.533,-83,2.275,-81,1.886,-87,-0.9894,0.4021,-0.0967112,-1.00718,0.398492,0.013969,-1.11653,0.399202,-0.00259737,-1.09828,0.400202,-0.112235
222,222,1541175586,3.694,-86,1.465,-81,2.893,-82,3.085,-83,3.076,-84,2.552,-83,2.237,-82,1.924,-85,-0.986786,0.402567,-0.105679,-1.00712,0.398548,0.00458853,-1.11594,0.399359,-0.0134536,-1.0966,0.400252,-0.123106
223,223,1541175586,3.689,-87,1.5119999999999998,-81,2.888,-84,3.095,-84,3.085,-86,2.5610000000000004,-85,2.256,-84,1.924,-87,-0.985058,0.402771,-0.113967,-1.0071,0.398886,-0.00370255,-1.11606,0.399177,-0.0240831,-1.09467,0.40035,-0.13314
224,224,1541175586,3.694,-85,1.479,-80,2.935,-82,3.09,-83,3.071,-85,2.575,-83,2.242,-82,1.928,-85,-0.982528,0.40266,-0.122086,-1.00602,0.398938,-0.0126963,-1.11464,0.399157,-0.034174,-1.09156,0.400444,-0.142764
225,225,1541175586,3.656,-86,1.493,-80,2.902,-82,3.09,-84,3.0660000000000003,-85,2.5610000000000004,-83,2.191,-82,1.957,-85,-0.97974,0.403085,-0.129705,-1.00439,0.399054,-0.0211216,-1.11305,0.3994,-0.044294400000000005,-1.0883,0.400635,-0.152376
226,226,1541175586,3.684,-85,1.469,-80,2.865,-83,3.085,-83,3.09,-84,2.57,-84,2.191,-82,1.933,-85,-0.977141,0.403032,-0.137812,-1.00449,0.39912,-0.029549,-1.1128,0.39947,-0.0552904,-1.08543,0.400709,-0.162824
227,227,1541175586,3.656,-86,1.465,-80,2.86,-83,3.076,-83,3.09,-85,2.556,-83,2.195,-82,1.952,-85,-0.974684,0.403165,-0.146064,-1.00403,0.399014,-0.0384061,-1.11158,0.399507,-0.06627469999999999,-1.08245,0.40079,-0.173206
228,228,1541175586,3.651,-88,1.4880000000000002,-81,2.8510000000000004,-84,3.132,-83,3.085,-85,2.589,-82,2.195,-82,1.966,-85,-0.971431,0.403179,-0.154598,-1.00241,0.399175,-0.0471794,-1.1102,0.399509,-0.0769896,-1.0787,0.400781,-0.183297
229,229,1541175586,3.67,-87,1.479,-80,2.822,-83,3.09,-83,3.137,-84,2.575,-83,2.205,-82,1.999,-85,-0.968907,0.403321,-0.159626,-1.00169,0.399306,-0.0527207,-1.10837,0.39954,-0.08430789999999999,-1.07613,0.401157,-0.190075
230,230,1541175586,3.684,-86,1.479,-81,2.846,-82,3.109,-83,3.034,-84,2.57,-83,2.167,-81,2.05,-85,-0.963445,0.403558,-0.170221,-1.00096,0.399657,-0.0649634,-1.1063,0.400034,-0.101474,-1.06881,0.401118,-0.205468
231,231,1541175586,3.642,-86,1.4880000000000002,-80,2.827,-82,3.1180000000000003,-83,3.104,-85,2.593,-82,2.2,-82,2.088,-85,-0.959039,0.403276,-0.178031,-0.999319,0.399684,-0.07355239999999999,-1.10374,0.400148,-0.113724,-1.06279,0.401139,-0.21622
232,232,1541175586,3.651,-86,1.4980000000000002,-80,2.804,-83,3.132,-83,3.095,-84,2.579,-82,2.158,-81,2.13,-84,-0.954124,0.403612,-0.184991,-0.998854,0.399512,-0.0827843,-1.1014,0.400138,-0.124825,-1.05713,0.401753,-0.22689
233,233,1541175586,3.623,-86,1.465,-81,2.814,-84,3.123,-83,3.109,-85,2.6210000000000004,-83,2.134,-82,2.158,-84,-0.949868,0.403485,-0.192191,-0.994982,0.400226,-0.0911771,-1.09873,0.400211,-0.13655699999999998,-1.05138,0.401846,-0.236864
234,234,1541175586,3.619,-87,1.5119999999999998,-80,2.814,-82,3.127,-82,3.043,-84,2.593,-83,2.111,-82,2.162,-85,-0.945181,0.403508,-0.198875,-0.995003,0.399785,-0.099799,-1.09534,0.400362,-0.14836400000000002,-1.04542,0.401635,-0.246943
235,235,1541175586,3.628,-87,1.526,-80,2.809,-82,3.141,-83,3.057,-84,2.6210000000000004,-82,2.115,-82,2.205,-84,-0.940186,0.403795,-0.205905,-0.993536,0.400228,-0.106165,-1.09177,0.400355,-0.159677,-1.03881,0.401497,-0.256458
236,236,1541175586,3.5860000000000003,-87,1.526,-81,2.814,-82,3.123,-82,3.057,-84,2.612,-82,2.111,-81,2.237,-84,-0.934996,0.403832,-0.212481,-0.99087,0.40081,-0.115301,-1.08821,0.40045,-0.170404,-1.0315299999999998,0.401756,-0.266239
237,237,1541175586,3.5860000000000003,-87,1.53,-80,2.804,-82,3.127,-82,3.08,-85,2.612,-83,2.115,-82,2.2230000000000003,-84,-0.929421,0.403836,-0.21874,-0.987145,0.401629,-0.124222,-1.08385,0.400601,-0.181122,-1.02469,0.40186,-0.275502
238,238,1541175586,3.502,-89,1.544,-81,2.79,-82,3.141,-82,3.043,-85,2.6260000000000003,-82,2.125,-81,2.275,-85,-0.923819,0.403927,-0.225072,-0.984952,0.400883,-0.130742,-1.07924,0.400633,-0.192226,-1.0177,0.4020780000000001,-0.284423
239,239,1541175586,3.502,-88,1.544,-80,2.781,-82,3.165,-82,3.029,-84,2.64,-82,2.12,-81,2.3080000000000003,-84,-0.91789,0.403879,-0.23122,-0.982682,0.401335,-0.139216,-1.07405,0.400755,-0.202696,-1.01041,0.401712,-0.293005
240,240,1541175586,3.46,-89,1.591,-80,2.776,-83,3.141,-82,3.029,-85,2.645,-82,2.111,-81,2.294,-83,-0.911958,0.403893,-0.237049,-0.978257,0.401179,-0.146504,-1.06874,0.401082,-0.213109,-1.00285,0.401777,-0.301748
241,241,1541175587,3.399,-88,1.577,-81,2.757,-83,3.127,-83,3.0010000000000003,-85,2.617,-82,2.092,-81,2.303,-83,-0.905567,0.404194,-0.242817,-0.9746,0.401857,-0.155376,-1.06341,0.401154,-0.222623,-0.993948,0.402275,-0.30991
242,242,1541175587,3.4410000000000003,-87,1.5630000000000002,-81,2.767,-84,3.137,-82,3.095,-85,2.6210000000000004,-82,2.092,-81,2.355,-83,-0.899862,0.403911,-0.247846,-0.971072,0.40199,-0.163097,-1.05798,0.401193,-0.233486,-0.985799,0.402036,-0.318154
243,243,1541175587,3.432,-90,1.615,-82,2.7430000000000003,-84,3.151,-84,3.01,-87,2.635,-83,2.092,-81,2.35,-83,-0.8932770000000001,0.404161,-0.252782,-0.967322,0.401879,-0.170014,-1.0521200000000002,0.401165,-0.243031,-0.97751,0.40225,-0.325466
244,244,1541175587,3.427,-89,1.591,-82,2.734,-83,3.137,-82,3.019,-86,2.635,-82,2.083,-81,2.359,-82,-0.8870309999999999,0.404147,-0.2579,-0.963968,0.401482,-0.177367,-1.04626,0.400902,-0.253342,-0.969183,0.402392,-0.333592
245,245,1541175587,3.418,-87,1.596,-82,2.7110000000000003,-84,3.137,-82,3.01,-86,2.635,-82,2.088,-80,2.369,-82,-0.880235,0.404148,-0.263045,-0.959229,0.401858,-0.185268,-1.03925,0.400898,-0.262932,-0.960118,0.402469,-0.340965
246,246,1541175587,3.399,-87,1.624,-82,2.701,-84,3.1460000000000004,-82,3.043,-85,2.673,-83,2.092,-81,2.411,-82,-0.873341,0.404226,-0.267785,-0.954524,0.402274,-0.19262,-1.03228,0.401687,-0.272665,-0.951054,0.402761,-0.348301
247,247,1541175587,3.389,-88,1.638,-84,2.715,-84,3.1460000000000004,-83,3.0010000000000003,-85,2.635,-84,2.087,-80,2.416,-84,-0.8660770000000001,0.404475,-0.271945,-0.950541,0.402204,-0.199505,-1.02476,0.401695,-0.281033,-0.94137,0.402679,-0.355116
248,248,1541175587,3.474,-88,1.62,-83,2.678,-84,3.099,-82,2.9960000000000004,-85,2.635,-82,2.074,-81,2.406,-83,-0.858978,0.404364,-0.276186,-0.945652,0.401833,-0.205219,-1.01741,0.402242,-0.29134,-0.930473,0.402233,-0.360429
249,249,1541175587,3.408,-87,1.652,-83,2.678,-84,3.113,-83,3.024,-85,2.659,-82,2.041,-80,2.397,-82,-0.8539629999999999,0.404133,-0.278646,-0.941303,0.401988,-0.209866,-1.01201,0.40178,-0.296001,-0.923723,0.402483,-0.364537
250,250,1541175587,3.3710000000000004,-87,1.634,-84,2.664,-83,3.109,-82,3.0010000000000003,-85,2.645,-82,2.079,-80,2.43,-82,-0.8433219999999999,0.404653,-0.28344600000000003,-0.933367,0.402173,-0.217727,-1.0006,0.401592,-0.306245,-0.910198,0.402496,-0.371893
251,251,1541175587,3.399,-88,1.615,-83,2.654,-83,3.132,-83,3.019,-85,2.645,-82,2.083,-80,2.42,-83,-0.8355610000000001,0.404493,-0.286391,-0.927167,0.402263,-0.223292,-0.992282,0.402466,-0.314587,-0.89975,0.402377,-0.376441
252,252,1541175587,3.3710000000000004,-89,1.648,-84,2.64,-84,3.1180000000000003,-83,3.005,-87,2.673,-83,2.106,-82,2.467,-82,-0.828306,0.404739,-0.289577,-0.922287,0.402013,-0.228846,-0.983945,0.402013,-0.321893,-0.8898,0.402648,-0.381854
253,253,1541175587,3.394,-89,1.624,-85,2.6260000000000003,-84,3.095,-83,2.991,-85,2.673,-82,2.087,-81,2.467,-82,-0.821364,0.404889,-0.293056,-0.916406,0.402518,-0.235616,-0.975796,0.401768,-0.329854,-0.8800459999999999,0.402879,-0.386779
254,254,1541175587,3.38,-89,1.737,-85,2.5980000000000003,-83,3.1460000000000004,-83,2.991,-85,2.645,-82,2.079,-80,2.477,-82,-0.814338,0.405062,-0.295575,-0.910508,0.402385,-0.240762,-0.967425,0.401895,-0.33720500000000003,-0.8702549999999999,0.403289,-0.391187
255,255,1541175587,3.338,-87,1.756,-84,2.589,-83,3.156,-83,3.024,-85,2.692,-82,2.097,-81,2.467,-82,-0.8077770000000001,0.405249,-0.297785,-0.905383,0.402395,-0.24615,-0.959663,0.401685,-0.343878,-0.860475,0.403181,-0.395056
256,256,1541175587,3.38,-87,1.872,-84,2.593,-83,3.16,-83,3.005,-85,2.654,-82,2.083,-81,2.467,-81,-0.800222,0.40558,-0.300426,-0.899075,0.402514,-0.250165,-0.951698,0.401586,-0.348815,-0.8518030000000001,0.403408,-0.39855
257,257,1541175587,3.342,-86,1.947,-84,2.584,-82,3.109,-83,2.987,-85,2.678,-82,2.097,-81,2.448,-83,-0.792482,0.405686,-0.303612,-0.89215,0.402082,-0.254786,-0.943274,0.401579,-0.35380500000000004,-0.8427959999999999,0.403718,-0.402757
258,258,1541175587,3.347,-87,1.947,-84,2.556,-82,3.151,-82,2.977,-85,2.645,-82,2.111,-80,2.458,-81,-0.7841319999999999,0.405611,-0.307327,-0.8841389999999999,0.402572,-0.259833,-0.933686,0.40168,-0.360456,-0.8322930000000001,0.403713,-0.40706
259,259,1541175587,3.324,-85,1.966,-85,2.5610000000000004,-83,3.109,-83,2.949,-84,2.64,-82,2.106,-80,2.514,-82,-0.775112,0.405911,-0.310688,-0.876252,0.402335,-0.264775,-0.924053,0.40182,-0.366204,-0.82176,0.403656,-0.411394
260,260,1541175587,3.324,-86,2.018,-85,2.556,-82,3.127,-83,2.982,-85,2.659,-82,2.097,-80,2.519,-82,-0.766414,0.405936,-0.313923,-0.8692700000000001,0.402526,-0.270285,-0.914258,0.402082,-0.371916,-0.811746,0.403641,-0.415234
261,261,1541175588,3.333,-87,1.999,-84,2.575,-82,3.099,-83,2.959,-85,2.678,-82,2.092,-81,2.5380000000000003,-82,-0.757646,0.405975,-0.316869,-0.8608530000000001,0.40306,-0.275405,-0.904688,0.40203,-0.376884,-0.801157,0.404124,-0.418755
262,262,1541175588,3.324,-86,2.008,-84,2.542,-83,3.104,-84,2.954,-84,2.682,-83,2.097,-81,2.5380000000000003,-82,-0.7487560000000001,0.406178,-0.319422,-0.852932,0.403142,-0.279831,-0.8946540000000001,0.402338,-0.382169,-0.7905220000000001,0.403825,-0.422227
263,263,1541175588,3.319,-86,1.975,-83,2.5610000000000004,-83,3.095,-83,2.94,-86,2.701,-82,2.148,-80,2.552,-83,-0.7456699999999999,0.406247,-0.320475,-0.8494959999999999,0.402822,-0.280741,-0.890962,0.402506,-0.384219,-0.786687,0.404022,-0.4233520000000001
264,264,1541175588,3.277,-87,1.989,-83,2.528,-81,3.062,-83,2.926,-85,2.673,-82,2.12,-81,2.509,-82,-0.7383396666666666,0.4062053333333333,-0.32235766666666665,-0.8427733333333333,0.4030203333333333,-0.28417966666666666,-0.8828236666666667,0.402636,-0.388047,-0.7779796666666666,0.4039486666666667,-0.425911
265,265,1541175588,3.282,-86,1.98,-83,2.542,-82,3.099,-82,2.912,-85,2.692,-82,2.092,-80,2.5660000000000003,-82,-0.7310093333333333,0.40616366666666665,-0.3242403333333333,-0.8360506666666666,0.40321866666666667,-0.28761833333333336,-0.8746853333333333,0.402766,-0.391875,-0.7692723333333332,0.40387533333333336,-0.42846999999999996
266,266,1541175588,3.273,-86,1.985,-83,2.5380000000000003,-82,3.0660000000000003,-83,2.902,-85,2.668,-82,2.115,-81,2.57,-82,-0.723679,0.406122,-0.326123,-0.8293280000000001,0.403417,-0.291057,-0.866547,0.402896,-0.395703,-0.7605649999999999,0.403802,-0.431029
267,267,1541175588,3.235,-88,1.994,-85,2.528,-83,3.104,-84,2.902,-86,2.696,-82,2.153,-80,2.5660000000000003,-82,-0.711521,0.406018,-0.330144,-0.816365,0.403234,-0.295299,-0.854038,0.403098,-0.400228,-0.74822,0.404655,-0.435823
268,268,1541175588,3.212,-85,1.989,-83,2.5,-81,3.052,-82,2.874,-85,2.668,-82,2.167,-80,2.542,-83,-0.7066294,0.4061672,-0.3318914,-0.8118478,0.4032394,-0.29711540000000003,-0.8490846,0.4030652,-0.40212659999999995,-0.7432044,0.4046788,-0.43750680000000003
269,269,1541175588,3.207,-86,1.999,-83,2.524,-81,3.057,-83,2.86,-85,2.673,-82,2.148,-80,2.575,-82,-0.7017378000000001,0.4063164,-0.3336388,-0.8073306,0.40324479999999996,-0.2989318,-0.8441312,0.4030324,-0.4040252,-0.7381888000000001,0.4047026,-0.4391906
270,270,1541175588,3.193,-86,2.018,-84,2.495,-82,3.062,-82,2.822,-85,2.692,-82,2.162,-81,2.57,-83,-0.6968462,0.4064656,-0.3353862,-0.8028134,0.4032502,-0.3007482,-0.8391778,0.40299959999999996,-0.4059238,-0.7331732,0.4047263999999999,-0.44087440000000006
271,271,1541175588,3.221,-86,1.994,-85,2.5,-81,3.062,-82,2.855,-86,2.673,-82,2.158,-81,2.5980000000000003,-82,-0.6919546,0.4066148000000001,-0.33713360000000003,-0.7982961999999999,0.40325559999999994,-0.3025646,-0.8342244000000001,0.40296679999999996,-0.4078223999999999,-0.7281576,0.4047501999999999,-0.4425582
272,272,1541175588,3.188,-86,2.027,-83,2.477,-83,3.071,-83,2.869,-86,2.696,-84,2.186,-81,2.589,-83,-0.687063,0.406764,-0.338881,-0.793779,0.403261,-0.304381,-0.8292709999999999,0.402934,-0.409721,-0.7231420000000001,0.404774,-0.444242
273,273,1541175588,3.141,-86,2.027,-84,2.477,-81,3.062,-83,2.804,-84,2.72,-82,2.167,-81,2.593,-82,-0.6742974285714286,0.40688,-0.342778,-0.7811328571428572,0.4033991428571429,-0.30871785714285715,-0.816249857142857,0.4030355714285713,-0.4140754285714286,-0.7099602857142857,0.4048218571428571,-0.4482008571428572
274,274,1541175588,3.17,-86,2.074,-84,2.477,-82,3.034,-83,2.8,-85,2.7110000000000003,-82,2.12,-81,2.584,-82,-0.6615318571428572,0.406996,-0.346675,-0.7684867142857144,0.40353728571428576,-0.3130547142857143,-0.8032287142857142,0.4031371428571429,-0.4184298571428572,-0.6967785714285714,0.4048697142857143,-0.4521597142857143
275,275,1541175588,3.137,-86,2.032,-83,2.481,-81,3.048,-83,2.818,-84,2.678,-82,2.233,-80,2.607,-82,-0.6487662857142859,0.407112,-0.35057199999999994,-0.7558405714285715,0.40367542857142863,-0.31739157142857144,-0.7902075714285713,0.4032387142857143,-0.4227842857142858,-0.683596857142857,0.4049175714285714,-0.4561185714285715
276,276,1541175588,3.137,-86,2.041,-85,2.463,-81,3.01,-83,2.809,-84,2.678,-84,2.167,-82,2.631,-84,-0.6360007142857145,0.407228,-0.3544689999999999,-0.7431944285714287,0.4038135714285715,-0.3217284285714286,-0.7771864285714285,0.4033402857142857,-0.4271387142857144,-0.6704151428571427,0.4049654285714286,-0.4600774285714286
277,277,1541175588,3.137,-86,2.055,-85,2.458,-81,3.043,-82,2.814,-85,2.682,-82,2.186,-81,2.64,-83,-0.6232351428571431,0.407344,-0.3583659999999999,-0.7305482857142859,0.4039517142857144,-0.3260652857142857,-0.7641652857142857,0.4034418571428571,-0.43149314285714296,-0.6572334285714283,0.40501328571428574,-0.4640362857142858
278,278,1541175588,3.132,-85,2.069,-83,2.42,-82,3.024,-82,2.772,-85,2.668,-82,2.2230000000000003,-81,2.635,-83,-0.6104695714285717,0.40746,-0.3622629999999999,-0.7179021428571429,0.4040898571428572,-0.3304021428571429,-0.7511441428571428,0.40354342857142855,-0.4358475714285716,-0.644051714285714,0.4050611428571429,-0.4679951428571429
279,279,1541175588,3.1180000000000003,-87,2.083,-83,2.425,-82,3.01,-82,2.809,-84,2.645,-82,2.195,-81,2.65,-82,-0.597704,0.4075760000000001,-0.36616,-0.705256,0.404228,-0.334739,-0.738123,0.403645,-0.440202,-0.6308699999999999,0.405109,-0.471954
280,280,1541175588,3.104,-86,2.083,-84,2.4530000000000003,-82,3.015,-82,2.767,-84,2.696,-82,2.181,-81,2.659,-82,-0.5872228333333334,0.407509,-0.3689403333333333,-0.6948043333333334,0.40448683333333335,-0.33790766666666666,-0.7273061666666667,0.4040046666666667,-0.4435293333333333,-0.6200346666666666,0.4051605,-0.47481599999999996
281,281,1541175589,3.109,-88,2.092,-84,2.425,-82,3.019,-82,2.822,-84,2.678,-82,2.205,-81,2.635,-82,-0.5767416666666667,0.407442,-0.37172066666666653,-0.6843526666666667,0.40474566666666667,-0.3410763333333333,-0.7164893333333333,0.4043643333333333,-0.4468566666666667,-0.6091993333333333,0.405212,-0.4776780000000001
282,282,1541175589,3.062,-86,2.097,-83,2.388,-82,2.987,-82,2.804,-84,2.645,-82,2.252,-81,2.659,-83,-0.5662604999999999,0.4073749999999999,-0.37450100000000003,-0.6739010000000001,0.4050045,-0.344245,-0.7056724999999999,0.404724,-0.450184,-0.598364,0.4052635,-0.4805400000000001
283,283,1541175589,3.132,-86,2.106,-83,2.416,-82,2.954,-83,2.767,-84,2.664,-82,2.2,-81,2.668,-83,-0.5557793333333334,0.4073079999999999,-0.3772813333333333,-0.6634493333333334,0.4052633333333333,-0.3474136666666666,-0.6948556666666665,0.4050836666666666,-0.4535113333333334,-0.5875286666666667,0.4053149999999999,-0.4834020000000001
284,284,1541175589,3.052,-85,2.125,-83,2.392,-82,2.977,-83,2.79,-84,2.687,-82,2.237,-82,2.668,-83,-0.5452981666666668,0.4072409999999999,-0.3800616666666666,-0.6529976666666668,0.4055221666666666,-0.3505823333333333,-0.6840388333333332,0.4054433333333333,-0.4568386666666667,-0.5766933333333334,0.4053664999999999,-0.4862640000000002
285,285,1541175589,3.019,-87,2.115,-83,2.397,-82,2.968,-82,2.748,-84,2.7110000000000003,-82,2.247,-82,2.715,-83,-0.534817,0.407174,-0.382842,-0.642546,0.405781,-0.35375100000000004,-0.673222,0.405803,-0.460166,-0.565858,0.405418,-0.489126
286,286,1541175589,3.048,-86,2.162,-85,2.42,-83,2.935,-84,2.748,-84,2.696,-82,2.2230000000000003,-83,2.687,-84,-0.5263261666666667,0.4074185,-0.38409899999999997,-0.6345513333333332,0.4055088333333333,-0.3563233333333334,-0.6637965,0.4055418333333334,-0.4630523333333333,-0.5561365,0.4056263333333333,-0.4907316666666667
287,287,1541175589,3.0380000000000003,-86,2.139,-83,2.411,-81,2.949,-82,2.753,-83,2.7060000000000004,-82,2.256,-82,2.701,-83,-0.5178353333333333,0.407663,-0.385356,-0.6265566666666665,0.4052366666666665,-0.3588956666666667,-0.654371,0.4052806666666667,-0.4659386666666666,-0.5464150000000001,0.4058346666666666,-0.4923373333333334
288,288,1541175589,3.01,-85,2.176,-84,2.425,-81,2.963,-82,2.772,-83,2.7060000000000004,-82,2.252,-82,2.7060000000000004,-83,-0.5093445,0.4079074999999999,-0.386613,-0.6185619999999998,0.4049645,-0.3614680000000001,-0.6449455000000001,0.4050195000000001,-0.468825,-0.5366935000000002,0.4060429999999999,-0.493943
289,289,1541175589,3.01,-86,2.148,-83,2.392,-81,2.963,-82,2.734,-83,2.7060000000000004,-82,2.237,-82,2.692,-82,-0.5008536666666666,0.4081519999999999,-0.3878700000000001,-0.6105673333333331,0.4046923333333333,-0.3640403333333334,-0.6355200000000001,0.40475833333333344,-0.4717113333333333,-0.5269720000000002,0.4062513333333333,-0.4955486666666667
290,290,1541175589,3.01,-86,2.144,-83,2.364,-82,2.949,-82,2.72,-84,2.682,-82,2.233,-82,2.715,-82,-0.4923628333333333,0.4083964999999999,-0.3891270000000001,-0.6025726666666664,0.4044201666666666,-0.3666126666666668,-0.6260945000000001,0.4044971666666668,-0.4745976666666666,-0.5172505000000003,0.40645966666666655,-0.4971543333333334
291,291,1541175589,2.977,-88,2.195,-83,2.388,-81,2.954,-82,2.725,-84,2.7060000000000004,-83,2.275,-83,2.725,-84,-0.483872,0.408641,-0.390384,-0.5945779999999999,0.404148,-0.369185,-0.6166689999999999,0.404236,-0.477484,-0.507529,0.406668,-0.49876
292,292,1541175589,3.01,-86,2.195,-84,2.406,-82,2.954,-83,2.72,-84,2.678,-82,2.27,-83,2.7110000000000003,-83,-0.474322,0.408315,-0.39243,-0.585328,0.404497,-0.37197,-0.606349,0.404326,-0.480575,-0.496755,0.406654,-0.5002310000000001
293,293,1541175589,2.982,-85,2.209,-83,2.383,-81,2.902,-82,2.72,-83,2.7060000000000004,-83,2.27,-83,2.753,-82,-0.466291,0.408284,-0.392601,-0.576813,0.404655,-0.374763,-0.596456,0.404819,-0.483378,-0.487087,0.406983,-0.502123
294,294,1541175589,2.968,-86,2.209,-82,2.378,-81,2.926,-83,2.692,-84,2.678,-82,2.261,-84,2.739,-82,-0.457871,0.40864,-0.393741,-0.568189,0.404534,-0.376908,-0.587377,0.404238,-0.485319,-0.477561,0.407191,-0.503347
295,295,1541175589,2.982,-85,2.2230000000000003,-82,2.364,-81,2.93,-82,2.659,-83,2.701,-82,2.303,-84,2.729,-83,-0.44849,0.408724,-0.394824,-0.559044,0.404405,-0.378282,-0.577387,0.404887,-0.4879810000000001,-0.46714,0.407049,-0.5041
296,296,1541175589,3.01,-87,2.275,-84,2.35,-82,2.9160000000000004,-84,2.64,-85,2.7060000000000004,-82,2.2840000000000003,-84,2.762,-82,-0.439288,0.408618,-0.39713,-0.549996,0.404878,-0.381602,-0.5673279999999999,0.404407,-0.490595,-0.457438,0.407022,-0.506739
297,297,1541175589,2.963,-85,2.275,-82,2.355,-82,2.9160000000000004,-82,2.65,-83,2.687,-82,2.289,-83,2.757,-83,-0.429881,0.409024,-0.400506,-0.540458,0.405073,-0.385224,-0.557339,0.40453,-0.494514,-0.447009,0.406818,-0.5100779999999999
298,298,1541175589,2.991,-86,2.27,-82,2.331,-81,2.907,-82,2.5980000000000003,-83,2.696,-82,2.28,-84,2.776,-83,-0.420974,0.409374,-0.401242,-0.531683,0.405297,-0.387004,-0.547878,0.404665,-0.496103,-0.437919,0.406934,-0.510776
299,299,1541175589,2.982,-85,2.261,-82,2.364,-81,2.883,-82,2.631,-83,2.673,-82,2.252,-85,2.786,-82,-0.4112,0.40907,-0.401316,-0.521988,0.405469,-0.386921,-0.537579,0.404855,-0.496844,-0.42732,0.407399,-0.5106109999999999
300,300,1541175589,2.9730000000000003,-85,2.289,-82,2.378,-81,2.898,-82,2.612,-83,2.673,-82,2.266,-85,2.809,-83,-0.401669,0.409037,-0.401166,-0.512726,0.40551,-0.388534,-0.526928,0.405235,-0.498167,-0.416734,0.4075760000000001,-0.5112800000000001
301,301,1541175590,2.902,-85,2.289,-83,2.331,-81,2.898,-83,2.6210000000000004,-83,2.696,-84,2.289,-86,2.8,-82,-0.392904,0.409392,-0.402258,-0.504035,0.405675,-0.390794,-0.516876,0.405403,-0.500681,-0.406073,0.40778,-0.512304
302,302,1541175590,2.912,-86,2.27,-82,2.322,-81,2.8510000000000004,-82,2.6210000000000004,-83,2.673,-83,2.345,-85,2.786,-84,-0.38376,0.409355,-0.402301,-0.49452,0.405923,-0.392114,-0.506486,0.405637,-0.502491,-0.395721,0.408135,-0.5125850000000001
303,303,1541175590,2.959,-84,2.27,-84,2.331,-81,2.8510000000000004,-83,2.603,-82,2.678,-83,2.3080000000000003,-85,2.814,-82,-0.374912,0.409511,-0.401674,-0.486044,0.405666,-0.393346,-0.496123,0.406066,-0.503795,-0.385245,0.408256,-0.5118590000000001
304,304,1541175590,2.9160000000000004,-85,2.298,-83,2.317,-81,2.874,-83,2.593,-83,2.7060000000000004,-82,2.345,-86,2.79,-82,-0.366277,0.409567,-0.400858,-0.478091,0.406297,-0.394584,-0.485806,0.406543,-0.5047119999999999,-0.374908,0.408658,-0.511413
305,305,1541175590,2.898,-84,2.261,-83,2.327,-82,2.846,-83,2.6210000000000004,-84,2.701,-83,2.327,-89,2.814,-85,-0.357456,0.409748,-0.399928,-0.468861,0.406496,-0.396042,-0.475008,0.406666,-0.506387,-0.363905,0.408853,-0.510946
306,306,1541175590,2.9160000000000004,-84,2.303,-83,2.336,-82,2.827,-84,2.584,-84,2.701,-84,2.355,-87,2.818,-82,-0.34878400000000004,0.4098890000000001,-0.399841,-0.4598680000000001,0.406711,-0.397844,-0.46443,0.40677,-0.5083439999999999,-0.353067,0.408959,-0.511126
307,307,1541175590,2.869,-85,2.261,-84,2.336,-81,2.813,-82,2.603,-82,2.673,-83,2.275,-87,2.822,-82,-0.33978600000000003,0.4103100000000001,-0.39941,-0.450992,0.406786,-0.398347,-0.453517,0.406983,-0.509387,-0.34252,0.4092,-0.510493
308,308,1541175590,2.874,-84,2.28,-84,2.341,-81,2.841,-82,2.575,-83,2.673,-82,2.266,-87,2.822,-82,-0.331276,0.410052,-0.398343,-0.442407,0.407038,-0.399417,-0.443431,0.407241,-0.510246,-0.332099,0.409381,-0.509472
309,309,1541175590,2.874,-84,2.289,-85,2.327,-81,2.827,-83,2.579,-82,2.701,-83,2.298,-87,2.8510000000000004,-83,-0.32197800000000004,0.4103020000000001,-0.397625,-0.433419,0.406993,-0.400408,-0.432884,0.407289,-0.511306,-0.321573,0.409384,-0.508688
310,310,1541175590,2.883,-84,2.322,-84,2.327,-80,2.827,-83,2.575,-82,2.654,-82,2.298,-88,2.841,-83,-0.31323,0.4108979999999999,-0.396338,-0.424727,0.407255,-0.401645,-0.4216470000000001,0.40731,-0.511911,-0.310488,0.409643,-0.5077109999999999
311,311,1541175590,2.86,-85,2.317,-85,2.331,-82,2.814,-85,2.5380000000000003,-83,2.682,-83,2.298,-89,2.888,-83,-0.304163,0.411133,-0.395293,-0.415174,0.407663,-0.401955,-0.4109140000000001,0.407957,-0.51281,-0.299416,0.409949,-0.506633
312,312,1541175590,2.902,-84,2.256,-85,2.294,-81,2.827,-83,2.57,-82,2.678,-82,2.327,-89,2.846,-83,-0.29522600000000004,0.411447,-0.394293,-0.406516,0.407419,-0.402622,-0.400402,0.407682,-0.513003,-0.288771,0.410063,-0.505092
313,313,1541175590,2.86,-84,2.298,-85,2.303,-81,2.786,-83,2.528,-82,2.659,-82,2.303,-88,2.832,-82,-0.286764,0.411017,-0.392777,-0.397748,0.407538,-0.40339,-0.389165,0.408338,-0.51393,-0.278733,0.410207,-0.5038739999999999
314,314,1541175590,2.865,-84,2.28,-85,2.3080000000000003,-81,2.8,-83,2.519,-83,2.678,-83,2.341,-87,2.855,-82,-0.277586,0.411988,-0.391636,-0.388779,0.407653,-0.403397,-0.379026,0.40817,-0.513985,-0.267981,0.410658,-0.502074
315,315,1541175590,2.832,-83,2.294,-85,2.317,-81,2.8,-83,2.495,-82,2.701,-83,0.0,0,2.865,-83,-0.268855,0.411477,-0.38987,-0.379298,0.407905,-0.40276,-0.368938,0.408298,-0.513134,-0.258311,0.410565,-0.5010600000000001
316,316,1541175590,2.846,-84,2.303,-86,2.327,-81,2.786,-83,2.509,-82,2.673,-83,2.322,-88,2.865,-83,-0.259129,0.412107,-0.388627,-0.370188,0.407858,-0.401753,-0.359166,0.408142,-0.511648,-0.248289,0.410696,-0.499449
317,317,1541175590,2.813,-84,2.317,-85,2.322,-81,2.753,-84,2.472,-81,2.664,-82,2.411,-89,2.879,-83,-0.252636,0.411545,-0.387246,-0.363298,0.408046,-0.401099,-0.35194000000000003,0.408562,-0.511116,-0.241525,0.410825,-0.498229
318,318,1541175590,2.813,-84,2.303,-88,2.331,-81,2.734,-84,2.4530000000000003,-82,2.659,-83,2.524,-90,2.898,-82,-0.239213,0.411653,-0.386074,-0.349324,0.408249,-0.39998,-0.337556,0.409006,-0.509624,-0.227127,0.4109390000000001,-0.496746
319,319,1541175590,2.786,-84,2.303,-86,2.298,-81,2.729,-84,2.444,-81,2.664,-82,2.5610000000000004,-88,2.898,-82,-0.228254,0.4118560000000001,-0.385059,-0.338575,0.408513,-0.399065,-0.32716100000000004,0.409275,-0.509394,-0.216429,0.411023,-0.495645
320,320,1541175590,2.809,-84,2.336,-86,2.322,-81,2.734,-86,2.4530000000000003,-83,2.659,-84,2.298,-88,2.888,-83,-0.218085,0.411734,-0.38398,-0.328495,0.408928,-0.398192,-0.31623,0.409384,-0.508314,-0.205741,0.41103,-0.494447
321,321,1541175591,2.813,-85,2.364,-88,2.355,-81,2.72,-84,2.434,-82,2.654,-83,2.472,-88,2.883,-83,-0.207488,0.412345,-0.382846,-0.318539,0.408908,-0.39705,-0.306219,0.409322,-0.5069899999999999,-0.195933,0.411087,-0.493126
322,322,1541175591,2.776,-85,2.336,-85,2.303,-81,2.715,-83,2.444,-82,2.631,-83,2.7060000000000004,-89,2.9160000000000004,-82,-0.198209,0.41277,-0.38143,-0.309466,0.408933,-0.396062,-0.296285,0.40987,-0.505984,-0.185883,0.411429,-0.491391
323,323,1541175591,2.79,-84,2.35,-85,2.294,-81,2.696,-84,2.42,-82,2.617,-83,2.378,-88,2.926,-82,-0.18926,0.411768,-0.379534,-0.299514,0.408881,-0.394591,-0.286308,0.410019,-0.504861,-0.176043,0.411665,-0.490048
324,324,1541175591,2.767,-84,2.317,-88,2.3080000000000003,-81,2.678,-83,2.369,-81,2.64,-82,2.195,-89,2.9160000000000004,-82,-0.179572,0.412197,-0.377986,-0.289557,0.40919,-0.393241,-0.276194,0.410063,-0.503541,-0.165994,0.4119,-0.488411
325,325,1541175591,2.786,-84,2.359,-85,2.3080000000000003,-81,2.687,-84,2.411,-82,2.635,-83,2.547,-90,2.9160000000000004,-83,-0.169147,0.412671,-0.376903,-0.279783,0.409667,-0.392595,-0.265942,0.410181,-0.502616,-0.15595699999999998,0.411812,-0.4869350000000001
326,326,1541175591,2.7110000000000003,-84,2.359,-86,2.298,-81,2.687,-83,2.406,-82,2.631,-83,2.252,-87,2.94,-82,-0.159661,0.41288,-0.375388,-0.27011,0.409483,-0.391786,-0.25602,0.410143,-0.50165,-0.145707,0.4119350000000001,-0.485509
327,327,1541175591,2.7110000000000003,-84,2.35,-85,2.322,-81,2.696,-84,2.388,-82,2.65,-83,2.172,-85,2.926,-82,-0.149702,0.413027,-0.373854,-0.260381,0.409659,-0.390296,-0.245529,0.410433,-0.5006619999999999,-0.135696,0.411966,-0.484099
328,328,1541175591,2.715,-85,2.355,-85,2.341,-81,2.692,-84,2.369,-82,2.64,-83,2.542,-88,2.935,-83,-0.140028,0.412943,-0.372679,-0.250521,0.409875,-0.389198,-0.235527,0.410913,-0.499363,-0.125423,0.412105,-0.482478
329,329,1541175591,2.701,-85,2.364,-85,2.3080000000000003,-81,2.659,-83,2.355,-82,2.6260000000000003,-85,2.336,-87,2.935,-83,-0.129946,0.4129229999999999,-0.371331,-0.240692,0.409597,-0.388696,-0.225081,0.41072,-0.498294,-0.115233,0.4118310000000001,-0.48087
330,330,1541175591,2.7060000000000004,-85,2.331,-85,2.331,-83,2.664,-84,2.359,-83,2.6210000000000004,-85,2.888,-90,2.963,-85,-0.119693,0.412974,-0.369835,-0.23081,0.410147,-0.387407,-0.215165,0.410987,-0.497011,-0.104618,0.411995,-0.479425
331,331,1541175591,2.687,-87,2.378,-88,2.355,-82,2.678,-83,2.355,-82,2.6210000000000004,-84,2.434,-87,2.9730000000000003,-83,-0.110027,0.413226,-0.368537,-0.220879,0.410365,-0.385879,-0.204581,0.411003,-0.495603,-0.0949263,0.412035,-0.477894
332,332,1541175591,2.682,-84,2.383,-85,2.327,-81,2.664,-83,2.359,-82,2.5980000000000003,-83,2.893,-88,2.959,-82,-0.100873,0.413405,-0.367016,-0.211078,0.410199,-0.384694,-0.195462,0.410947,-0.494583,-0.0855002,0.412186,-0.476744
333,333,1541175591,2.673,-85,2.406,-86,2.35,-81,2.654,-84,2.303,-82,2.584,-84,2.86,-87,2.963,-83,-0.0917922,0.413436,-0.365975,-0.202336,0.410125,-0.384162,-0.186217,0.410855,-0.494029,-0.076263,0.412366,-0.4754640000000001
334,334,1541175591,2.673,-85,2.411,-85,2.327,-81,2.65,-83,2.336,-83,2.6260000000000003,-85,2.902,-88,2.959,-83,-0.082602,0.41371,-0.364524,-0.193397,0.410322,-0.383583,-0.176145,0.411107,-0.492854,-0.06622860000000001,0.412388,-0.474046
335,335,1541175591,2.635,-85,2.42,-87,2.355,-82,2.678,-83,2.331,-82,2.635,-84,2.879,-87,2.9960000000000004,-83,-0.07269339999999999,0.413593,-0.362691,-0.183694,0.41037,-0.382229,-0.165639,0.411294,-0.490871,-0.0556992,0.412355,-0.471765
336,336,1541175591,2.5980000000000003,-85,2.444,-85,2.355,-82,2.65,-82,2.2840000000000003,-82,2.612,-83,2.869,-87,2.968,-83,-0.06254660000000001,0.413704,-0.361065,-0.17338199999999998,0.410283,-0.3801,-0.155904,0.411353,-0.489363,-0.0460853,0.412354,-0.470156
337,337,1541175591,2.6260000000000003,-85,2.477,-85,2.327,-81,2.664,-82,2.28,-82,2.617,-84,2.883,-87,3.005,-83,-0.052732000000000015,0.413895,-0.359708,-0.16361099999999998,0.410757,-0.378948,-0.145629,0.411095,-0.4882510000000001,-0.0361337,0.412516,-0.468953
338,338,1541175591,2.645,-85,2.448,-84,2.341,-81,2.645,-82,2.242,-82,2.6210000000000004,-84,2.86,-86,2.9960000000000004,-83,-0.0431853,0.413944,-0.357796,-0.154205,0.410667,-0.377721,-0.13561800000000002,0.411341,-0.487042,-0.026303,0.412525,-0.467343
339,339,1541175591,2.617,-86,2.491,-84,2.355,-82,2.6210000000000004,-82,2.275,-82,2.5980000000000003,-83,2.818,-89,2.9730000000000003,-85,-0.033611800000000004,0.4139850000000001,-0.356242,-0.144026,0.410624,-0.375754,-0.12574100000000002,0.411407,-0.485097,-0.0162838,0.412754,-0.465427
340,340,1541175591,2.6210000000000004,-87,2.486,-86,2.364,-83,2.645,-85,2.237,-82,2.617,-83,2.827,-86,2.987,-84,-0.0243448,0.413687,-0.353975,-0.13516199999999998,0.410732,-0.374358,-0.116018,0.411648,-0.483298,-0.00688212,0.412882,-0.4633390000000001
341,341,1541175592,2.607,-86,2.486,-85,2.341,-81,2.635,-82,2.2230000000000003,-81,2.593,-83,2.846,-86,2.991,-83,-0.0154178,0.413478,-0.351763,-0.125467,0.411041,-0.372591,-0.106107,0.411737,-0.481549,0.00332054,0.412876,-0.461217
342,342,1541175592,2.607,-85,2.481,-85,2.345,-81,2.603,-82,2.209,-81,2.593,-83,2.837,-87,3.005,-84,-0.00562262,0.413627,-0.34978000000000004,-0.115367,0.411311,-0.371422,-0.0957813,0.412271,-0.4803310000000001,0.013625299999999998,0.412929,-0.4594180000000001
343,343,1541175592,2.589,-85,2.495,-86,2.341,-81,2.617,-82,2.237,-82,2.5980000000000003,-84,2.86,-87,3.015,-84,0.00459738,0.4138,-0.348027,-0.105049,0.411628,-0.369734,-0.085229,0.412168,-0.478967,0.0237448,0.413021,-0.45741
344,344,1541175592,2.575,-85,2.505,-85,2.336,-81,2.593,-82,2.214,-81,2.57,-83,2.841,-87,3.005,-85,0.0147275,0.413891,-0.345887,-0.0949691,0.411783,-0.367624,-0.074652,0.412401,-0.476259,0.034462900000000005,0.413059,-0.455063
345,345,1541175592,2.579,-85,2.519,-85,2.378,-82,2.575,-82,2.191,-81,2.575,-83,2.846,-86,3.024,-83,0.025254,0.413793,-0.343733,-0.084004,0.412027,-0.365788,-0.0638503,0.412637,-0.474843,0.0450726,0.4130430000000001,-0.452788
346,346,1541175592,2.589,-84,2.542,-86,2.359,-82,2.584,-82,2.195,-81,2.575,-83,2.8510000000000004,-88,3.005,-83,0.035800900000000004,0.4138270000000001,-0.341666,-0.0736515,0.412225,-0.364024,-0.0529424,0.413028,-0.473262,0.0559346,0.413082,-0.450921
347,347,1541175592,2.607,-84,2.519,-84,2.411,-82,2.575,-81,2.228,-81,2.589,-83,2.841,-87,3.034,-83,0.0463526,0.413847,-0.34023000000000003,-0.0628107,0.412437,-0.36256,-0.0423047,0.412895,-0.47161,0.0668653,0.412981,-0.449125
348,348,1541175592,2.5610000000000004,-84,2.519,-85,2.402,-82,2.556,-81,2.2,-81,2.575,-83,2.855,-86,3.029,-85,0.0563459,0.413998,-0.338353,-0.0532695,0.412454,-0.361377,-0.0319812,0.412986,-0.469843,0.0768067,0.413163,-0.447781
349,349,1541175592,2.5660000000000003,-85,2.509,-86,2.402,-83,2.5610000000000004,-81,2.176,-81,2.57,-84,2.813,-88,3.048,-85,0.0657079,0.413795,-0.336216,-0.043235400000000014,0.412643,-0.359458,-0.0216645,0.413019,-0.467972,0.0870708,0.41323,-0.445423
350,350,1541175592,2.579,-85,2.556,-86,2.397,-83,2.547,-81,2.172,-81,2.57,-83,2.804,-87,3.048,-84,0.07541569999999999,0.414264,-0.333822,-0.0336595,0.412684,-0.35764,-0.0120314,0.412791,-0.46637,0.0967346,0.41301,-0.443414
351,351,1541175592,2.552,-85,2.547,-85,2.397,-82,2.514,-81,2.153,-81,2.589,-83,2.818,-87,3.052,-84,0.0853877,0.414092,-0.332115,-0.0233463,0.412582,-0.355627,-0.00168066,0.413009,-0.464748,0.106837,0.412773,-0.44134
352,352,1541175592,2.5610000000000004,-84,2.547,-85,2.388,-82,2.5,-81,2.162,-82,2.575,-84,2.818,-87,3.057,-83,0.0954484,0.413816,-0.33012600000000003,-0.0132792,0.412857,-0.354371,0.00872719,0.412875,-0.463044,0.117277,0.413003,-0.439755
353,353,1541175592,2.575,-84,2.5660000000000003,-86,2.411,-83,2.509,-81,2.148,-81,2.556,-83,2.832,-87,3.057,-83,0.10596300000000003,0.414206,-0.328591,-0.00305551,0.412933,-0.352397,0.0192148,0.41306,-0.4612520000000001,0.127889,0.412711,-0.437012
354,354,1541175592,2.57,-87,2.584,-87,2.425,-82,2.486,-81,2.115,-82,2.5660000000000003,-84,2.874,-88,3.024,-84,0.11552,0.414028,-0.32646,0.00675738,0.412838,-0.350742,0.0289758,0.413209,-0.459698,0.137758,0.412682,-0.43528
355,355,1541175592,2.509,-85,2.5660000000000003,-85,2.383,-82,2.477,-82,2.083,-82,2.547,-84,2.846,-88,3.062,-84,0.12543,0.414033,-0.324337,0.0167227,0.413215,-0.348926,0.0395609,0.412973,-0.457622,0.147725,0.412657,-0.433515
356,356,1541175592,2.509,-85,2.589,-86,2.383,-82,2.486,-82,2.074,-82,2.5660000000000003,-84,2.8510000000000004,-87,3.0660000000000003,-84,0.134681,0.413962,-0.322424,0.0256154,0.4129640000000001,-0.347186,0.0487542,0.413028,-0.456066,0.157332,0.412526,-0.431274
357,357,1541175592,2.509,-85,2.575,-87,2.383,-82,2.444,-82,2.05,-82,2.575,-84,2.818,-88,3.076,-84,0.144233,0.413974,-0.320618,0.0358789,0.413052,-0.345041,0.0585929,0.413001,-0.453724,0.167207,0.4125680000000001,-0.429054
358,358,1541175592,2.514,-85,2.617,-86,2.411,-83,2.458,-81,2.069,-81,2.584,-84,2.827,-89,3.071,-85,0.154858,0.41398,-0.318357,0.0459372,0.413073,-0.34230700000000003,0.0680798,0.4129850000000001,-0.450896,0.17674700000000002,0.4124100000000001,-0.427147
359,359,1541175592,2.519,-84,2.664,-86,2.416,-84,2.4530000000000003,-82,2.055,-81,2.575,-85,2.837,-88,3.071,-84,0.164138,0.413654,-0.316169,0.0554097,0.412382,-0.339983,0.0774632,0.412832,-0.448679,0.186102,0.412359,-0.425137
360,360,1541175592,2.552,-84,2.659,-85,2.425,-83,2.448,-82,2.055,-81,2.575,-84,0.0,0,3.08,-84,0.174369,0.413783,-0.314623,0.06529059999999999,0.412816,-0.338021,0.0873321,0.412792,-0.446708,0.195939,0.412265,-0.42357
361,361,1541175593,2.477,-85,2.6260000000000003,-86,2.392,-84,2.42,-82,2.022,-81,2.575,-84,2.865,-87,3.085,-84,0.184754,0.413498,-0.312227,0.07575119999999999,0.412847,-0.335421,0.0970154,0.412714,-0.444746,0.206102,0.412118,-0.421087
362,362,1541175593,2.533,-86,2.6260000000000003,-87,2.411,-84,2.378,-82,2.027,-81,2.575,-84,2.818,-88,3.085,-84,0.194241,0.413526,-0.309672,0.0849747,0.412575,-0.332942,0.106492,0.412502,-0.442008,0.215456,0.41214,-0.4190350000000001
363,363,1541175593,2.524,-85,2.7060000000000004,-86,2.402,-84,2.406,-82,2.036,-81,2.57,-84,2.795,-88,3.09,-84,0.204259,0.413441,-0.308306,0.0950575,0.412316,-0.33019,0.115498,0.413039,-0.440308,0.224079,0.41177,-0.417175
364,364,1541175593,2.524,-86,2.65,-86,2.416,-83,2.402,-82,2.004,-81,2.552,-86,2.8,-89,3.095,-84,0.213987,0.413345,-0.305889,0.104811,0.412067,-0.328175,0.125133,0.41262,-0.437412,0.234176,0.411928,-0.4149850000000001
365,365,1541175593,2.5380000000000003,-85,2.65,-86,2.402,-83,2.406,-82,2.008,-82,2.57,-84,2.786,-87,3.099,-84,0.222926,0.413428,-0.30376,0.113657,0.412116,-0.32671300000000003,0.134906,0.412276,-0.435875,0.243536,0.411999,-0.413087
366,366,1541175593,2.509,-84,2.682,-85,2.42,-83,2.369,-82,1.999,-82,2.547,-85,2.786,-87,3.1180000000000003,-85,0.232868,0.41317,-0.302367,0.12375,0.41195,-0.325029,0.144867,0.412146,-0.434105,0.253252,0.411503,-0.411577
367,367,1541175593,2.524,-85,2.72,-85,2.434,-83,2.355,-83,2.008,-81,2.552,-84,2.72,-88,3.127,-85,0.242136,0.413171,-0.300168,0.13303800000000002,0.412062,-0.323112,0.154637,0.412457,-0.431543,0.262877,0.411538,-0.409296
368,368,1541175593,2.467,-84,2.701,-85,2.388,-84,2.336,-82,1.961,-80,2.542,-84,2.6210000000000004,-89,3.132,-86,0.251912,0.413392,-0.297683,0.142974,0.411998,-0.320997,0.16481600000000002,0.412462,-0.430075,0.273361,0.411882,-0.406527
369,369,1541175593,2.514,-87,2.664,-85,2.4530000000000003,-85,2.331,-84,1.966,-81,2.552,-86,2.883,-88,3.123,-86,0.261895,0.412853,-0.29554600000000003,0.15272,0.411895,-0.319625,0.175128,0.4123560000000001,-0.42805,0.283826,0.411837,-0.404288
370,370,1541175593,2.486,-84,2.715,-84,2.434,-84,2.312,-83,1.928,-81,2.57,-84,2.603,-87,3.127,-86,0.27194,0.41314,-0.293602,0.162551,0.412065,-0.31775,0.184999,0.412159,-0.42598,0.293809,0.411694,-0.402515
371,371,1541175593,2.472,-85,2.7060000000000004,-84,2.42,-83,2.322,-83,1.947,-81,2.533,-86,3.174,-87,3.156,-85,0.280492,0.413229,-0.291405,0.17089200000000002,0.411728,-0.316178,0.193964,0.41215,-0.424578,0.302446,0.411845,-0.400534
372,372,1541175593,2.481,-85,2.678,-84,2.411,-83,2.331,-83,1.933,-81,2.528,-85,2.781,-88,3.127,-85,0.288465,0.413249,-0.289246,0.179066,0.4112770000000001,-0.314286,0.20224,0.412118,-0.4221,0.310952,0.412007,-0.397912
373,373,1541175593,2.448,-85,2.687,-84,2.4530000000000003,-84,2.312,-82,1.98,-82,2.547,-85,2.9960000000000004,-91,3.156,-87,0.297249,0.413329,-0.287416,0.187884,0.411137,-0.312242,0.211114,0.411542,-0.420203,0.319284,0.411976,-0.396224
374,374,1541175593,2.467,-85,2.7430000000000003,-85,2.458,-84,2.303,-83,1.905,-82,2.519,-85,3.193,-89,3.202,-85,0.306136,0.413294,-0.28513,0.196932,0.411008,-0.310165,0.220171,0.411716,-0.418384,0.32861,0.411823,-0.393463
375,375,1541175593,2.43,-85,2.739,-84,2.4530000000000003,-86,2.275,-83,1.896,-81,2.552,-85,3.165,-90,3.137,-86,0.314387,0.413511,-0.282404,0.206189,0.411345,-0.30872,0.230847,0.411768,-0.416664,0.338834,0.412166,-0.390384
376,376,1541175593,2.4530000000000003,-84,2.72,-84,2.458,-84,2.2840000000000003,-83,1.891,-81,2.5380000000000003,-85,3.165,-90,3.216,-84,0.323874,0.413111,-0.279052,0.215746,0.411466,-0.307443,0.241644,0.411893,-0.415012,0.349547,0.412155,-0.387284
377,377,1541175593,2.439,-84,2.734,-84,2.463,-84,2.266,-83,1.858,-81,2.547,-84,3.338,-90,3.165,-85,0.33276300000000003,0.413213,-0.276285,0.224539,0.411586,-0.305684,0.252436,0.411956,-0.413694,0.359574,0.412251,-0.384271
378,378,1541175593,2.467,-85,2.786,-84,2.439,-84,2.28,-85,1.844,0,2.552,-85,3.3280000000000003,-92,3.221,-84,0.34115100000000004,0.4132,-0.273589,0.233835,0.411548,-0.303838,0.262648,0.411783,-0.411386,0.369505,0.412199,-0.381076
379,379,1541175593,2.439,-85,2.729,-84,2.4530000000000003,-85,2.261,-84,1.882,-81,2.524,-85,3.342,-87,3.184,-85,0.349625,0.413223,-0.270405,0.242596,0.41158,-0.302066,0.273055,0.411976,-0.409294,0.379212,0.412413,-0.377739
380,380,1541175593,2.439,-85,2.757,-84,2.481,-85,2.266,-83,1.863,-81,2.542,-85,3.305,-87,3.188,-85,0.35737800000000003,0.413632,-0.267313,0.250745,0.41148,-0.300717,0.282627,0.411762,-0.407188,0.388542,0.412346,-0.374272
381,381,1541175594,2.42,-85,2.818,-84,2.458,-85,2.27,-82,1.853,-81,2.524,-86,3.319,-88,3.24,-84,0.364858,0.413337,-0.263716,0.258909,0.411628,-0.300191,0.294,0.4118979999999999,-0.405384,0.398711,0.412211,-0.369243
382,382,1541175594,2.42,-85,2.79,-84,2.477,-85,2.27,-82,1.863,-81,2.509,-84,3.305,-87,3.221,-84,0.372461,0.413409,-0.258915,0.267844,0.4114640000000001,-0.298654,0.306331,0.411904,-0.403799,0.409536,0.412011,-0.363535
383,383,1541175594,2.439,-84,2.837,-86,2.467,-86,2.266,-82,1.863,-81,2.533,-86,3.342,-90,3.216,-86,0.379907,0.413646,-0.254264,0.276771,0.411669,-0.29745,0.318125,0.412149,-0.401278,0.420395,0.41211,-0.357994
384,384,1541175594,2.406,-84,2.837,-85,2.486,-87,2.252,-82,1.821,-81,2.533,-84,3.338,-87,3.207,-84,0.388262,0.413181,-0.249562,0.285508,0.411897,-0.294843,0.32929200000000003,0.412038,-0.397266,0.4306180000000001,0.41216,-0.351986
385,385,1541175594,2.411,-85,2.832,-85,2.472,-85,2.28,-83,1.821,-81,2.524,-85,3.3280000000000003,-88,3.216,-84,0.394821,0.413178,-0.2446692,0.29362059999999995,0.41195,-0.2924858,0.33976940000000005,0.41216260000000005,-0.3937246,0.4399708000000001,0.4119874,-0.3458756
386,386,1541175594,2.397,-84,2.865,-85,2.467,-85,2.266,-82,1.84,-81,2.509,-85,3.342,-88,3.198,-85,0.40138,0.413175,-0.2397764,0.30173320000000003,0.412003,-0.2901286,0.3502468,0.4122872,-0.3901832000000001,0.4493236000000001,0.41181480000000004,-0.3397652
387,387,1541175594,2.402,-84,2.832,-84,2.458,-87,2.275,-84,1.807,-82,2.524,-85,3.357,-88,3.235,-86,0.407939,0.4131719999999999,-0.2348836,0.3098458000000001,0.4120559999999999,-0.2877714,0.3607242,0.4124118,-0.3866418000000001,0.4586764,0.4116422,-0.3336548
388,388,1541175594,2.383,-83,2.865,-87,2.495,-89,2.27,-84,1.835,-81,2.5,-84,3.403,-90,3.24,-85,0.4144979999999999,0.4131689999999999,-0.2299908,0.3179584000000001,0.4121089999999999,-0.28541419999999995,0.3712015999999999,0.4125363999999999,-0.3831004000000001,0.4680292,0.4114696,-0.3275444
389,389,1541175594,2.388,-84,2.8510000000000004,-84,2.411,-86,2.247,-82,1.784,-81,2.495,-84,3.432,-88,3.24,-84,0.421057,0.413166,-0.225098,0.326071,0.412162,-0.283057,0.381679,0.412661,-0.379559,0.477382,0.411297,-0.321434
390,390,1541175594,2.392,-84,2.883,-85,2.444,-86,2.261,-82,1.76,-81,2.495,-85,3.483,-89,3.2260000000000004,-84,0.4237516666666665,0.4129151666666666,-0.22303166666666666,0.3295666666666667,0.4120955,-0.28211433333333336,0.386402,0.4123905,-0.3779506666666667,0.4812486666666666,0.41102916666666667,-0.31867399999999996
391,391,1541175594,2.388,-84,2.893,-84,2.411,-87,2.237,-82,1.756,-81,2.519,-85,2.8,-89,3.249,-84,0.4264463333333333,0.4126643333333333,-0.22096533333333326,0.3330623333333333,0.412029,-0.2811716666666667,0.3911250000000001,0.4121199999999999,-0.3763423333333334,0.4851153333333333,0.4107613333333333,-0.31591400000000003
392,392,1541175594,2.416,-84,2.879,-83,2.467,-88,2.233,-83,1.746,-82,2.519,-87,2.888,-92,3.259,-84,0.429141,0.41241350000000004,-0.218899,0.33655799999999997,0.4119625,-0.2802290000000001,0.3958480000000001,0.4118494999999999,-0.3747340000000001,0.48898199999999997,0.4104935,-0.31315400000000004
393,393,1541175594,2.416,-86,2.893,-83,2.448,-88,2.256,-83,1.7180000000000002,-83,2.524,-87,2.869,-91,3.235,-86,0.4318356666666667,0.4121626666666667,-0.21683266666666665,0.3400536666666667,0.411896,-0.2792863333333334,0.4005710000000001,0.4115789999999999,-0.3731256666666667,0.4928486666666667,0.4102256666666666,-0.3103940000000001
394,394,1541175594,2.392,-85,2.893,-83,2.4530000000000003,-87,2.228,-82,1.704,-82,2.514,-86,2.907,-87,3.259,-84,0.43453033333333335,0.41191183333333337,-0.2147663333333333,0.3435493333333334,0.4118295000000001,-0.2783436666666668,0.40529400000000015,0.4113084999999999,-0.3715173333333334,0.4967153333333334,0.4099578333333333,-0.3076340000000001
395,395,1541175594,2.397,-84,2.902,-84,2.458,-86,2.2,-82,1.741,-82,2.467,-85,2.93,-87,3.259,-83,0.437225,0.411661,-0.2127,0.347045,0.411763,-0.277401,0.410017,0.411038,-0.369909,0.500582,0.40969,-0.304874
396,396,1541175594,2.392,-84,2.9160000000000004,-84,2.458,-88,2.181,-82,1.671,-82,2.486,-85,2.949,-87,3.254,-84,0.4389183333333333,0.41192016666666653,-0.212071,0.34892,0.41181666666666666,-0.2773393333333333,0.4124183333333333,0.4109985,-0.36955716666666666,0.5026520000000001,0.40964216666666653,-0.3039018333333333
397,397,1541175594,2.402,-84,2.893,-83,2.481,-90,2.214,-84,1.69,-83,2.472,-86,3.0010000000000003,-89,3.254,-85,0.4406116666666666,0.4121793333333333,-0.211442,0.35079499999999997,0.4118703333333333,-0.27727766666666664,0.41481966666666653,0.4109590000000001,-0.3692053333333333,0.504722,0.4095943333333333,-0.30292966666666665
398,398,1541175594,2.43,-85,2.954,-84,2.439,-86,2.195,-82,1.676,-82,2.486,-86,3.024,-88,3.249,-84,0.442305,0.4124385,-0.21081300000000006,0.35267000000000004,0.41192399999999996,-0.277216,0.417221,0.4109195000000001,-0.3688535,0.506792,0.4095465,-0.3019575
399,399,1541175594,2.411,-83,2.926,-83,2.5,-88,2.158,-82,1.69,-82,2.467,-85,3.005,-88,3.273,-84,0.4439983333333333,0.4126976666666667,-0.21018400000000004,0.35454500000000005,0.4119776666666667,-0.2771543333333333,0.4196223333333333,0.4108800000000001,-0.36850166666666667,0.508862,0.4094986666666667,-0.3009853333333333
400,400,1541175594,2.42,-83,2.935,-83,2.495,-90,2.139,-82,1.662,-81,2.472,-86,3.0660000000000003,-87,3.259,-83,0.4456916666666666,0.41295683333333344,-0.20955500000000005,0.3564200000000001,0.41203133333333336,-0.2770926666666666,0.4220236666666666,0.41084050000000016,-0.3681498333333333,0.5109319999999999,0.40945083333333343,-0.30001316666666666
401,401,1541175595,2.402,-84,2.9160000000000004,-83,2.556,-90,2.144,-82,1.662,-81,2.463,-86,3.08,-86,3.273,-83,0.447385,0.413216,-0.20892600000000006,0.358295,0.412085,-0.277031,0.424425,0.410801,-0.367798,0.5130020000000001,0.409403,-0.299041
402,402,1541175595,2.406,-84,2.94,-83,2.556,-89,2.12,-83,1.671,-81,2.505,-85,3.076,-89,3.273,-84,0.4547528571428572,0.41333142857142857,-0.1967098571428572,0.369719,0.4119521428571429,-0.26854799999999995,0.4396017142857143,0.4106977142857143,-0.3552795714285714,0.5241294285714286,0.4096238571428572,-0.28297242857142857
403,403,1541175595,2.42,-83,2.907,-83,2.542,-87,2.115,-82,1.652,-81,2.495,-86,3.109,-86,3.249,-84,0.4621207142857143,0.4134468571428572,-0.1844937142857143,0.381143,0.4118192857142857,-0.26006499999999994,0.4547784285714285,0.41059442857142864,-0.3427611428571428,0.5352568571428572,0.4098447142857143,-0.26690385714285714
404,404,1541175595,2.444,-83,2.954,-83,2.589,-88,2.115,-82,1.6569999999999998,-81,2.4530000000000003,-87,3.137,-86,3.263,-84,0.4694885714285715,0.41356228571428577,-0.17227757142857142,0.392567,0.41168642857142856,-0.2515819999999999,0.4699551428571428,0.4104911428571429,-0.3302427142857142,0.5463842857142858,0.4100655714285714,-0.2508352857142857
405,405,1541175595,2.402,-83,2.963,-83,2.584,-89,2.083,-82,1.61,-81,2.472,-86,3.132,-85,3.263,-83,0.4768564285714286,0.4136777142857144,-0.16006142857142855,0.4039909999999999,0.4115535714285714,-0.24309899999999995,0.485131857142857,0.4103878571428573,-0.3177242857142856,0.5575117142857143,0.41028642857142855,-0.2347667142857143
406,406,1541175595,2.434,-83,2.954,-83,2.617,-87,2.083,-82,1.634,-81,2.477,-86,3.174,-86,3.254,-85,0.4842242857142858,0.41379314285714297,-0.14784528571428568,0.4154149999999999,0.4114207142857143,-0.23461599999999996,0.5003085714285713,0.4102845714285716,-0.30520585714285703,0.5686391428571429,0.4105072857142857,-0.21869814285714284
407,407,1541175595,2.439,-83,2.968,-83,2.664,-87,2.083,-83,1.662,-81,2.481,-86,3.184,-87,3.259,-86,0.4915921428571429,0.4139085714285716,-0.1356291428571428,0.4268389999999999,0.4112878571428571,-0.22613299999999995,0.5154852857142856,0.41018128571428586,-0.29268742857142843,0.5797665714285715,0.4107281428571428,-0.2026295714285714
408,408,1541175595,2.463,-84,2.954,-84,2.664,-88,2.079,-83,1.624,-81,2.495,-86,3.184,-85,3.2310000000000003,-84,0.49896,0.414024,-0.123413,0.438263,0.411155,-0.21765,0.530662,0.410078,-0.280169,0.5908939999999999,0.410949,-0.186561
409,409,1541175595,2.448,-84,2.959,-83,2.696,-90,2.06,-83,1.577,-81,2.495,-87,3.193,-85,3.249,-84,0.0,0.0,0.0,0.0,0.0,0.0,0.0,0.0,0.0,0.0,0.0,0.0
410,410,1541175595,2.416,-84,2.977,-83,2.715,-87,2.036,-83,1.582,-81,2.495,-85,3.212,-84,3.221,-84,0.0,0.0,0.0,0.0,0.0,0.0,0.0,0.0,0.0,0.0,0.0,0.0
